Per-channel mean values:
[7.26983899e-07 1.18465789e-06 1.34498202e-06 6.47085301e-07
 6.44448335e-07 4.75560768e-07 1.28175134e-06 1.05294271e-06
 1.14000750e-06 2.30854153e-06 2.24671362e-06 2.00319687e-06
 1.65958193e-06 5.51679341e-06 8.19520210e-06 4.26632459e-06
 1.83110387e-06 1.49129357e-06 2.25239683e-06 2.44977605e-06
 4.28600015e-06 3.26922532e-06 2.40779514e-06 4.64714640e-06
 1.82138012e-06 2.01447961e-06 1.73326418e-06 2.33256856e-06
 1.32416028e-06 1.56409135e-06 1.90051753e-06 3.84929854e-06
 3.58708166e-06 2.11230918e-06 3.46212641e-06 6.56039037e-06
 2.81622670e-06 2.57619831e-06 2.33344781e-06 3.24603820e-06
 2.40510440e-06 3.97632948e-06 2.44038119e-06 1.50644519e-06
 2.39617088e-06 2.59878470e-06 2.52656014e-06 3.96584892e-06
 3.19032279e-06 1.32156003e-06 2.01263060e-06 1.81714859e-06
 1.01095350e-06 6.69479334e-07 1.17813579e-06 1.05956792e-06
 8.63276455e-07 1.17014895e-06 1.38582175e-06 1.23090786e-06
 1.10955682e-06 9.71608301e-07 3.77841297e-06 3.14734075e-06
 2.19211415e-06 1.41293640e-06 2.56277963e-06 3.43565807e-06
 1.94723339e-06 1.52452185e-06 1.88737158e-06 1.76618414e-06
 1.37809093e-06 1.15812429e-06 1.55890041e-06 2.69131124e-06
 1.51435268e-06 1.82744498e-06 1.36142251e-06 2.08853749e-06
 4.01183524e-06 3.29733098e-06 4.54426618e-06 4.41762086e-06
 4.21431287e-06 3.55059342e-06 4.90450702e-06 7.65893037e-06
 7.34545620e-06 2.81421239e-06 3.78948812e-06 2.80928111e-06
 6.31466310e-06 5.90723403e-06 3.20646814e-06 4.52413178e-06
 4.62394974e-06 4.66092479e-06 2.67424571e-06 3.87258888e-06
 4.19201979e-06 4.27826899e-06 6.12462873e-06 4.22661878e-06
 4.53887742e-06 5.12840734e-06 8.30226145e-06 8.98008602e-06
 4.19403023e-06 3.27254838e-06 5.97588951e-06 1.06511616e-05
 8.23103710e-06 8.86808903e-06 9.04586705e-06 1.08991926e-05
 9.40570044e-06 1.26392915e-05 7.78555477e-06 4.13603857e-06
 5.24438337e-06 3.70384191e-06 4.21707136e-06 4.94416781e-06
 3.60479203e-06 4.71200792e-06 9.43130453e-06 4.44906391e-06
 5.08529592e-06 4.52110999e-06 3.30544390e-06 1.89577770e-06
 1.60401180e-06 3.55044244e-06 2.44714829e-06 3.01336422e-06
 7.27007637e-06 2.83079498e-06 7.75921490e-06 8.72685359e-06
 4.28713383e-06 2.82511132e-06 1.93595179e-06 1.06588959e-05
 2.02387605e-06 4.24681775e-06 1.55789530e-05 3.89886600e-06
 3.55000429e-06 2.29057241e-06 4.40911163e-06 4.49791742e-06
 2.95237078e-06 4.42510873e-06 3.22596793e-06 1.37227164e-06
 1.61238802e-06 2.56162616e-06 2.35612129e-06 1.72869068e-06
 1.42941406e-06 1.91229879e-06 1.69875693e-06 1.73527133e-06
 8.48558386e-07 7.62094430e-07 1.01656462e-06 5.11876578e-07
 3.63107603e-07 4.39537104e-07 6.48427942e-07 3.14507275e-07
 4.57677601e-07 2.24101882e-07 4.13130209e-07 3.11543289e-07
 3.74560472e-07 4.18091219e-07 3.96637802e-07 4.78002733e-07
 4.58151590e-07 3.85605034e-07 3.77938335e-07 5.65376070e-07
 1.29244961e-06 1.07752476e-06 7.98877693e-07 4.84342365e-07
 5.24548227e-07 5.26420479e-07 1.10011285e-06 6.25922496e-07
 4.13534423e-07 4.67226386e-07 9.49910373e-07 1.24927749e-06
 9.52627204e-07 1.10192616e-06 1.12062696e-06 1.38770292e-06
 2.19494382e-06 2.73530600e-06 2.90686762e-06 2.32274692e-06
 1.53630447e-06 2.37558675e-06 1.09367465e-06 1.89838931e-06
 2.20300444e-06 6.52879237e-07 5.94050505e-07 4.54134806e-07
 4.74479833e-07 3.09409387e-07 1.02260901e-06 4.68728331e-07
 1.66020754e-07 1.57308591e-07 4.66733894e-07 2.73746707e-07
 2.78343322e-07 9.19161494e-08 1.02421637e-07 7.62428840e-08]
[1.22811696e-06 1.28280533e-06 1.84829685e-06 1.17693560e-06
 1.45487536e-06 1.37890720e-06 1.49900541e-06 1.64829999e-06
 2.22594690e-06 3.99222881e-06 5.29503950e-06 3.37942402e-06
 3.08881135e-06 3.59349656e-06 4.83820759e-06 4.06238860e-06
 2.62018716e-06 1.60285526e-06 5.43013130e-06 3.38841642e-06
 6.52316157e-06 5.18539809e-06 3.29661202e-06 5.42229236e-06
 3.94821609e-06 4.47562024e-06 3.08188305e-06 2.77391609e-06
 3.37622237e-06 3.14929457e-06 4.34286312e-06 3.75694185e-06
 4.39970745e-06 5.49561446e-06 3.21124185e-06 7.17562580e-06
 3.56911005e-06 5.85212410e-06 9.59257886e-06 9.11147890e-06
 5.18547495e-06 3.63973709e-06 2.13885414e-06 2.12275313e-06
 1.41948840e-06 3.15572947e-06 5.55246106e-06 9.39403526e-06
 7.16211571e-06 3.04665264e-06 3.03677893e-06 2.28362569e-06
 1.98734983e-06 1.72089028e-06 2.00600221e-06 1.55369992e-06
 1.54312272e-06 1.34205368e-06 2.05018387e-06 2.73441401e-06
 1.57726811e-06 2.51660344e-06 2.63812763e-06 5.05086609e-06
 3.07520645e-06 3.65431401e-06 2.18804212e-06 2.66223492e-06
 2.95440918e-06 1.85381271e-06 3.48703975e-06 1.88870592e-06
 1.42505348e-06 3.42725502e-06 2.15702244e-06 2.69809721e-06
 3.07388086e-06 1.47651997e-06 4.29352212e-06 9.44195563e-06
 4.02051728e-06 5.70464772e-06 4.63773131e-06 4.27646955e-06
 6.22739617e-06 1.18609896e-05 6.73133718e-06 1.12941088e-05
 6.70369764e-06 6.33277386e-06 6.77388152e-06 7.97674147e-06
 7.35927233e-06 2.98477630e-06 4.46963668e-06 1.17358759e-05
 1.19687975e-05 5.19183595e-06 1.24646222e-05 1.36679018e-05
 1.06985462e-05 5.85086900e-06 6.85795521e-06 1.06203724e-05
 7.29106387e-06 7.79877428e-06 7.00668716e-06 1.92224670e-05
 7.21272590e-06 7.29670137e-06 1.15331832e-05 1.98624712e-05
 2.21275459e-05 2.04069747e-05 1.58614403e-05 2.12404848e-05
 1.41429309e-05 1.99919978e-05 1.40312623e-05 1.59117189e-05
 9.27860583e-06 8.03914281e-06 8.10391157e-06 6.04686511e-06
 9.77362652e-06 6.44694819e-06 6.47928255e-06 6.65549851e-06
 6.22329389e-06 5.84150803e-06 6.05565765e-06 5.13473651e-06
 3.48677236e-06 2.90976118e-06 3.32240757e-06 4.13594171e-06
 5.51455196e-06 6.02799446e-06 8.47539377e-06 1.89072580e-05
 1.47100627e-05 5.38981112e-06 3.08241360e-05 3.66947006e-06
 2.16959484e-06 1.17486279e-05 7.40958922e-06 8.65919446e-06
 1.82047961e-06 3.17680247e-06 6.38847769e-06 9.62342710e-06
 7.57490989e-06 6.22110974e-06 9.44550993e-06 1.18602375e-05
 5.04000081e-06 6.83632743e-06 3.29661975e-06 4.98391773e-06
 5.01225804e-06 4.49752815e-06 2.06478353e-06 2.22790527e-06
 1.44940759e-06 1.16189960e-06 1.40999930e-06 1.21789037e-06
 6.65465450e-07 1.04438516e-06 1.03226932e-06 8.22956736e-07
 4.58043218e-07 3.48585417e-07 3.41780378e-07 4.57530774e-07
 6.28715668e-07 4.16411837e-07 3.31103791e-07 7.20295873e-07
 4.08180341e-07 7.69685187e-07 7.57660189e-07 1.52759628e-06
 7.16719853e-07 9.34788034e-07 7.02629961e-07 6.87673435e-07
 6.41419717e-07 8.00448163e-07 8.30143961e-07 1.24409689e-06
 1.64554228e-06 1.35471544e-06 1.27183409e-06 2.00695604e-06
 1.50014660e-06 1.70048281e-06 2.27616670e-06 3.49377501e-06
 5.60989793e-06 3.52892152e-06 3.14417525e-06 2.00194677e-06
 2.31405852e-06 2.95954101e-06 2.58694672e-06 2.52384348e-06
 2.33346123e-06 1.43833347e-06 1.07781295e-06 1.44417754e-06
 7.37444395e-07 7.69383348e-07 6.82689688e-07 5.27924612e-07
 5.91900800e-07 2.46898196e-07 1.07532924e-06 2.34279995e-07
 2.90951533e-07 1.69074454e-07 1.64920721e-07 1.09749998e-07]
[1.28141164e-06 2.08281494e-06 5.22609162e-06 1.97063787e-06
 1.23896677e-06 2.21726373e-06 1.96691803e-06 2.50733115e-06
 3.75115360e-06 4.41496695e-06 4.38520374e-06 5.32984131e-06
 3.27039743e-06 4.38625148e-06 4.35086031e-06 9.36960623e-06
 3.67302437e-06 8.02620070e-06 9.96903418e-06 6.18690092e-06
 1.06054504e-05 1.58118037e-05 8.97025438e-06 6.97140922e-06
 4.05199035e-06 2.58201112e-06 3.01946079e-06 6.03996932e-06
 4.26926908e-06 2.96047369e-06 3.47461355e-06 4.94979031e-06
 7.83136693e-06 8.95966605e-06 1.14827189e-05 7.81917788e-06
 3.61903562e-06 7.62280479e-06 4.48578157e-06 3.78545087e-06
 6.56245311e-06 6.58450654e-06 4.90030698e-06 7.76000070e-06
 6.81100801e-06 8.97539394e-06 5.77455148e-06 7.83311680e-06
 5.61536717e-06 3.08285144e-06 2.00090221e-06 3.35834670e-06
 2.16624790e-06 2.10459189e-06 1.35067364e-06 2.33262085e-06
 1.51177949e-06 1.40164150e-06 1.82349834e-06 4.35909715e-06
 2.26645352e-06 3.17207218e-06 4.05685705e-06 2.97570182e-06
 2.52694099e-06 4.02980368e-06 3.50406413e-06 4.08714413e-06
 2.62746016e-06 1.90217781e-06 2.88836350e-06 3.10376049e-06
 3.03787215e-06 2.58618184e-06 5.03620731e-06 4.84251086e-06
 4.96717212e-06 2.97846509e-06 8.38835240e-06 5.86594388e-06
 1.15047405e-05 7.39032794e-06 9.57387510e-06 1.34188786e-05
 7.96909717e-06 6.05230844e-06 7.19999662e-06 8.52962785e-06
 4.98450800e-06 4.74320086e-06 9.02278771e-06 7.00776627e-06
 8.00517319e-06 4.59621606e-06 1.08563063e-05 7.13110921e-06
 6.59542502e-06 1.07096212e-05 1.07788119e-05 1.96274941e-05
 2.32700168e-05 1.03795819e-05 7.94790321e-06 5.93369577e-06
 1.57211307e-05 1.32074465e-05 8.81144024e-06 1.47368110e-05
 1.05794506e-05 1.10799301e-05 2.28459976e-05 1.67219441e-05
 2.46162526e-05 1.30184644e-05 1.81739615e-05 2.38175908e-05
 1.89576949e-05 1.28442771e-05 1.99687111e-05 1.00985917e-05
 5.74165324e-06 8.68435563e-06 1.39689173e-05 8.78709307e-06
 6.33772288e-06 8.88560953e-06 1.14203986e-05 8.83655503e-06
 5.49184324e-06 5.92792412e-06 5.56559417e-06 6.36546747e-06
 2.56475869e-06 3.21884477e-06 3.86299735e-06 3.46549859e-06
 4.48005676e-06 6.95578456e-06 5.47468289e-06 6.98466692e-06
 9.31128034e-06 5.46484853e-06 7.50642312e-06 1.17721856e-05
 5.46377532e-06 1.22505671e-05 1.57472150e-05 8.93465312e-06
 8.82796030e-06 4.94884853e-06 1.21993144e-05 7.95387314e-06
 8.53427991e-06 1.03294742e-05 1.87035384e-05 7.54133498e-06
 3.44919931e-06 6.21899062e-06 3.12460270e-06 2.12040345e-06
 3.26727218e-06 1.87997864e-06 4.61484478e-06 2.56056887e-06
 1.61744777e-06 1.30367710e-06 1.11449629e-06 1.52057248e-06
 8.94686252e-07 1.15558078e-06 1.02149090e-06 7.39306927e-07
 7.76619515e-07 4.29969447e-07 6.61397110e-07 5.70339864e-07
 6.63357696e-07 6.37820619e-07 8.36088475e-07 7.35552021e-07
 5.39439327e-07 5.96599932e-07 2.58688192e-06 1.25511326e-06
 2.15900013e-06 9.63978437e-07 6.25978032e-07 6.70886891e-07
 4.27597570e-07 1.06123309e-06 8.61459796e-07 1.36578910e-06
 8.73392310e-07 1.17797242e-06 2.33417154e-06 2.17581442e-06
 3.22333722e-06 2.49915092e-06 2.49681489e-06 3.29993850e-06
 4.75833031e-06 2.39500719e-06 4.19401294e-06 3.30759553e-06
 4.40104304e-06 3.01768091e-06 1.97451595e-06 5.93600953e-06
 2.64637424e-06 2.28305726e-06 1.16573233e-06 1.10674728e-06
 9.47480828e-07 8.12279438e-07 9.33768376e-07 5.51259120e-07
 4.19016402e-07 3.46956085e-07 7.51780874e-07 1.72658122e-06
 5.57253315e-07 1.83019040e-07 2.65171451e-07 1.00612702e-07]
[1.03457978e-06 6.03534488e-07 1.29296711e-06 1.91056074e-06
 8.30898159e-07 1.03657624e-06 3.57388740e-06 2.25293866e-06
 2.60268757e-06 3.02858894e-06 4.43106137e-06 3.37261804e-06
 2.81037296e-06 3.97131271e-06 4.22015091e-06 8.28609245e-06
 4.92250592e-06 7.17422836e-06 6.62945376e-06 7.23469384e-06
 3.83703855e-06 3.89236811e-06 4.83617896e-06 4.68512462e-06
 6.39072141e-06 5.75105742e-06 3.85898466e-06 5.67654433e-06
 3.00126908e-06 3.00672423e-06 3.57990484e-06 9.02940246e-06
 1.08305148e-05 4.12972258e-06 6.43815656e-06 2.84076868e-05
 4.91553510e-06 4.16564808e-06 1.85041438e-06 3.98662041e-06
 4.09323638e-06 4.05643550e-06 5.80078813e-06 8.84424844e-06
 6.70830786e-06 8.16837746e-06 5.19182640e-06 7.53204813e-06
 5.16068894e-06 3.88173294e-06 2.26611178e-06 2.31364243e-06
 2.26343695e-06 1.13642534e-06 1.80776317e-06 2.96659437e-06
 2.15093746e-06 2.09877521e-06 2.40944178e-06 3.35026493e-06
 1.99703913e-06 1.64276480e-06 2.86140380e-06 5.41596273e-06
 3.15714146e-06 4.18560967e-06 4.04947650e-06 2.73979367e-06
 3.02180410e-06 2.38069060e-06 3.38478935e-06 2.87744319e-06
 2.58474461e-06 1.80715722e-06 4.27422901e-06 5.04569653e-06
 2.78733023e-06 1.67719747e-06 4.06688878e-06 7.22335608e-06
 6.62174398e-06 5.47486479e-06 8.24119979e-06 1.02378099e-05
 7.02002399e-06 6.76385889e-06 6.58920317e-06 6.44098736e-06
 4.63440983e-06 5.57750536e-06 1.32408195e-05 9.94541642e-06
 5.97606640e-06 6.71039925e-06 1.59395768e-05 1.03333732e-05
 1.62708257e-05 1.21643388e-05 1.20250616e-05 2.33642932e-05
 8.56525276e-06 5.99047917e-06 9.64005358e-06 1.47165119e-05
 1.44734686e-05 7.11827852e-06 2.03051695e-05 1.81497944e-05
 1.55275320e-05 7.78772119e-06 2.16019125e-05 1.60288746e-05
 2.96585004e-05 1.32062933e-05 1.65054516e-05 1.74967954e-05
 1.08794602e-05 1.14711647e-05 1.51220129e-05 1.11735317e-05
 1.64765370e-05 6.76135323e-06 8.74653688e-06 1.12847820e-05
 7.18727824e-06 7.87213594e-06 5.83070732e-06 1.29778091e-05
 7.42218981e-06 7.05337106e-06 6.93718857e-06 6.35575771e-06
 5.98199586e-06 4.07295965e-06 3.54372128e-06 3.47180253e-06
 1.62794970e-06 3.71108308e-06 2.56160820e-06 5.28871351e-06
 4.71221938e-06 4.08012602e-06 1.09205075e-05 5.12968336e-06
 8.73248155e-06 3.53058635e-06 5.79226298e-06 9.22833624e-06
 4.07505013e-06 3.77882020e-06 1.10168448e-05 1.08530367e-05
 1.01852793e-05 8.14285886e-06 9.71735153e-06 6.95754943e-06
 5.61876732e-06 3.22868868e-06 2.70666169e-06 3.52955885e-06
 2.24406699e-06 3.37503639e-06 4.68983808e-06 2.96549661e-06
 1.70427586e-06 1.29976604e-06 8.29963028e-07 9.87117346e-07
 1.48509389e-06 1.28676936e-06 1.13346562e-06 8.00027976e-07
 5.99845009e-07 6.43454598e-07 5.91272510e-07 6.90967681e-07
 6.52914878e-07 9.81241897e-07 6.32244564e-07 8.79454092e-07
 1.13725696e-06 8.90389458e-07 1.18656374e-06 1.06258847e-06
 8.04594720e-07 7.89459421e-07 1.14384818e-06 6.03387434e-07
 9.00901568e-07 7.62237676e-07 1.02553633e-06 1.29206467e-06
 1.13368151e-06 1.25268798e-06 1.56537260e-06 1.55614123e-06
 1.92762059e-06 1.47282651e-06 2.62000253e-06 4.23010670e-06
 2.75134516e-06 5.50001278e-06 4.65854055e-06 2.75334537e-06
 1.48292804e-06 1.13505041e-06 4.22646963e-06 2.64621576e-06
 2.64835376e-06 1.75131765e-06 1.25876056e-06 2.17022830e-06
 6.85198700e-07 7.59116574e-07 1.07386575e-06 6.68524820e-07
 9.22474271e-07 3.41935078e-07 9.40526888e-07 5.27701047e-07
 4.40284566e-07 2.24184745e-07 1.39571128e-07 8.13311161e-08]
[4.59714016e-07 1.16329647e-06 1.27352325e-06 2.05412539e-06
 1.88831052e-06 9.24069354e-07 1.36515337e-06 1.50470578e-06
 9.04187971e-07 2.19539743e-06 2.91425749e-06 4.31714398e-06
 1.96705764e-06 2.59428998e-06 4.90193270e-06 4.66278243e-06
 4.39745963e-06 2.92878372e-06 5.07214963e-06 3.09175289e-06
 3.96658788e-06 2.91879883e-06 2.35552488e-06 3.12948941e-06
 3.77611718e-06 2.01626449e-06 2.59295484e-06 3.54998883e-06
 3.20889308e-06 3.34906417e-06 6.61318381e-06 7.01150566e-06
 2.46728428e-06 4.54515248e-06 3.65720848e-06 5.60628405e-06
 3.41405917e-06 3.69756890e-06 6.88039472e-06 2.38410257e-06
 3.79034645e-06 2.10376425e-06 6.50806896e-06 2.97670158e-06
 3.81559039e-06 2.18558148e-06 2.42498550e-06 3.44661657e-06
 2.91022639e-06 2.61958303e-06 1.42908311e-06 1.72881846e-06
 1.47181390e-06 8.64994320e-07 1.35580797e-06 2.96568578e-06
 1.43433283e-06 2.61920445e-06 2.33219839e-06 3.65420669e-06
 2.27427768e-06 2.18968762e-06 3.39752592e-06 3.06438596e-06
 2.49944947e-06 1.37583436e-06 2.02990964e-06 3.65474170e-06
 1.84718999e-06 1.20890638e-06 1.65376878e-06 2.09818336e-06
 1.60327579e-06 2.77131039e-06 4.32434035e-06 4.64022105e-06
 3.38006907e-06 4.72734291e-06 3.78393656e-06 5.92810693e-06
 5.95264873e-06 6.06013191e-06 7.50214485e-06 5.11720600e-06
 6.62063167e-06 7.03296837e-06 5.44457862e-06 5.11961889e-06
 6.09522658e-06 9.82527581e-06 4.06668960e-06 5.78571280e-06
 5.83449219e-06 6.95140398e-06 8.20215428e-06 1.25532752e-05
 6.59532589e-06 1.04239834e-05 8.22293532e-06 4.94280948e-06
 5.54357030e-06 9.27644669e-06 1.77533402e-05 1.38536634e-05
 7.22484765e-06 6.94620621e-06 1.03482598e-05 1.26978657e-05
 9.15041164e-06 1.03684215e-05 9.30219448e-06 9.13306576e-06
 2.70733017e-05 1.60502987e-05 1.78313130e-05 1.70682852e-05
 1.37616853e-05 1.06538610e-05 1.65852452e-05 1.37534698e-05
 8.29472447e-06 5.97991902e-06 6.90478691e-06 1.12212247e-05
 9.83515656e-06 9.03079217e-06 4.71481144e-06 5.31184514e-06
 5.46796355e-06 3.31325714e-06 3.73671992e-06 3.99182454e-06
 4.59127796e-06 2.61766831e-06 3.90132436e-06 3.98376005e-06
 2.40331406e-06 2.75749881e-06 2.75804700e-06 1.92026869e-06
 4.49903337e-06 2.93732705e-06 4.61951504e-06 5.82251960e-06
 3.30451689e-06 7.24758456e-06 3.89105617e-06 3.33670209e-06
 3.88738499e-06 3.85313933e-06 4.22559197e-06 3.95389225e-06
 3.88039689e-06 3.58579814e-06 4.60549245e-06 6.33331911e-06
 4.98380541e-06 3.46202955e-06 4.21445475e-06 2.52755103e-06
 2.09571635e-06 2.64420419e-06 3.38852806e-06 1.63610957e-06
 2.18729997e-06 7.92407945e-07 9.57670977e-07 1.31905063e-06
 9.57590032e-07 7.67226254e-07 9.99965664e-07 7.95256994e-07
 6.80005542e-07 4.29934289e-07 1.38536109e-06 1.03188165e-06
 5.31534795e-07 3.48781214e-07 6.65048731e-07 8.12369763e-07
 5.80169910e-07 1.10002259e-06 6.16925320e-07 5.59243574e-07
 6.13353279e-07 7.52796041e-07 7.82950167e-07 8.16062823e-07
 6.19952573e-07 3.47090548e-07 4.15289350e-07 5.16048203e-07
 6.23715948e-07 4.57005257e-07 1.27475289e-06 2.26128213e-06
 1.09442340e-06 1.03835907e-06 3.21275115e-06 6.11694168e-06
 3.67980829e-06 2.92069012e-06 1.45537399e-06 2.61624496e-06
 1.99270403e-06 1.35449261e-06 1.14299780e-06 1.97536247e-06
 1.74490685e-06 1.26254065e-06 9.11505083e-07 8.21499441e-07
 8.93654033e-07 4.01975200e-07 3.17612432e-07 3.62794623e-07
 3.89706656e-07 3.83100797e-07 8.04088188e-07 3.95717734e-07
 2.50937234e-07 2.53460854e-07 1.11076218e-07 1.42405312e-07]
[5.5823688e-07 1.2091427e-06 1.9774504e-06 3.8260282e-06 1.4940375e-06
 1.5886171e-06 1.4774390e-06 9.9939007e-07 1.4522208e-06 1.8213236e-06
 2.0990465e-06 3.7979346e-06 2.2529659e-06 1.8777388e-06 4.0880277e-06
 5.1775010e-06 3.0345609e-06 2.2198076e-06 3.3228034e-06 3.6838337e-06
 2.8590900e-06 2.4158505e-06 1.8262273e-06 3.5464025e-06 3.4938330e-06
 3.0916590e-06 2.9501207e-06 2.8801639e-06 3.4251327e-06 6.2079471e-06
 3.9275196e-06 9.4257275e-06 3.3418858e-06 3.5281776e-06 3.3397382e-06
 4.6508253e-06 6.3282419e-06 1.9145066e-06 2.5481615e-06 5.3521667e-06
 3.4001150e-06 2.3937957e-06 3.7862130e-06 4.0596747e-06 1.5159220e-06
 2.6130181e-06 2.8715756e-06 2.4384419e-06 1.6840519e-06 1.0112096e-06
 1.2094553e-06 1.9725508e-06 1.4513013e-06 1.6993746e-06 1.3831582e-06
 1.5929332e-06 1.3053815e-06 9.5940788e-07 2.3017512e-06 2.4877720e-06
 1.9397041e-06 2.5147135e-06 2.4006381e-06 3.0410665e-06 1.8283645e-06
 1.0961132e-06 1.5001582e-06 1.2140091e-06 1.6144146e-06 1.6289874e-06
 2.1963331e-06 1.9357242e-06 2.6152304e-06 1.6873792e-06 4.0186146e-06
 3.1303159e-06 3.3419826e-06 2.1409051e-06 2.8411862e-06 2.2252325e-06
 3.7205343e-06 3.5053311e-06 4.8597576e-06 4.1338194e-06 7.2670337e-06
 7.6935276e-06 8.4709163e-06 7.0022252e-06 7.3379138e-06 6.6222915e-06
 4.2958291e-06 9.4566312e-06 4.8081379e-06 1.0132231e-05 1.1430770e-05
 1.1479885e-05 9.3451645e-06 8.6255795e-06 9.8949722e-06 9.6468220e-06
 1.2338718e-05 1.2587693e-05 1.2597389e-05 1.2238869e-05 5.4771390e-06
 8.1085300e-06 6.8602317e-06 7.0412716e-06 6.9952707e-06 5.8649316e-06
 1.2457655e-05 4.2606527e-05 4.2911550e-05 1.1768345e-05 1.2437999e-05
 7.4413570e-06 7.5730309e-06 1.1563644e-05 1.0110468e-05 1.5713778e-05
 4.9917612e-06 1.1070687e-05 7.7580153e-06 5.2561868e-06 6.9938019e-06
 7.6872157e-06 4.0079944e-06 4.6251721e-06 3.6428692e-06 2.2158677e-06
 4.6724626e-06 1.8303872e-06 2.8365155e-06 2.8408742e-06 3.6695892e-06
 4.8394081e-06 3.9145248e-06 4.4523163e-06 3.8657126e-06 3.5549804e-06
 3.9427482e-06 2.9373659e-06 3.8549551e-06 3.9451552e-06 4.0298396e-06
 3.4935067e-06 3.5251517e-06 4.3654431e-06 3.2451433e-06 2.6982034e-06
 2.0284931e-06 3.7711980e-06 3.5783196e-06 3.0958543e-06 3.4100976e-06
 4.6417413e-06 2.3922837e-06 1.6895184e-06 2.9140767e-06 1.4281819e-06
 2.5325692e-06 1.3558347e-06 1.1291414e-06 1.9971246e-06 1.5912192e-06
 1.0491216e-06 8.6232950e-07 9.4649590e-07 1.3652893e-06 6.7929113e-07
 3.9783774e-07 7.1095673e-07 4.4790110e-07 4.4523713e-07 6.8421917e-07
 6.9078322e-07 4.1701841e-07 4.8885812e-07 4.3917032e-07 5.1916999e-07
 5.1916891e-07 4.6921130e-07 6.2975681e-07 7.9930902e-07 7.3780024e-07
 8.2309430e-07 8.4274035e-07 4.8477716e-07 4.9649310e-07 8.7183616e-07
 4.8757073e-07 6.8968080e-07 6.0003623e-07 7.1335108e-07 7.5267985e-07
 1.2790720e-06 1.0676025e-06 1.4773627e-06 2.7062022e-06 1.4976804e-06
 4.0109849e-06 1.9488907e-06 2.5970576e-06 2.8427567e-06 2.0579052e-06
 1.5849695e-06 1.9154331e-06 2.3873081e-06 1.4434585e-06 1.0911459e-06
 6.2453722e-07 7.4499621e-07 5.3075513e-07 5.1513319e-07 3.4478489e-07
 4.9907612e-07 5.5034303e-07 4.8398419e-07 5.8399263e-07 3.4410678e-07
 3.9134963e-07 4.9716795e-07 2.8816567e-07 7.5933549e-08]
[6.2053658e-07 1.2456317e-06 9.7746749e-07 9.4080787e-07 6.9262802e-07
 7.4916699e-07 1.6303362e-06 1.6370792e-06 1.6519874e-06 2.0783448e-06
 2.7084116e-06 2.5472584e-06 2.6383896e-06 2.8922143e-06 4.0263217e-06
 7.8500316e-06 3.8878038e-06 4.6628925e-06 3.3983695e-06 1.8264501e-06
 3.1446016e-06 1.7217914e-06 4.2287897e-06 2.2996971e-06 3.2044954e-06
 1.8787383e-06 5.3302138e-06 5.6133849e-06 3.5675860e-06 4.9228161e-06
 4.9985906e-06 5.6189770e-06 5.3857652e-06 3.3746835e-06 4.2886481e-06
 3.4323778e-06 6.3704051e-06 2.3530092e-06 2.1586484e-06 3.9922647e-06
 2.4910803e-06 3.9216397e-06 3.4135737e-06 4.2228926e-06 4.6923324e-06
 2.1119615e-06 4.2224747e-06 2.0799100e-06 1.8238874e-06 1.5088693e-06
 1.8077772e-06 2.6452899e-06 1.4509220e-06 1.7006736e-06 2.0063919e-06
 2.4929120e-06 1.7741063e-06 2.9945741e-06 3.8615599e-06 2.3160007e-06
 2.6938876e-06 1.8250645e-06 2.1002677e-06 2.0097496e-06 2.0455270e-06
 1.0850157e-06 1.5951426e-06 1.6939180e-06 2.3235518e-06 1.8784873e-06
 2.4773697e-06 2.7051121e-06 2.8822190e-06 5.4479574e-06 2.0341281e-06
 6.0942716e-06 3.4938619e-06 3.8038804e-06 1.0572915e-05 8.8869920e-06
 6.9080911e-06 4.1604776e-06 7.3572446e-06 6.3966422e-06 7.4654449e-06
 5.9267099e-06 6.4401065e-06 6.4040883e-06 9.6737849e-06 1.0446064e-05
 5.1202373e-06 1.0473515e-05 5.3046447e-06 8.7748313e-06 1.8752375e-05
 1.0980504e-05 8.8381012e-06 1.0538547e-05 1.0366638e-05 3.9089613e-05
 7.5386756e-06 7.2605549e-06 1.6123531e-05 1.2432931e-05 2.2083701e-05
 1.7896135e-05 8.6568261e-06 1.1653851e-05 1.0105917e-05 1.0328178e-05
 1.9892977e-05 1.9563655e-05 3.1339870e-05 1.9459570e-05 2.4834153e-05
 1.7639568e-05 1.2675842e-05 1.5793054e-05 1.9166926e-05 1.9180274e-05
 1.5202825e-05 1.0503861e-05 9.8844803e-06 7.0886622e-06 7.1442369e-06
 5.1245315e-06 6.0304678e-06 5.3199929e-06 6.0699531e-06 2.3918540e-06
 7.6128072e-06 5.7748107e-06 4.0407072e-06 3.5489854e-06 4.7467406e-06
 2.5510344e-06 4.6215760e-06 5.7606467e-06 7.3243014e-06 4.0152577e-06
 3.7143673e-06 2.5035135e-06 4.1848152e-06 2.8370266e-06 2.9530913e-06
 3.6773972e-06 2.4006424e-06 3.1883726e-06 2.1585729e-06 4.7118124e-06
 5.1517950e-06 8.9478999e-06 5.4132724e-06 5.6035860e-06 6.2334834e-06
 5.5377800e-06 4.6283390e-06 2.5440686e-06 3.7910165e-06 4.4471662e-06
 2.0119653e-06 2.1461301e-06 1.3643075e-06 1.3936528e-06 1.0106695e-06
 1.5705995e-06 2.2815150e-06 1.5123628e-06 7.2506094e-07 2.3214106e-06
 1.1480812e-06 1.8395521e-06 5.3178957e-07 7.8413268e-07 9.4846229e-07
 9.7263489e-07 1.4820688e-06 8.4093472e-07 5.6532303e-07 4.6634469e-07
 3.7298082e-07 4.2959070e-07 5.7370903e-07 1.3436437e-06 5.9962269e-07
 8.6029326e-07 7.2486569e-07 6.4440451e-07 5.6523277e-07 4.3085518e-07
 7.3706883e-07 4.3424765e-07 8.6047294e-07 6.7888942e-07 1.3454415e-06
 1.1244050e-06 1.2055613e-06 1.4452935e-06 2.8379411e-06 9.8730959e-07
 3.7180023e-06 1.5647589e-06 1.7243510e-06 1.4719139e-06 2.3194482e-06
 1.9215599e-06 1.2642790e-06 1.2512504e-06 9.8770431e-07 1.2517561e-06
 1.2867639e-06 7.8173554e-07 4.5373744e-07 5.6389229e-07 8.6563415e-07
 3.2467668e-07 2.6830597e-07 3.0406952e-07 4.2085526e-07 4.4270564e-07
 1.7452551e-07 1.6845100e-07 2.2341681e-07 1.3429521e-07]
[6.67831955e-07 9.44634564e-07 1.98562248e-06 1.35191419e-06
 1.04726826e-06 7.85466852e-07 9.97397933e-07 2.10426447e-06
 2.36279743e-06 1.51598476e-06 3.06475317e-06 2.01696639e-06
 3.20184586e-06 4.41075417e-06 8.54700102e-06 5.95365373e-06
 4.69631232e-06 2.30134060e-06 1.44228488e-06 2.98947202e-06
 2.45935166e-06 3.12859061e-06 2.91016863e-06 5.02553485e-06
 5.02035891e-06 4.59501371e-06 3.20106119e-06 3.97808981e-06
 6.17223532e-06 2.12707528e-06 2.52085215e-06 9.42288079e-06
 5.58315696e-06 7.00878309e-06 6.69611291e-06 6.94091750e-06
 4.96418170e-06 1.69208204e-06 2.91024821e-06 3.40867336e-06
 1.38338073e-05 3.36338394e-06 4.92542358e-06 2.52388486e-06
 4.12629197e-06 2.09450491e-06 2.00515478e-06 4.44138323e-06
 3.10527707e-06 2.19776939e-06 2.74420086e-06 2.41356997e-06
 7.58885960e-07 1.11759493e-06 2.25276358e-06 2.75373418e-06
 1.72223292e-06 2.17523939e-06 1.95292182e-06 1.84143425e-06
 3.20237996e-06 2.59876197e-06 2.67761880e-06 2.28153908e-06
 2.00333966e-06 1.52059658e-06 2.99642852e-06 2.44715034e-06
 2.72490365e-06 2.47929393e-06 2.76070386e-06 3.98758948e-06
 3.39628787e-06 2.90302910e-06 4.20574952e-06 5.40388510e-06
 4.30473210e-06 5.37902952e-06 4.71036446e-06 5.31445903e-06
 9.94825859e-06 6.36342338e-06 6.97998667e-06 1.00331463e-05
 5.92259494e-06 6.13596376e-06 6.49768845e-06 7.53535414e-06
 9.77032596e-06 1.08581444e-05 9.13616259e-06 1.24129074e-05
 1.93390861e-05 1.58565072e-05 1.17763402e-05 1.08118265e-05
 1.48956888e-05 1.92059942e-05 1.20814475e-05 1.21911753e-05
 2.07241610e-05 1.13373862e-05 3.60106496e-05 2.34150939e-05
 1.11489526e-05 3.17832637e-05 1.32085161e-05 2.14302763e-05
 1.25456399e-05 1.37546995e-05 1.34964112e-05 1.82709973e-05
 2.18991245e-05 1.66320297e-05 2.62846534e-05 1.49725647e-05
 9.15693090e-06 1.20856794e-05 2.05174383e-05 1.33919466e-05
 6.07404763e-06 1.02677404e-05 1.08121576e-05 1.34026413e-05
 1.05167564e-05 5.84671579e-06 5.10446489e-06 7.58302349e-06
 6.35650440e-06 6.56312977e-06 5.86470424e-06 7.96692166e-06
 4.01710395e-06 3.93432265e-06 4.65927451e-06 4.15730528e-06
 6.40203007e-06 7.26535791e-06 3.71101009e-06 3.99788996e-06
 3.21374137e-06 3.70547150e-06 4.57307533e-06 4.57064152e-06
 2.98613736e-06 2.53034545e-06 4.05272522e-06 5.64009542e-06
 3.59709725e-06 4.17164438e-06 5.74152727e-06 9.84755934e-06
 4.12846748e-06 5.12944689e-06 9.60930720e-06 6.56793600e-06
 3.39648318e-06 2.13255453e-06 2.69240513e-06 4.51565074e-06
 1.62093147e-06 2.21247183e-06 1.55176895e-06 2.04904950e-06
 1.05098604e-06 1.47739604e-06 1.76822368e-06 1.38716666e-06
 9.47383967e-07 2.03553282e-06 1.81119321e-06 9.07562196e-07
 7.85086911e-07 4.93691516e-07 4.29810456e-07 7.07983247e-07
 1.29514581e-06 1.06807386e-06 4.87152647e-07 3.24882961e-07
 5.49487424e-07 4.35703527e-07 3.48402295e-07 6.44077602e-07
 1.17120328e-06 5.89915714e-07 7.94735797e-07 8.98970995e-07
 4.73222684e-07 4.60831160e-07 5.20039578e-07 5.96358177e-07
 1.28677141e-06 9.14959230e-07 1.03974423e-06 9.15014141e-07
 1.07185372e-06 1.66502934e-06 2.04339062e-06 2.18381933e-06
 2.40772351e-06 2.36928076e-06 3.26064287e-06 1.98278303e-06
 2.01783109e-06 1.83291104e-06 1.67811720e-06 2.39308770e-06
 1.41145244e-06 1.30190040e-06 1.02965885e-06 1.14858665e-06
 4.58580217e-07 6.81015820e-07 1.01789612e-06 6.30970533e-07
 3.17979925e-07 6.39645748e-07 4.11860896e-07 3.68767132e-07
 4.63306293e-07 3.56920879e-07 3.47135398e-07 1.54042070e-07]
[1.05353217e-06 5.11410860e-07 1.27342867e-06 1.41241617e-06
 9.20649882e-07 8.01670240e-07 1.10268479e-06 8.27383417e-07
 1.88627371e-06 1.65179028e-06 3.15695820e-06 3.57958083e-06
 2.23852612e-06 1.50479775e-06 3.82970575e-06 1.05463341e-05
 5.51236690e-06 2.51428855e-06 1.84519342e-06 3.03558136e-06
 2.54568840e-06 2.15296882e-06 3.13664145e-06 3.86149441e-06
 4.36042183e-06 3.28754936e-06 7.39481038e-06 3.95131747e-06
 1.39089468e-06 2.60007710e-06 2.88986871e-06 4.48283890e-06
 2.93190692e-06 5.37256028e-06 3.27986345e-06 5.17982153e-06
 1.12662428e-05 6.62503362e-06 3.17016838e-06 4.07127754e-06
 2.85278543e-06 1.79230847e-06 2.04574121e-06 1.87349269e-06
 2.23983784e-06 3.34043511e-06 2.63166362e-06 2.39132623e-06
 2.02902334e-06 1.65547578e-06 1.30971409e-06 1.56995986e-06
 9.83044060e-07 1.09197128e-06 2.79017945e-06 1.88615377e-06
 1.32169305e-06 1.25441568e-06 1.74733941e-06 1.43877730e-06
 1.74865670e-06 2.42101737e-06 2.31169020e-06 2.13431008e-06
 1.67872452e-06 2.29869033e-06 3.56284272e-06 1.87258411e-06
 1.72426098e-06 2.44336593e-06 3.26808367e-06 2.55597661e-06
 4.02367050e-06 5.22305891e-06 7.87897079e-06 1.02716222e-05
 6.59033140e-06 3.92298352e-06 3.98450493e-06 5.77392575e-06
 1.25133847e-05 1.48838953e-05 1.02507338e-05 1.06140251e-05
 5.82030407e-06 8.11000336e-06 1.23319669e-05 1.17620984e-05
 7.84645727e-06 6.20233050e-06 1.23907084e-05 1.28880010e-05
 1.63779350e-05 1.15207213e-05 1.44531941e-05 2.33899718e-05
 1.26266905e-05 1.11030304e-05 1.32261821e-05 2.65877970e-05
 8.21968024e-06 2.38294324e-05 3.85789062e-05 1.08323793e-05
 9.50887716e-06 2.60084944e-05 1.32919340e-05 9.75988860e-06
 8.60950877e-06 1.21696530e-05 1.11943073e-05 1.11536983e-05
 2.04104435e-05 1.83877328e-05 1.53104429e-05 1.45726008e-05
 1.09239236e-05 1.07722371e-05 2.10076978e-05 1.43082643e-05
 7.50941808e-06 9.26948269e-06 5.85366024e-06 1.16981282e-05
 9.75903549e-06 3.91435105e-06 1.47837163e-05 8.27420445e-06
 4.24713289e-06 2.92888421e-06 4.37602466e-06 4.23827669e-06
 3.56211490e-06 4.10643406e-06 2.58093564e-06 5.10581276e-06
 3.93347409e-06 4.34515641e-06 5.73485295e-06 3.34955644e-06
 3.03327147e-06 3.69680470e-06 3.42033968e-06 4.05341279e-06
 3.07261143e-06 2.23152097e-06 2.36296091e-06 2.95118548e-06
 4.71901649e-06 1.36857818e-06 4.68187500e-06 4.80596327e-06
 4.08050664e-06 3.15652528e-06 5.93787991e-06 5.31536671e-06
 4.43726367e-06 4.00497674e-06 3.27226849e-06 3.61925117e-06
 2.90503158e-06 1.69776433e-06 3.05752587e-06 2.17455568e-06
 1.52640587e-06 8.07506240e-07 7.60325747e-07 1.29397301e-06
 6.36371169e-07 9.96157610e-07 1.19032393e-06 8.00271607e-07
 5.94725066e-07 8.71398015e-07 9.39785707e-07 1.06921732e-06
 6.52901861e-07 5.99263387e-07 4.75181423e-07 5.42885289e-07
 8.92085893e-07 4.12332042e-07 6.76403772e-07 7.08244841e-07
 4.17105412e-07 3.77878763e-07 6.24176948e-07 6.14155681e-07
 6.56593102e-07 3.66176579e-07 4.53063279e-07 4.17630417e-07
 6.65978405e-07 6.98165707e-07 9.83191171e-07 1.29523778e-06
 9.28410373e-07 7.15295130e-07 1.03231844e-06 2.04358116e-06
 2.06342770e-06 2.27685723e-06 2.80018025e-06 1.36231404e-06
 1.08930783e-06 2.16033186e-06 2.06202162e-06 1.66359735e-06
 1.06040989e-06 1.16316721e-06 1.01432397e-06 7.50576703e-07
 4.58053904e-07 2.81649278e-07 3.10296599e-07 2.02239519e-07
 2.84382224e-07 3.85001954e-07 5.07666925e-07 2.97492505e-07
 2.78912182e-07 2.97557563e-07 1.49131111e-07 1.29791246e-07]
[1.37953248e-06 2.08938422e-06 9.78625280e-07 8.99641293e-07
 8.23989296e-07 7.96350832e-07 1.52758628e-06 1.04217042e-06
 1.53826784e-06 1.52407131e-06 2.56303542e-06 2.50987182e-06
 2.31884701e-06 4.02808655e-06 2.73226283e-06 2.84165139e-06
 2.98501323e-06 3.54181043e-06 3.45232911e-06 4.85079408e-06
 2.57881470e-06 3.18821253e-06 4.96540315e-06 4.20680362e-06
 4.60653337e-06 1.63193715e-06 3.93363916e-06 1.91130198e-06
 1.95501525e-06 3.05049002e-06 2.79220353e-06 1.40630618e-06
 2.37412132e-06 1.85722035e-06 4.66329902e-06 7.76645902e-06
 5.80980122e-06 4.17876117e-06 2.49871778e-06 2.50498101e-06
 2.23390703e-06 2.17908587e-06 2.42518468e-06 1.86001205e-06
 1.28679358e-06 2.21384857e-06 3.02982949e-06 5.57643034e-06
 1.90124399e-06 2.09492214e-06 2.20266247e-06 9.45183046e-07
 1.34098798e-06 7.13203178e-07 1.62589697e-06 1.38329062e-06
 1.44557532e-06 9.98365408e-07 1.31090871e-06 1.58499381e-06
 1.20815514e-06 1.69432633e-06 1.51924178e-06 2.05279525e-06
 2.22453127e-06 2.45240130e-06 2.64667074e-06 3.59474234e-06
 1.31128729e-06 2.44593389e-06 2.12449299e-06 3.30098715e-06
 3.74680894e-06 4.25465669e-06 5.32234708e-06 9.14022166e-06
 5.52478559e-06 2.69172619e-06 7.81768813e-06 7.09180267e-06
 1.16579058e-05 1.01365431e-05 1.67268281e-05 1.13145679e-05
 1.42308027e-05 1.84292367e-05 1.16590591e-05 1.92597181e-05
 1.03946395e-05 8.83886605e-06 1.55612379e-05 1.31422321e-05
 1.73141143e-05 1.10277033e-05 1.39646218e-05 1.41364408e-05
 1.56828846e-05 1.38534779e-05 1.18483295e-05 2.40880090e-05
 1.79611270e-05 2.60388097e-05 2.29645902e-05 1.11532827e-05
 1.87377427e-05 1.77725869e-05 1.95754674e-05 1.78563569e-05
 1.18894286e-05 1.58614785e-05 1.49789194e-05 1.41206865e-05
 1.70560743e-05 2.65502222e-05 2.35656335e-05 1.22302190e-05
 1.18888565e-05 1.17466743e-05 1.43268308e-05 1.98288635e-05
 1.10347110e-05 8.47554566e-06 1.01392825e-05 1.73683675e-05
 6.69501969e-06 5.48563412e-06 1.72908385e-05 1.01127926e-05
 4.05808487e-06 4.42324927e-06 3.20592221e-06 7.40889982e-06
 4.95984159e-06 4.43203726e-06 5.98029737e-06 5.90215632e-06
 4.77538970e-06 3.39206804e-06 5.90028276e-06 6.87059219e-06
 2.45193223e-06 4.01533134e-06 4.54539077e-06 3.47239552e-06
 2.15618638e-06 3.66966174e-06 2.50336166e-06 1.81084431e-06
 2.21275695e-06 1.84767532e-06 3.55454199e-06 3.56093915e-06
 5.74119440e-06 8.86112412e-06 3.45187004e-06 5.22992877e-06
 8.00073303e-06 3.60453328e-06 5.28797545e-06 4.19451726e-06
 2.92052459e-06 1.55747693e-06 1.31650211e-06 1.96504061e-06
 1.53907831e-06 8.85864722e-07 6.83067071e-07 8.62908166e-07
 6.96754171e-07 9.67691449e-07 1.04926153e-06 1.23269467e-06
 7.67848235e-07 1.35217772e-06 6.96405039e-07 8.34357877e-07
 6.90437162e-07 6.70059705e-07 5.35685274e-07 9.77344371e-07
 2.26204088e-06 7.67511267e-07 5.60317460e-07 7.82602740e-07
 6.38047652e-07 5.76996058e-07 8.09781852e-07 1.57752356e-06
 8.72484861e-07 5.31514900e-07 3.73231927e-07 6.96052211e-07
 6.65871141e-07 5.28591897e-07 1.15610305e-06 1.35331163e-06
 1.13469639e-06 1.35775736e-06 1.90491301e-06 1.67387213e-06
 3.10091878e-06 1.72175851e-06 3.09817915e-06 1.82238944e-06
 1.44820740e-06 1.23847224e-06 1.11605948e-06 1.22284655e-06
 1.15301725e-06 8.98389601e-07 6.47720583e-07 1.26687917e-06
 1.18716616e-06 2.28074512e-07 3.42956440e-07 3.09714068e-07
 1.96922954e-07 2.45586449e-07 3.86472863e-07 4.34087809e-07
 1.71401567e-07 2.65813810e-07 1.80191208e-07 8.07096043e-08]
[4.53442340e-07 9.79305582e-07 8.43856753e-07 1.06509071e-06
 9.45925933e-07 1.14023214e-06 7.53816209e-07 2.57209035e-06
 1.66697134e-06 1.05993115e-06 3.92269567e-06 4.43717636e-06
 3.00550369e-06 6.05642936e-06 1.55238722e-05 3.99013470e-06
 2.65792551e-06 3.25948827e-06 5.36745756e-06 5.39204484e-06
 5.49055903e-06 9.08690799e-06 5.31304386e-06 6.35386596e-06
 4.78065294e-06 3.15338548e-06 2.39778637e-06 3.50221035e-06
 2.25301869e-06 1.18985724e-06 1.76819174e-06 2.73604724e-06
 2.55429859e-06 2.27348824e-06 3.59109367e-06 5.95460324e-06
 3.70481280e-06 3.74037063e-06 4.62781418e-06 6.26878818e-06
 2.08886559e-06 1.58138698e-06 1.72676118e-06 1.38995858e-06
 3.42768112e-06 1.52677831e-06 3.27977318e-06 1.68108818e-06
 3.23154472e-06 2.19564185e-06 1.50704943e-06 1.00588875e-06
 1.18310845e-06 1.14394868e-06 1.68626650e-06 1.72985472e-06
 2.11489805e-06 1.46635296e-06 2.47366438e-06 2.38205007e-06
 1.17328239e-06 1.72239743e-06 1.39780298e-06 3.02027706e-06
 2.63699553e-06 2.41544831e-06 3.44338969e-06 2.20025936e-06
 6.69155668e-07 1.85522686e-06 2.89034710e-06 3.36095127e-06
 2.73738738e-06 3.88423496e-06 4.13606040e-06 9.37376262e-06
 5.69806070e-06 4.12641248e-06 1.04140172e-05 1.38425357e-05
 1.59197753e-05 1.07813285e-05 9.00245232e-06 7.36809307e-06
 1.69235427e-05 2.12889718e-05 1.31586557e-05 1.43709258e-05
 1.85960744e-05 1.28215243e-05 1.71764641e-05 1.55970920e-05
 1.22483762e-05 7.22312188e-06 1.50920487e-05 1.43675252e-05
 1.50448968e-05 1.04486016e-05 1.46288594e-05 2.29699672e-05
 1.56521655e-05 1.75063196e-05 1.10613919e-05 2.14421943e-05
 9.40122391e-06 1.36515782e-05 2.36757533e-05 2.92699497e-05
 1.14554650e-05 1.63445129e-05 2.36098986e-05 2.52187820e-05
 1.70600651e-05 3.82489416e-05 3.09038551e-05 1.80876796e-05
 1.76631929e-05 1.14004224e-05 1.65375259e-05 1.46711418e-05
 2.06434470e-05 1.01851247e-05 3.36115991e-05 1.42659383e-05
 8.42102418e-06 8.17127147e-06 1.41444934e-05 1.18816934e-05
 4.88320120e-06 5.04381433e-06 7.12620385e-06 5.89955334e-06
 8.41577275e-06 5.42337148e-06 4.06902473e-06 6.04888919e-06
 3.64120683e-06 6.47695560e-06 7.09986352e-06 6.56247494e-06
 3.98968905e-06 2.50834341e-06 4.84966040e-06 7.87872796e-06
 3.58611760e-06 2.50625885e-06 3.23006225e-06 2.37082008e-06
 1.86553382e-06 3.07478035e-06 4.48221044e-06 4.61689842e-06
 7.93812251e-06 9.04327953e-06 5.91777462e-06 5.52622078e-06
 3.27650196e-06 2.22596077e-06 3.76462231e-06 2.92433310e-06
 3.73937542e-06 2.60081947e-06 1.62730521e-06 1.68326790e-06
 1.54326324e-06 2.06414279e-06 1.11398947e-06 1.13503609e-06
 7.21513516e-07 6.99020347e-07 2.14703573e-06 1.35502160e-06
 6.99452187e-07 6.12747101e-07 8.66723497e-07 7.59960074e-07
 4.25111153e-07 9.06253263e-07 6.59887235e-07 7.52917515e-07
 5.59316902e-07 3.65993287e-07 9.97426696e-07 7.94653090e-07
 8.88504871e-07 6.26732856e-07 1.35740936e-06 1.27186161e-06
 5.88589558e-07 8.01325598e-07 6.57988551e-07 1.16259378e-06
 8.60090552e-07 6.87917748e-07 1.38205394e-06 1.18869684e-06
 1.47112075e-06 1.17115098e-06 2.70105033e-06 1.31795343e-06
 1.20885090e-06 2.24587643e-06 1.36169604e-06 1.90826836e-06
 2.38648454e-06 1.09304540e-06 1.23429413e-06 7.23348421e-07
 7.67670201e-07 8.08487755e-07 6.44312934e-07 5.87593604e-07
 6.57184955e-07 4.30224048e-07 3.91375352e-07 3.87170388e-07
 3.21048788e-07 2.49962540e-07 3.14094535e-07 5.56039140e-07
 4.70725041e-07 7.90781030e-07 2.22654691e-07 1.20362643e-07]
[2.59999410e-07 8.14858083e-07 1.09622613e-06 1.07563437e-06
 6.84756799e-07 8.12842870e-07 1.33354104e-06 1.55924397e-06
 1.62417393e-06 2.50896505e-06 2.66666643e-06 2.90590310e-06
 3.89261822e-06 3.00496595e-06 1.02744207e-05 6.29563874e-06
 6.13827615e-06 6.11316455e-06 1.09086295e-05 1.96578421e-05
 1.20569612e-05 3.97708391e-06 3.69286113e-06 4.57005081e-06
 6.12974827e-06 3.29457635e-06 4.28437716e-06 2.63376546e-06
 1.68168583e-06 2.50700009e-06 3.04740774e-06 1.84368889e-06
 1.90356877e-06 2.31587023e-06 3.02453464e-06 2.33243577e-06
 4.06748950e-06 2.15331556e-06 4.59161311e-06 5.47492164e-06
 1.48491836e-06 2.67344990e-06 1.96505903e-06 1.64518372e-06
 1.32852381e-06 1.87285207e-06 2.34385493e-06 1.67864494e-06
 3.42044859e-06 3.56276701e-06 2.15814521e-06 1.59095862e-06
 1.12402961e-06 1.55443797e-06 1.98075190e-06 1.77532513e-06
 1.68357485e-06 1.35955634e-06 1.62547587e-06 1.64701885e-06
 1.33046171e-06 1.19206618e-06 2.15828686e-06 2.52325685e-06
 3.13225587e-06 3.26022860e-06 2.23352549e-06 3.48957542e-06
 2.20818151e-06 2.17944375e-06 3.85100566e-06 5.56153600e-06
 4.67134032e-06 5.81143831e-06 6.33951595e-06 7.37566961e-06
 5.86439819e-06 5.80089409e-06 5.99806708e-06 7.52348251e-06
 7.31446380e-06 1.16171605e-05 9.09133723e-06 1.47599276e-05
 1.66442715e-05 1.30144099e-05 1.17526151e-05 1.82788281e-05
 1.04373876e-05 1.31991874e-05 2.45179490e-05 2.40559548e-05
 1.74027391e-05 1.25108372e-05 9.89017553e-06 1.97641184e-05
 1.99292626e-05 2.56965868e-05 1.56833903e-05 3.06436559e-05
 2.24827400e-05 1.38681498e-05 2.37444565e-05 4.53728826e-05
 9.51309175e-06 2.49677196e-05 1.28956790e-05 1.69713476e-05
 1.51774448e-05 2.15882119e-05 1.86464840e-05 3.35232362e-05
 1.18121834e-05 2.40056197e-05 2.47528296e-05 3.57728459e-05
 3.02383505e-05 1.53317833e-05 2.26447446e-05 2.00404484e-05
 2.13890071e-05 1.45278200e-05 6.13969823e-05 5.39354332e-05
 1.19393599e-05 8.57276245e-06 1.05725076e-05 1.64715875e-05
 1.50760234e-05 8.81768574e-06 6.75803176e-06 1.09186403e-05
 6.73707245e-06 5.78896288e-06 1.10003593e-05 6.30740351e-06
 4.19719481e-06 2.60840716e-06 6.44003421e-06 7.16414843e-06
 4.41587918e-06 2.93503922e-06 4.79029950e-06 4.59060402e-06
 2.55685768e-06 3.23789664e-06 2.15440309e-06 2.94702136e-06
 3.09046959e-06 3.82167900e-06 1.91245840e-06 4.11595875e-06
 4.21784625e-06 1.21207595e-05 1.05263643e-05 5.10055861e-06
 6.54960604e-06 3.13223063e-06 2.55486952e-06 3.18121261e-06
 5.02498324e-06 1.79858455e-06 4.21517461e-06 2.64237133e-06
 1.15267778e-06 1.85782062e-06 9.48989282e-07 1.05431479e-06
 9.15069677e-07 5.54553992e-07 8.93086451e-07 9.90332296e-07
 4.51609907e-07 7.52915355e-07 9.63286539e-07 1.20829873e-06
 5.28154146e-07 7.03591297e-07 9.18722264e-07 9.97046413e-07
 4.57416348e-07 5.33442233e-07 7.38574272e-07 1.45339015e-06
 5.99540385e-07 1.22890208e-06 1.06489210e-06 8.31148611e-07
 7.97515156e-07 6.78824279e-07 5.75137392e-07 9.76952833e-07
 1.10882672e-06 1.07459789e-06 9.41328210e-07 7.78500009e-07
 9.86160899e-07 1.18212699e-06 7.75493106e-07 1.82020210e-06
 1.27692647e-06 2.68551253e-06 1.51938002e-06 1.88615377e-06
 1.48104391e-06 1.32191292e-06 1.72437888e-06 1.40375823e-06
 8.50178139e-07 8.69833457e-07 6.73638453e-07 7.76243553e-07
 4.20111888e-07 4.24116223e-07 6.40064172e-07 4.12183994e-07
 3.03943267e-07 3.15735491e-07 3.30901003e-07 2.97889557e-07
 3.87563233e-07 1.32707569e-07 1.57637842e-07 2.78483441e-07]
[2.42280947e-07 3.16556623e-07 3.67311458e-07 5.27788814e-07
 5.79321011e-07 4.75393790e-07 1.46058198e-06 1.98618341e-06
 9.05609056e-07 2.22039148e-06 2.38715825e-06 2.06274740e-06
 2.47947582e-06 2.32106231e-06 6.16486295e-06 1.39757494e-05
 4.88573141e-06 3.55607222e-06 3.85232170e-06 5.29848194e-06
 2.96750181e-06 2.60971888e-06 5.24932511e-06 3.37110646e-06
 2.18109471e-06 2.21470532e-06 2.41163866e-06 2.41523435e-06
 1.66058055e-06 2.29605553e-06 2.29133752e-06 2.13298881e-06
 1.55413636e-06 1.18745686e-06 3.49010679e-06 2.30987735e-06
 1.85269016e-06 1.36680455e-06 1.76842093e-06 1.43045281e-06
 1.29873786e-06 8.36751099e-07 1.85802764e-06 1.13508383e-06
 1.05340473e-06 1.04678588e-06 1.71923341e-06 2.92016489e-06
 2.73936280e-06 2.08835786e-06 1.07991093e-06 1.22840902e-06
 1.73168337e-06 1.30456272e-06 2.17247134e-06 1.59018134e-06
 8.60110788e-07 1.16666922e-06 1.11299425e-06 1.50772064e-06
 2.05587344e-06 1.14950456e-06 2.40999429e-06 2.60882393e-06
 1.97840973e-06 2.38023404e-06 2.02228534e-06 2.22523181e-06
 2.14538727e-06 1.56478279e-06 2.17732349e-06 4.17600040e-06
 3.60786066e-06 6.94250639e-06 3.63463300e-06 8.23192659e-06
 8.52403900e-06 1.03248158e-05 5.53763812e-06 7.26978988e-06
 7.56148802e-06 6.72305168e-06 1.22915808e-05 1.73254139e-05
 1.78639257e-05 1.58555486e-05 1.58252205e-05 1.67775797e-05
 1.44130563e-05 9.87779276e-06 2.20499132e-05 2.33199244e-05
 1.77457896e-05 1.39310723e-05 2.08821893e-05 2.38227221e-05
 2.71901936e-05 4.87938669e-05 3.34315773e-05 3.59675614e-05
 1.79327235e-05 1.17989448e-05 1.45423519e-05 1.02326876e-05
 1.48403706e-05 1.48033751e-05 1.14389595e-05 8.37073640e-06
 1.66844293e-05 7.50188337e-06 2.51372840e-05 1.73876633e-05
 2.09415903e-05 2.35204352e-05 2.73947589e-05 2.49707864e-05
 2.39564743e-05 2.03456784e-05 1.57105624e-05 1.55106045e-05
 1.49443104e-05 1.06332054e-05 1.68248407e-05 3.38883292e-05
 2.07865360e-05 1.44999749e-05 1.58119965e-05 1.32118175e-05
 8.41260135e-06 7.50437403e-06 1.04278743e-05 7.95461074e-06
 6.00217891e-06 4.50362813e-06 7.57523003e-06 7.97781013e-06
 3.36929111e-06 2.81806001e-06 5.36820016e-06 5.17194576e-06
 3.01068576e-06 2.27534542e-06 4.09047652e-06 2.91618630e-06
 2.59774265e-06 2.08393703e-06 3.33274988e-06 4.02280875e-06
 1.89192326e-06 2.45075171e-06 3.40555016e-06 2.53911617e-06
 3.03228967e-06 6.29339274e-06 7.36948323e-06 4.57510259e-06
 3.97591475e-06 2.59500462e-06 3.39183953e-06 2.21868618e-06
 3.26083614e-06 4.24521750e-06 3.45724698e-06 3.57198951e-06
 1.42444753e-06 8.34482307e-07 1.11725831e-06 1.58446653e-06
 6.96981942e-07 7.25450661e-07 1.86875548e-06 8.61790284e-07
 7.54079963e-07 5.54766075e-07 4.87816578e-07 4.71647326e-07
 6.56824568e-07 6.15794761e-07 6.98794508e-07 5.15772911e-07
 5.07693812e-07 8.59349427e-07 1.27215344e-06 1.53835538e-06
 3.83273658e-07 5.33425634e-07 8.04726994e-07 1.50249605e-06
 8.00773478e-07 4.87577324e-07 1.17884929e-06 5.65362313e-07
 8.88433590e-07 8.13601901e-07 7.33109346e-07 8.50636013e-07
 8.30132706e-07 1.25727183e-06 1.74727677e-06 8.74500813e-07
 1.14071963e-06 8.98321787e-07 1.46507102e-06 8.64377171e-07
 1.40426982e-06 1.78307073e-06 1.63187724e-06 1.02615013e-06
 8.57825682e-07 6.70685495e-07 9.26609118e-07 5.39791984e-07
 3.75087865e-07 4.10609346e-07 3.50159326e-07 2.61406825e-07
 2.85301127e-07 1.18768725e-07 4.06454859e-07 4.49670864e-07
 1.97701311e-07 3.94747076e-07 1.75111396e-07 7.81319258e-08]
[2.50423824e-07 5.90259731e-07 5.47057425e-07 5.53956397e-07
 7.18056242e-07 1.07180324e-06 7.23635310e-07 8.64872391e-07
 1.31927538e-06 3.45172680e-06 1.71868976e-06 5.50494951e-06
 1.48934066e-06 2.40189661e-06 7.24726306e-06 1.29689652e-05
 4.57641863e-06 4.54919245e-06 3.26423219e-06 6.03507624e-06
 4.23213987e-06 2.20874222e-06 2.69150291e-06 2.54550741e-06
 3.57708541e-06 3.90074729e-06 2.13787030e-06 2.30117053e-06
 1.44491571e-06 2.45212664e-06 1.40221209e-06 1.07664403e-06
 1.66535074e-06 1.56046860e-06 1.93789469e-06 2.68831809e-06
 1.38797168e-06 1.42749604e-06 1.02407091e-06 2.35879997e-06
 1.06630432e-06 1.01821149e-06 1.66151767e-06 8.41473422e-07
 1.02232480e-06 2.81495318e-06 1.16328317e-06 1.69456837e-06
 2.00453928e-06 1.36206143e-06 1.44172009e-06 1.17266029e-06
 1.31100057e-06 1.35947357e-06 2.26358657e-06 1.41554438e-06
 1.69196016e-06 8.96343124e-07 1.45991214e-06 2.48747870e-06
 3.02369131e-06 1.10191820e-06 1.23728080e-06 5.94202584e-06
 2.30655360e-06 2.29128091e-06 2.23074994e-06 1.98083012e-06
 2.16011517e-06 1.85826059e-06 2.21757546e-06 3.22189044e-06
 2.39077121e-06 1.88715023e-06 7.82856478e-06 6.73299519e-06
 6.41572706e-06 5.62228524e-06 4.34854746e-06 6.88719547e-06
 5.69410395e-06 3.79566791e-06 4.88695014e-06 9.44198109e-06
 1.27070207e-05 9.41791677e-06 1.32209198e-05 2.30504538e-05
 2.37569184e-05 2.73823171e-05 2.24492451e-05 1.89095717e-05
 1.46770135e-05 1.48515346e-05 1.01601081e-05 1.98085672e-05
 3.98073680e-05 3.83187362e-05 3.16662445e-05 4.47802631e-05
 1.71387201e-05 5.17013250e-05 3.84726518e-05 2.24607120e-05
 1.73877434e-05 1.34495385e-05 3.01095115e-05 1.76458798e-05
 1.44365067e-05 1.40058155e-05 2.49277236e-05 1.48808804e-05
 1.60695963e-05 3.08682174e-05 5.22798073e-05 1.81400264e-05
 1.89252441e-05 2.42772385e-05 3.14695098e-05 1.79445797e-05
 3.00179308e-05 1.84083474e-05 2.09193040e-05 2.56911972e-05
 1.36174795e-05 1.51503546e-05 1.14977765e-05 1.52548209e-05
 5.88969851e-06 6.30433851e-06 1.31336374e-05 1.17189666e-05
 1.06575972e-05 3.13728128e-06 6.01735292e-06 8.51078403e-06
 5.33587036e-06 3.97951590e-06 4.73016735e-06 6.19406774e-06
 5.49728202e-06 3.03842421e-06 3.41283908e-06 2.78878065e-06
 2.98601412e-06 3.32802551e-06 3.32227592e-06 5.44906788e-06
 3.40174233e-06 1.96516726e-06 3.01095474e-06 6.56661041e-06
 9.90829085e-06 3.37443453e-06 4.53806979e-06 4.70361510e-06
 3.93841310e-06 2.45837759e-06 3.24284588e-06 2.07877338e-06
 2.99853923e-06 2.28690351e-06 4.07195694e-06 4.44489115e-06
 1.96174074e-06 1.50098901e-06 9.37726725e-07 5.69074189e-07
 8.26370467e-07 9.37274933e-07 8.14366786e-07 1.31323225e-06
 1.03932632e-06 4.42550345e-07 9.58260330e-07 3.99200161e-07
 4.00007281e-07 3.41841087e-07 9.53825861e-07 1.33224000e-06
 8.75805142e-07 1.37794075e-06 1.09395853e-06 8.56496911e-07
 2.82373122e-07 5.34549997e-07 4.60812231e-07 1.19083984e-06
 7.37017956e-07 5.27414386e-07 5.65820585e-07 1.50143671e-06
 6.85466375e-07 4.94601807e-07 5.70998566e-07 1.13447311e-06
 1.03721175e-06 1.12650730e-06 1.19750678e-06 2.50748190e-06
 1.51383881e-06 1.13974738e-06 1.07052733e-06 1.56689714e-06
 1.36611618e-06 7.99692259e-07 1.59163471e-06 5.11175870e-07
 6.15063072e-07 4.24840579e-07 4.13454558e-07 5.66212236e-07
 4.06830708e-07 5.02865817e-07 3.18438055e-07 3.96343154e-07
 1.69410313e-07 2.36969342e-07 2.55700996e-07 3.30073732e-07
 3.52239454e-07 3.82589036e-07 3.05566459e-07 9.35664559e-08]
[3.98844264e-07 4.18745685e-07 9.75550620e-07 6.43575731e-07
 7.29010765e-07 8.53549409e-07 1.44576688e-06 1.30819080e-06
 1.95680309e-06 2.38813436e-06 4.97148858e-06 1.16020044e-06
 1.07425274e-06 2.54150700e-06 6.82014070e-06 3.65999949e-06
 5.14434942e-06 5.46354977e-06 4.92624667e-06 6.02833234e-06
 2.67025121e-06 2.81164284e-06 2.17142997e-06 2.67812788e-06
 1.68077429e-06 2.85507690e-06 1.74785907e-06 1.95484813e-06
 1.55954615e-06 2.18634023e-06 3.38282439e-06 1.66813027e-06
 1.84015698e-06 2.52421773e-06 1.39770384e-06 1.71767169e-06
 2.28219164e-06 1.39750580e-06 1.31120771e-06 1.52422217e-06
 1.27844169e-06 1.31070772e-06 2.36256869e-06 1.29874900e-06
 1.29403736e-06 1.86588261e-06 2.01423723e-06 1.50335347e-06
 2.43956038e-06 2.02816250e-06 2.65291328e-06 2.08300412e-06
 1.15767409e-06 1.68277984e-06 2.23746497e-06 3.62187802e-06
 1.75569676e-06 2.27171859e-06 1.83134534e-06 1.06851724e-06
 1.98248631e-06 1.79090193e-06 1.95867437e-06 3.29984664e-06
 2.99286035e-06 2.35487050e-06 2.13093722e-06 1.68056079e-06
 2.90402863e-06 2.19789445e-06 4.87565148e-06 2.86621798e-06
 4.10041093e-06 5.53487189e-06 6.98807844e-06 1.04421151e-05
 9.02084503e-06 6.20787614e-06 1.12797197e-05 1.69166651e-05
 8.52664289e-06 1.27346329e-05 1.72248983e-05 2.02528809e-05
 1.75393761e-05 1.40190850e-05 2.33472729e-05 4.26739098e-05
 4.31496483e-05 1.77036127e-05 3.41017912e-05 3.22123924e-05
 3.92260445e-05 3.85132043e-05 5.93794866e-05 3.51471026e-05
 3.13071541e-05 2.93821558e-05 4.80963208e-05 2.11905935e-05
 2.46716281e-05 2.48934030e-05 5.39413013e-05 3.47157911e-05
 3.84024606e-05 2.50686571e-05 4.14330971e-05 2.25767635e-05
 1.76191443e-05 2.33509545e-05 1.97609861e-05 1.91939162e-05
 4.69800834e-05 3.30690273e-05 4.72628308e-05 5.19421701e-05
 3.69158661e-05 3.40930892e-05 3.89107699e-05 2.66029019e-05
 2.89766540e-05 2.39104465e-05 2.76994524e-05 1.79997096e-05
 1.66413374e-05 1.55401995e-05 1.51048525e-05 2.07055764e-05
 1.30548078e-05 1.67691160e-05 9.62698687e-06 9.08126367e-06
 5.29929457e-06 5.60166882e-06 1.02260119e-05 5.10694963e-06
 3.57108115e-06 5.67694588e-06 4.08542792e-06 4.68154212e-06
 3.41679129e-06 3.00124066e-06 4.49013714e-06 4.47292723e-06
 2.84408338e-06 2.57567808e-06 3.30426769e-06 5.04069476e-06
 3.28841520e-06 1.93339133e-06 4.98069267e-06 8.63577679e-06
 4.74150329e-06 5.34224318e-06 5.89690899e-06 5.47409581e-06
 3.33687876e-06 3.30570401e-06 3.55510133e-06 3.28956298e-06
 3.65540109e-06 6.04972001e-06 4.67529571e-06 1.37233019e-06
 2.29346233e-06 9.40127620e-07 1.22884637e-06 8.71074747e-07
 1.33420815e-06 1.83485656e-06 1.45221145e-06 1.07899689e-06
 9.77659738e-07 6.96402651e-07 9.90032845e-07 8.01414672e-07
 1.73207707e-06 7.38721440e-07 9.51107211e-07 9.66263542e-07
 1.97118243e-06 7.63350783e-07 8.14003954e-07 1.47128128e-06
 1.25138695e-06 8.75989656e-07 7.71430734e-07 9.89215096e-07
 1.02698925e-06 1.15252817e-06 1.77043330e-06 6.88390401e-07
 1.28481088e-06 5.12001520e-07 8.71423936e-07 1.70934447e-06
 1.47966091e-06 1.15952059e-06 9.75273338e-07 2.38355824e-06
 1.97932445e-06 1.77665288e-06 1.58487649e-06 1.38687153e-06
 8.33190200e-07 9.76336082e-07 1.76896208e-06 1.91495678e-06
 7.86095200e-07 8.23957862e-07 4.61665195e-07 6.01588965e-07
 5.35366325e-07 4.35044171e-07 6.18613683e-07 3.53113478e-07
 2.70053903e-07 2.28836242e-07 2.93437864e-07 2.70402580e-07
 3.47470717e-07 1.28282579e-07 2.54471360e-07 1.36562790e-07]
[5.69408655e-07 6.87313502e-07 2.14662373e-06 6.69261283e-07
 4.85259534e-07 1.50254562e-06 1.03764467e-06 1.26200212e-06
 1.11321231e-06 8.58788269e-07 3.07529649e-06 1.20220477e-06
 2.78764514e-06 3.14872523e-06 1.42219460e-05 8.62872184e-06
 1.08555114e-05 3.97839494e-06 9.35700973e-06 7.62591526e-06
 3.00122679e-06 2.18499895e-06 2.17736283e-06 4.28185240e-06
 1.90796163e-06 1.53820304e-06 1.87490184e-06 4.06932622e-06
 2.21623509e-06 2.01561693e-06 1.96920041e-06 2.65673430e-06
 2.38533289e-06 2.12644227e-06 2.40872737e-06 2.72429975e-06
 2.22785798e-06 3.56600299e-06 1.65145241e-06 2.32635921e-06
 2.13765838e-06 1.36082224e-06 2.01339503e-06 3.60948911e-06
 1.72010186e-06 1.28723298e-06 1.74834304e-06 2.71767772e-06
 3.23147401e-06 1.70380497e-06 2.24759833e-06 1.43486614e-06
 1.60540037e-06 1.13344731e-06 9.43687780e-07 1.17600791e-06
 1.17618174e-06 2.78574157e-06 1.37593099e-06 1.95908956e-06
 1.10342842e-06 2.56932617e-06 2.84575071e-06 2.78649236e-06
 2.17342017e-06 2.60193679e-06 2.54750466e-06 2.50473045e-06
 2.37564768e-06 3.96176256e-06 3.56053192e-06 4.76518971e-06
 4.86220551e-06 5.86482793e-06 4.22392395e-06 9.47112130e-06
 9.63382172e-06 1.07653277e-05 1.23350337e-05 2.52107075e-05
 1.92040552e-05 1.56610749e-05 1.83429238e-05 2.06566383e-05
 4.17263254e-05 2.62798731e-05 6.42753148e-05 6.12569347e-05
 4.41976408e-05 3.82295148e-05 2.94930451e-05 3.66068743e-05
 4.00381869e-05 1.92554271e-05 3.42407548e-05 2.96210692e-05
 3.73387120e-05 3.95075986e-05 4.27373270e-05 9.49939931e-05
 5.42207381e-05 2.18177647e-05 3.71431051e-05 3.07765185e-05
 3.56698911e-05 2.79825781e-05 3.14095159e-05 2.59347889e-05
 2.84378475e-05 1.44483865e-05 3.12476222e-05 3.62144783e-05
 3.30171715e-05 3.30401672e-05 7.47741287e-05 7.41769327e-05
 2.25414096e-05 4.39789983e-05 4.51627893e-05 2.90102635e-05
 3.03881261e-05 2.32852981e-05 2.50335561e-05 2.06296190e-05
 2.14243137e-05 1.60707368e-05 2.21164300e-05 2.38515258e-05
 2.15583550e-05 1.99670249e-05 2.37186177e-05 1.49873276e-05
 8.34807724e-06 8.35943683e-06 5.95739539e-06 1.05517765e-05
 7.64689867e-06 5.93359664e-06 2.92777418e-06 4.27229497e-06
 3.06193738e-06 3.71677220e-06 4.28038720e-06 7.31656701e-06
 4.18687659e-06 4.74579974e-06 3.10875362e-06 4.40333633e-06
 2.38192820e-06 2.42562078e-06 4.08405049e-06 7.19307172e-06
 5.13036730e-06 4.52196036e-06 5.80577034e-06 8.32490332e-06
 5.86401438e-06 2.63074685e-06 3.91561343e-06 2.82752058e-06
 1.30579735e-06 3.42043313e-06 2.88415595e-06 1.84674207e-06
 1.71148838e-06 1.13701105e-06 1.03320201e-06 1.20004245e-06
 1.38525911e-06 1.63091499e-06 1.61716616e-06 1.80956943e-06
 1.01186026e-06 1.06226480e-06 1.09618372e-06 8.44871408e-07
 9.53628103e-07 1.19959850e-06 8.92780008e-07 1.37402367e-06
 9.12512860e-07 1.33040487e-06 9.88284683e-07 1.02292961e-06
 1.01828857e-06 1.16423428e-06 1.80546078e-06 1.29744728e-06
 2.91316525e-07 1.34079312e-06 8.06199580e-07 1.16917363e-06
 1.21105313e-06 1.36049255e-06 1.02649676e-06 1.36637971e-06
 1.01618389e-06 1.04859600e-06 2.17189881e-06 3.56149053e-06
 1.61658716e-06 2.18343439e-06 1.28389411e-06 1.55635360e-06
 1.10969518e-06 1.10383951e-06 2.41463295e-06 1.79502604e-06
 8.21421452e-07 5.64075719e-07 9.70323640e-07 7.81239407e-07
 3.41795158e-07 4.35205067e-07 5.26934002e-07 3.60168684e-07
 1.84804591e-07 3.23268864e-07 1.68435975e-07 1.96970177e-07
 2.02950631e-07 1.64255610e-07 1.62371407e-07 3.35560912e-07]
[3.1328108e-07 4.7978597e-07 4.0158670e-07 9.3719854e-07 5.6291077e-07
 7.4691371e-07 1.1625725e-06 2.3033156e-06 1.8053578e-06 1.7780108e-06
 3.8609610e-06 2.6097023e-06 1.5273152e-06 2.7356593e-06 4.0438149e-06
 6.5353270e-06 1.2691132e-05 6.1820556e-06 3.3257049e-06 4.6799928e-06
 3.0090830e-06 2.9294054e-06 2.5099916e-06 2.1203086e-06 1.6886033e-06
 2.1735430e-06 1.2337458e-06 1.2099104e-06 1.7209477e-06 9.9595593e-07
 1.1017161e-06 1.8416144e-06 1.8975821e-06 1.6774262e-06 2.0982843e-06
 1.1033684e-06 1.1204186e-06 1.3119343e-06 2.4401841e-06 1.2240906e-06
 1.2656857e-06 1.9694137e-06 1.5099578e-06 1.1320930e-06 1.4270755e-06
 1.3913527e-06 1.7822550e-06 2.7968526e-06 2.9681312e-06 2.6827545e-06
 1.8921320e-06 1.6500931e-06 1.0221835e-06 1.0990079e-06 1.1396725e-06
 1.4102026e-06 1.8782675e-06 2.7020915e-06 1.7258075e-06 2.0030648e-06
 2.4482997e-06 1.5383876e-06 2.5705112e-06 2.9314158e-06 2.1498972e-06
 1.9245731e-06 2.9631212e-06 1.9520985e-06 4.3563268e-06 1.9396946e-06
 3.5369505e-06 2.6974412e-06 2.9543733e-06 3.1679808e-06 4.7804187e-06
 8.4494886e-06 1.0979627e-05 8.9552086e-06 1.2342468e-05 1.0474573e-05
 1.6426597e-05 1.3724789e-05 1.6842236e-05 2.7224609e-05 1.1706686e-05
 2.3159228e-05 3.9571834e-05 3.2937049e-05 3.6857815e-05 3.5118832e-05
 3.4994129e-05 4.4619141e-05 2.4348372e-05 3.2838507e-05 4.5411583e-05
 6.7916808e-05 3.0840463e-05 3.8578295e-05 4.7052436e-05 2.2251792e-05
 3.4535635e-05 2.2861626e-05 2.2235859e-05 4.8654023e-05 3.0187219e-05
 3.3337437e-05 5.1109946e-05 4.3641161e-05 3.5674926e-05 2.7716380e-05
 4.9528939e-05 5.5912999e-05 2.7714292e-05 2.7538117e-05 3.6121499e-05
 6.8987290e-05 3.8111157e-05 3.5712084e-05 4.8211878e-05 3.8728973e-05
 2.7763917e-05 3.6369100e-05 2.4784955e-05 1.5742553e-05 1.3893349e-05
 2.0601985e-05 1.9727306e-05 2.4940548e-05 1.8767836e-05 1.2465146e-05
 1.1721954e-05 6.2314284e-06 7.8823387e-06 4.7924555e-06 1.0530148e-05
 5.5027162e-06 8.2949491e-06 6.0760831e-06 4.7015988e-06 7.5320950e-06
 6.0860425e-06 2.9972027e-06 3.8781036e-06 2.7974140e-06 3.9814572e-06
 3.3594315e-06 3.0490212e-06 6.0465914e-06 3.5621827e-06 2.1708686e-06
 3.0147839e-06 4.5919292e-06 5.3609870e-06 6.8189388e-06 9.1615848e-06
 3.6457468e-06 3.4155385e-06 2.7879096e-06 4.1586109e-06 2.0455029e-06
 2.1134401e-06 1.8119996e-06 2.1274845e-06 1.4856365e-06 1.9145170e-06
 2.1267936e-06 1.1972097e-06 1.2776148e-06 8.4329628e-07 1.2562338e-06
 1.6864716e-06 2.0734731e-06 1.3376684e-06 1.2143936e-06 8.1558483e-07
 6.1229844e-07 6.5234400e-07 5.1440048e-07 8.9633323e-07 1.0142682e-06
 8.0869967e-07 4.2393216e-07 8.3121466e-07 8.4220778e-07 7.2321922e-07
 1.0618265e-06 5.8091302e-07 1.4634066e-06 9.4271809e-07 9.2400325e-07
 1.2397500e-06 1.1770400e-06 1.1677631e-06 1.3999247e-06 1.2011177e-06
 2.2234101e-06 1.4582387e-06 1.1397433e-06 1.1453870e-06 1.7217699e-06
 1.8338924e-06 1.7915296e-06 1.7374581e-06 1.1403512e-06 9.3537034e-07
 1.8007337e-06 9.7179316e-07 1.2044728e-06 9.1896828e-07 4.5339539e-07
 5.2936093e-07 5.5054528e-07 5.2630497e-07 2.4183603e-07 2.6468362e-07
 2.6969991e-07 2.2056865e-07 2.3341879e-07 4.6834410e-07 3.1869362e-07
 2.5064978e-07 2.3658311e-07 1.5248970e-07 1.3074136e-07]
[3.45474064e-07 1.01404964e-06 7.60378782e-07 6.62756463e-07
 8.65721631e-07 5.75654894e-07 1.33798312e-06 1.15810963e-06
 9.01182091e-07 1.21642177e-06 1.35129483e-06 2.67072596e-06
 1.37615973e-06 2.98550344e-06 3.31970091e-06 5.49367132e-06
 8.26517407e-06 5.41173722e-06 1.44774012e-05 6.15632916e-06
 5.15465808e-06 2.78009816e-06 1.89183754e-06 3.73734360e-06
 1.62052584e-06 2.94885808e-06 1.31882371e-06 2.01817124e-06
 5.28362932e-07 1.06094046e-06 1.17796412e-06 9.99110057e-07
 1.54262659e-06 1.12670239e-06 1.06110281e-06 1.76935362e-06
 1.62409970e-06 9.10128165e-07 1.35419634e-06 1.25171982e-06
 1.62980814e-06 1.42428837e-06 1.17284287e-06 1.76484366e-06
 1.85553927e-06 1.32954801e-06 1.49760820e-06 1.51453912e-06
 2.14188117e-06 1.88176648e-06 2.06392588e-06 1.86952275e-06
 1.01519993e-06 9.01619387e-07 9.07156846e-07 1.85305282e-06
 1.87033368e-06 1.40771283e-06 1.85537817e-06 1.17191655e-06
 1.56805174e-06 2.08745837e-06 2.40016675e-06 4.74065791e-06
 2.87483567e-06 3.85699377e-06 2.91042215e-06 3.90305649e-06
 4.91853325e-06 2.10063172e-06 8.13439601e-06 4.06379513e-06
 4.02556770e-06 5.20397725e-06 1.06582038e-05 6.27605050e-06
 5.11201188e-06 8.60880937e-06 1.25863271e-05 1.40280545e-05
 1.35571599e-05 2.11474689e-05 2.86276045e-05 2.33832234e-05
 1.94549957e-05 3.60905287e-05 3.00953488e-05 5.12453444e-05
 2.23852276e-05 2.25410822e-05 2.72260604e-05 2.81955490e-05
 2.78909374e-05 1.85582630e-05 2.80014156e-05 2.00861268e-05
 2.80741897e-05 4.18105046e-05 4.75802808e-05 2.13190888e-05
 2.96954022e-05 4.08244960e-05 2.37765908e-05 4.45282967e-05
 2.48575907e-05 5.69502918e-05 3.72900831e-05 6.88907458e-05
 3.38367645e-05 1.83315951e-05 4.93529660e-05 3.87201035e-05
 2.90103926e-05 4.97304973e-05 5.13687846e-05 4.81165298e-05
 4.32184424e-05 3.99122546e-05 2.93524299e-05 2.68873337e-05
 1.76554076e-05 2.17220277e-05 2.65973995e-05 2.23478128e-05
 3.18131970e-05 9.78728895e-06 2.87044459e-05 1.56646292e-05
 1.50123706e-05 8.36329036e-06 1.44981686e-05 1.67011676e-05
 5.95672600e-06 6.08648725e-06 6.52184781e-06 7.90407103e-06
 5.94186031e-06 3.74650767e-06 4.78129687e-06 5.38881295e-06
 3.71568399e-06 3.73126272e-06 3.27356724e-06 5.54558528e-06
 5.61329944e-06 4.96572420e-06 3.73066746e-06 6.49676031e-06
 5.20028152e-06 4.90787215e-06 2.45392539e-06 4.68663302e-06
 4.23050824e-06 8.60252749e-06 6.86536214e-06 3.95875759e-06
 2.48868309e-06 5.49274637e-06 4.12977215e-06 3.69769350e-06
 2.31160539e-06 3.25721999e-06 1.46776699e-06 1.70999510e-06
 9.05441993e-07 1.23928260e-06 1.52005066e-06 1.52545761e-06
 9.72261091e-07 8.58812825e-07 5.92864410e-07 1.13143790e-06
 1.31393847e-06 6.77759544e-07 7.56567715e-07 6.86070791e-07
 9.27198073e-07 9.26253222e-07 1.06047480e-06 8.65100731e-07
 6.46844512e-07 7.80184337e-07 8.35396065e-07 6.76052423e-07
 9.68735208e-07 7.87541239e-07 1.09037865e-06 8.61407614e-07
 6.64814877e-07 6.31215983e-07 9.96795393e-07 1.06620121e-06
 1.16812964e-06 1.87037256e-06 1.94090171e-06 1.12734654e-06
 1.37148936e-06 1.01174271e-06 1.28564523e-06 2.63759034e-06
 3.09080315e-06 1.57197417e-06 1.82621409e-06 1.68661882e-06
 8.47251385e-07 8.59247677e-07 1.37152483e-06 1.25765928e-06
 5.50956145e-07 3.99003596e-07 3.39417966e-07 9.30830538e-07
 1.10580322e-06 2.61711762e-07 1.77470255e-07 2.46764188e-07
 2.52984222e-07 2.35469471e-07 5.72861552e-07 5.17859576e-07
 2.75912356e-07 2.19472909e-07 1.75272760e-07 1.20395740e-07]
[5.33987134e-07 5.33108732e-07 6.46849912e-07 6.53170162e-07
 9.81207677e-07 4.50695524e-07 1.67586802e-06 2.48354240e-06
 1.11325608e-06 1.40724751e-06 3.41396026e-06 2.56359567e-06
 2.91388824e-06 2.35272842e-06 2.05543961e-06 5.05181333e-06
 7.02418811e-06 1.11323634e-05 6.87895999e-06 5.62405830e-06
 3.26159193e-06 4.78943730e-06 2.84937164e-06 2.09878544e-06
 2.95305085e-06 2.32824391e-06 5.59334512e-06 1.85763929e-06
 1.56461920e-06 1.94895006e-06 1.65373820e-06 1.23115501e-06
 1.19048013e-06 1.55662246e-06 1.59309786e-06 1.32184061e-06
 9.01192209e-07 9.43202565e-07 2.02870410e-06 1.41221415e-06
 1.22418305e-06 1.45316278e-06 1.01839498e-06 1.23423524e-06
 1.09525024e-06 8.02332124e-07 1.57048271e-06 2.78309471e-06
 2.03732225e-06 2.64275786e-06 2.14422016e-06 1.97696568e-06
 1.05418883e-06 7.35647689e-07 1.66292864e-06 1.31072909e-06
 1.80647248e-06 1.74413401e-06 2.18163427e-06 1.40859618e-06
 2.97432143e-06 1.08040297e-06 2.77849790e-06 1.90412777e-06
 2.41841576e-06 2.29649959e-06 2.73211026e-06 5.90915033e-06
 4.10645589e-06 3.13959686e-06 6.34930620e-06 9.21940591e-06
 3.98344628e-06 5.17478475e-06 5.09433130e-06 8.02132035e-06
 6.55350277e-06 6.32754427e-06 1.15005723e-05 1.99818987e-05
 1.65585607e-05 2.79280921e-05 2.47988592e-05 2.78493244e-05
 2.81678076e-05 3.38514546e-05 4.02096593e-05 4.82078794e-05
 2.45049505e-05 2.69945449e-05 4.84546181e-05 5.15250686e-05
 3.33246680e-05 3.08864001e-05 3.45187000e-05 4.74822118e-05
 3.33171847e-05 3.31963347e-05 1.14612434e-04 3.27272755e-05
 2.22989383e-05 2.26505454e-05 2.83457539e-05 8.22202928e-05
 3.76166026e-05 2.28174376e-05 9.43533014e-05 3.48457252e-05
 2.52961672e-05 4.79328482e-05 7.36908478e-05 6.92410467e-05
 6.12630756e-05 3.97313597e-05 6.02066139e-05 3.08197159e-05
 4.21653240e-05 3.23804270e-05 4.42980236e-05 5.21185684e-05
 2.58941163e-05 2.34627205e-05 2.99578514e-05 2.55813738e-05
 3.06504116e-05 2.39250821e-05 3.68734509e-05 3.58732759e-05
 3.47900277e-05 2.01101266e-05 2.37263739e-05 2.16686549e-05
 1.14230888e-05 7.35254662e-06 9.76440060e-06 1.29299706e-05
 3.96963287e-06 6.57736200e-06 8.13739007e-06 8.08958885e-06
 4.20412061e-06 2.60403885e-06 6.26000656e-06 3.69624809e-06
 2.86439240e-06 5.87012391e-06 3.08377912e-06 4.79935852e-06
 3.13859459e-06 3.81646214e-06 3.83209090e-06 6.59449324e-06
 4.43466206e-06 3.61981597e-06 5.46357296e-06 5.83732299e-06
 4.02984688e-06 5.32901913e-06 4.68248754e-06 3.20815707e-06
 4.88842261e-06 2.87622538e-06 1.74606805e-06 1.37301470e-06
 9.57998395e-07 7.26418250e-07 1.37084533e-06 1.27633530e-06
 1.54826421e-06 1.14991519e-06 1.19047661e-06 1.07831204e-06
 6.57961039e-07 7.56855400e-07 1.18954131e-06 6.30209513e-07
 8.75245121e-07 1.47343280e-06 7.36028142e-07 6.60568730e-07
 7.41543090e-07 5.59901082e-07 1.09190103e-06 6.21902473e-07
 6.32788272e-07 1.22368886e-06 1.37787356e-06 1.14347085e-06
 7.82184713e-07 7.30331237e-07 8.67831659e-07 1.63520917e-06
 1.60266882e-06 8.11504833e-07 2.59741773e-06 2.11321071e-06
 1.33440381e-06 2.84365910e-06 2.07839184e-06 1.83629766e-06
 2.22022277e-06 1.62993729e-06 1.06394361e-06 6.96105360e-07
 1.75730656e-06 6.04655781e-07 1.43276691e-06 6.14448993e-07
 4.69062428e-07 4.06000623e-07 5.17227249e-07 4.75285589e-07
 4.18534455e-07 2.06408117e-07 2.15818773e-07 3.85012953e-07
 3.07091540e-07 2.53273271e-07 2.00404713e-07 2.72267243e-07
 2.23587676e-07 2.78898739e-07 1.85709339e-07 1.27447450e-07]
[4.4599156e-07 9.1306788e-07 7.7684064e-07 9.8766634e-07 1.2926716e-06
 6.7610898e-07 1.3175146e-06 4.7808732e-07 1.2246511e-06 2.1820504e-06
 1.7232151e-06 1.8086927e-06 1.7468352e-06 2.0323196e-06 5.1648835e-06
 6.0216821e-06 5.3714011e-06 5.4018351e-06 6.2325748e-06 2.7171218e-06
 2.8609172e-06 1.9283473e-06 3.4818579e-06 2.8962070e-06 2.1458168e-06
 2.7187280e-06 2.1262856e-06 2.2233787e-06 1.8988411e-06 1.9818976e-06
 1.8112188e-06 2.5147181e-06 1.6905419e-06 1.7377630e-06 1.8528825e-06
 3.0204308e-06 1.0353764e-06 6.3228919e-07 1.1697125e-06 1.2925888e-06
 1.5080282e-06 1.2595159e-06 1.4084925e-06 1.7476617e-06 1.0994420e-06
 1.8040768e-06 2.3937719e-06 1.6958488e-06 1.9955307e-06 1.4668635e-06
 1.5015434e-06 1.2437972e-06 2.2253096e-06 6.1887312e-07 1.0613159e-06
 1.5945656e-06 1.5564915e-06 2.0316093e-06 1.0816035e-06 1.8387710e-06
 3.3192066e-06 1.4159737e-06 1.6372961e-06 5.6300973e-06 2.8267741e-06
 2.2326740e-06 2.3946511e-06 2.6535433e-06 4.0044033e-06 4.0261166e-06
 3.7705188e-06 6.9768162e-06 7.2189760e-06 5.8729706e-06 4.0311002e-06
 8.2742372e-06 4.2587149e-06 6.8205723e-06 1.1330657e-05 2.1393660e-05
 1.6315158e-05 2.0889209e-05 2.4102681e-05 3.3976317e-05 2.6251306e-05
 3.0487956e-05 2.4646732e-05 4.0471496e-05 4.0672370e-05 4.3081960e-05
 5.3916552e-05 5.1382394e-05 5.5245797e-05 2.4515757e-05 4.2488584e-05
 7.1075679e-05 3.9099916e-05 6.8813373e-05 8.5188425e-05 6.1574501e-05
 2.0758513e-05 1.8817871e-05 5.2366096e-05 3.0178509e-05 3.2940163e-05
 1.9452273e-05 3.7559235e-05 5.2841995e-05 2.5534668e-05 4.4001983e-05
 6.2676365e-05 4.8820661e-05 3.1234013e-05 4.3324850e-05 8.1889630e-05
 6.4988948e-05 3.6497764e-05 4.8618345e-05 3.6228521e-05 5.9727998e-05
 3.9363993e-05 3.4769659e-05 4.0780073e-05 4.4026092e-05 3.6596190e-05
 1.8913755e-05 2.5348505e-05 4.6912861e-05 4.2384792e-05 2.5504058e-05
 1.5520376e-05 2.6364840e-05 1.1039476e-05 6.4949768e-06 7.7737968e-06
 1.5359210e-05 3.0944102e-06 9.0536350e-06 6.4248275e-06 6.8421614e-06
 7.3042925e-06 3.5094581e-06 3.5744931e-06 4.3141426e-06 6.3935495e-06
 4.9777041e-06 5.4611687e-06 4.1451449e-06 5.1516704e-06 3.4328295e-06
 6.8097374e-06 6.4349988e-06 5.6565027e-06 6.5024014e-06 6.7686528e-06
 9.0382437e-06 5.8687342e-06 2.4926653e-06 3.5387020e-06 4.0899008e-06
 3.2210494e-06 3.9200290e-06 1.2506115e-06 1.3571229e-06 1.1630705e-06
 8.8252182e-07 1.1924888e-06 1.0039322e-06 2.2620786e-06 1.7422757e-06
 1.2635520e-06 1.1698501e-06 1.0496948e-06 1.3861886e-06 8.7494800e-07
 6.8290893e-07 1.5482609e-06 4.7057833e-07 7.9617797e-07 5.1629416e-07
 8.2086223e-07 3.8916770e-07 1.0395690e-06 8.1280677e-07 1.0390442e-06
 8.0618855e-07 1.1297539e-06 1.1350280e-06 1.2429183e-06 7.1536823e-07
 1.3602216e-06 1.2812611e-06 1.0697310e-06 1.1284228e-06 1.3945182e-06
 1.8376651e-06 1.7429211e-06 1.4099911e-06 2.2507081e-06 2.1961350e-06
 2.8959257e-06 1.2946621e-06 2.2593215e-06 1.8359592e-06 2.3750592e-06
 1.3644417e-06 1.1198086e-06 1.2335587e-06 9.4923212e-07 5.7861365e-07
 5.9533579e-07 5.3850653e-07 2.5982010e-07 3.3205410e-07 4.0869782e-07
 2.9068656e-07 1.9113099e-07 4.2887677e-07 4.4693343e-07 3.6619227e-07
 2.8445211e-07 1.8028827e-07 1.7336065e-07 9.9452500e-08]
[4.56756283e-07 4.60589860e-07 1.13281158e-06 5.27521934e-07
 5.64560139e-07 7.69850146e-07 1.02631623e-06 1.00272348e-06
 8.18969227e-07 1.14931697e-06 1.94450718e-06 2.61371861e-06
 1.66609345e-06 1.13656677e-06 5.57660724e-06 3.70019984e-06
 4.17981619e-06 8.39711447e-06 4.56431280e-06 5.28437113e-06
 1.75442528e-06 2.24833684e-06 1.48650872e-06 2.10762414e-06
 1.71232932e-06 1.65399570e-06 3.95785537e-06 2.59254648e-06
 1.59394347e-06 2.09244695e-06 1.78394146e-06 2.04884623e-06
 1.39801068e-06 1.23303391e-06 1.06391099e-06 1.83669169e-06
 1.58347973e-06 1.01492026e-06 8.75601074e-07 1.82616543e-06
 9.90780336e-07 1.04756282e-06 1.62304684e-06 1.66928351e-06
 1.04579647e-06 1.06084588e-06 1.94315635e-06 3.07223195e-06
 1.65611164e-06 1.11262079e-06 1.51597180e-06 1.48957315e-06
 2.53131498e-06 7.38310973e-07 1.34208551e-06 1.51681400e-06
 1.10235726e-06 1.52334144e-06 1.70587612e-06 2.52126119e-06
 1.52017276e-06 1.24523660e-06 1.34988898e-06 1.53565952e-06
 9.30009776e-07 1.69700240e-06 3.41034502e-06 4.44751686e-06
 2.73904175e-06 5.12535735e-06 5.31671913e-06 3.43487204e-06
 3.98619659e-06 3.29377258e-06 5.36066500e-06 5.15374131e-06
 5.67170582e-06 6.26647807e-06 7.09450433e-06 8.40543817e-06
 1.67210383e-05 1.25851866e-05 1.43505567e-05 2.58334094e-05
 3.80518504e-05 3.54163822e-05 2.60185752e-05 5.09830315e-05
 3.82825710e-05 1.60565669e-05 3.02087119e-05 4.39730211e-05
 2.52346999e-05 2.97841962e-05 3.01016044e-05 3.56072997e-05
 3.76502794e-05 3.92731417e-05 3.03757897e-05 4.11171350e-05
 1.88258982e-05 1.71345400e-05 3.13451019e-05 1.58244056e-05
 2.98599116e-05 1.63521163e-05 1.94461463e-05 2.03475865e-05
 2.46826439e-05 1.73654389e-05 4.45208861e-05 3.98567317e-05
 3.89048109e-05 2.20373986e-05 4.81606730e-05 5.34807768e-05
 2.29267625e-05 2.64197024e-05 3.75508789e-05 2.51660294e-05
 2.56726362e-05 2.69075626e-05 3.65134802e-05 3.21410043e-05
 2.14436459e-05 4.53682333e-05 5.70879311e-05 3.36244229e-05
 1.83622342e-05 2.39012807e-05 1.77684124e-05 1.41685223e-05
 9.81513949e-06 1.10763149e-05 1.44932101e-05 1.25001707e-05
 5.13375062e-06 4.41156544e-06 1.16787369e-05 8.98459166e-06
 4.60195270e-06 4.63573224e-06 5.43748638e-06 3.24473604e-06
 2.13487033e-06 2.93175981e-06 5.48383059e-06 3.00673059e-06
 3.17503395e-06 1.95825828e-06 5.23867720e-06 3.13235773e-06
 8.13229326e-06 7.05344928e-06 1.27142148e-05 6.99003795e-06
 2.91311062e-06 3.09177699e-06 4.73731052e-06 4.20833430e-06
 2.40283475e-06 1.72905618e-06 2.18762830e-06 2.55008649e-06
 1.55284636e-06 1.55400755e-06 1.19483980e-06 1.06389643e-06
 1.44451235e-06 1.08253096e-06 9.72793714e-07 1.08016013e-06
 9.00663906e-07 1.31572153e-06 1.52992425e-06 8.22821050e-07
 7.47110732e-07 8.73161810e-07 7.84421275e-07 9.29540420e-07
 9.71941176e-07 8.50408242e-07 1.03983257e-06 5.31561625e-07
 5.74465275e-07 4.14938853e-07 8.82470601e-07 1.07238895e-06
 5.27132556e-07 9.09019093e-07 1.43045861e-06 9.34220282e-07
 6.24440872e-07 9.89298201e-07 1.45973138e-06 1.56740998e-06
 1.40794020e-06 8.18997421e-07 1.27859721e-06 1.22176129e-06
 1.85056626e-06 1.57630222e-06 2.59106764e-06 1.97842814e-06
 1.07368419e-06 1.37552297e-06 2.15892896e-06 7.22717914e-07
 7.67644281e-07 3.42627573e-07 5.57071075e-07 6.34448099e-07
 2.43425433e-07 2.23875944e-07 3.13139140e-07 1.52602112e-07
 1.99809890e-07 2.29744401e-07 2.55599929e-07 3.17839493e-07
 1.58100406e-07 1.03776244e-07 1.27144020e-07 1.19072318e-07]
[2.1112847e-07 2.4856098e-07 4.0602416e-07 6.7267746e-07 5.2375998e-07
 5.7120889e-07 9.4600210e-07 1.3516482e-06 6.5726545e-07 2.3398368e-06
 2.5833269e-06 1.9989714e-06 2.0022392e-06 3.4064781e-06 3.2330336e-06
 2.9448975e-06 1.3068816e-06 7.4831114e-06 3.8947223e-06 2.9910013e-06
 1.7532587e-06 2.0866428e-06 1.9185582e-06 1.3757505e-06 1.0863423e-06
 2.1977321e-06 3.5602288e-06 1.8447132e-06 1.4425477e-06 9.2235268e-07
 9.6197994e-07 1.4848237e-06 1.2784946e-06 9.2504041e-07 8.5185343e-07
 1.7678872e-06 9.5424207e-07 1.1386722e-06 1.0594972e-06 8.6772587e-07
 9.5634459e-07 1.8817633e-06 1.0236076e-06 1.2508862e-06 8.7089148e-07
 9.4746747e-07 1.3948032e-06 2.5078334e-06 1.2106660e-06 1.3411504e-06
 1.4464271e-06 1.3782669e-06 2.4853430e-06 1.4910382e-06 1.8253864e-06
 2.1470762e-06 1.0813227e-06 1.0882816e-06 1.0968087e-06 1.0858046e-06
 1.9217257e-06 1.2905413e-06 2.4889484e-06 2.1382295e-06 3.5814965e-06
 2.4585677e-06 1.4799780e-06 2.2049114e-06 4.1426579e-06 3.4049253e-06
 2.1699498e-06 5.8633118e-06 4.2658799e-06 4.4064759e-06 4.7705466e-06
 4.6609525e-06 7.2196431e-06 5.9433223e-06 1.0460867e-05 1.1331545e-05
 1.7845223e-05 1.0897362e-05 1.7120325e-05 3.3819539e-05 4.4843357e-05
 6.4588326e-05 2.1282394e-05 2.6747395e-05 1.3131675e-05 1.6310967e-05
 3.9348735e-05 2.5664021e-05 2.7422990e-05 2.6428774e-05 2.0308004e-05
 2.6762975e-05 3.8723530e-05 2.3105260e-05 3.2905857e-05 3.1735028e-05
 3.4755260e-05 2.2962364e-05 1.4919926e-05 2.5640655e-05 2.3495426e-05
 2.2164155e-05 1.6926984e-05 2.4543448e-05 2.9545272e-05 1.9010973e-05
 2.9027018e-05 2.9108021e-05 2.5421768e-05 2.2025684e-05 3.2295855e-05
 4.9244623e-05 3.6022528e-05 2.8695433e-05 3.8415794e-05 1.4714636e-05
 2.1117185e-05 2.9986832e-05 4.0655064e-05 1.8058450e-05 3.1520718e-05
 3.2868495e-05 3.0888248e-05 3.3652748e-05 1.6993807e-05 1.3631885e-05
 2.9861918e-05 1.5366442e-05 1.2690510e-05 1.2325181e-05 6.2784948e-06
 1.0781337e-05 7.1346235e-06 1.4817525e-05 1.0415173e-05 9.7738130e-06
 3.9658848e-06 3.3950771e-06 3.6694030e-06 2.4407916e-06 3.0165013e-06
 4.2190363e-06 3.3922072e-06 4.2750062e-06 4.5444681e-06 2.9025923e-06
 6.5092549e-06 4.2561437e-06 6.0668972e-06 6.0426341e-06 9.2458931e-06
 3.7937969e-06 3.1229458e-06 6.4567589e-06 4.1981566e-06 3.8823136e-06
 1.7666915e-06 1.8828465e-06 1.6657564e-06 2.3466673e-06 1.9249537e-06
 1.7678822e-06 1.7331355e-06 1.9722138e-06 8.0501849e-07 9.0356087e-07
 9.6092526e-07 1.2906986e-06 8.5462153e-07 5.4701150e-07 1.1325286e-06
 5.8494248e-07 7.6502943e-07 1.1341003e-06 8.3359834e-07 7.8228544e-07
 1.3750623e-06 2.5804895e-06 1.2245330e-06 7.5253439e-07 1.5096062e-06
 6.6484193e-07 9.3522073e-07 8.5588027e-07 1.0827687e-06 1.6514496e-06
 1.1317373e-06 7.7520821e-07 1.1302910e-06 7.7991791e-07 1.0227401e-06
 9.9763611e-07 1.0265065e-06 1.3835897e-06 9.2522424e-07 1.2089321e-06
 1.5671936e-06 1.8433338e-06 1.3704430e-06 7.2065569e-07 1.4355365e-06
 2.6288546e-06 3.8553212e-06 6.6262464e-07 5.6054563e-07 4.8061941e-07
 3.7252073e-07 4.3801401e-07 2.8691849e-07 2.2020873e-07 5.2999422e-07
 3.1196632e-07 3.1433356e-07 1.8273953e-07 3.1474397e-07 2.1432076e-07
 2.5974103e-07 1.1921279e-07 9.7911546e-08 6.3353632e-08]
[2.10831345e-07 4.07624754e-07 6.73724855e-07 6.26264466e-07
 5.32237323e-07 1.10221174e-06 1.12894725e-06 8.90335684e-07
 6.10979441e-07 6.39194184e-07 1.99275178e-06 1.48210984e-06
 1.22211884e-06 1.38899941e-06 2.13235512e-06 3.88578837e-06
 2.38002553e-06 4.83328358e-06 6.03499029e-06 2.18899845e-06
 2.61071978e-06 1.18898981e-06 2.62837170e-06 1.97500844e-06
 1.55232931e-06 2.38313010e-06 1.12748160e-06 3.73245734e-06
 1.11023462e-06 1.50826872e-06 2.22798758e-06 2.08535243e-06
 1.21135520e-06 1.15626756e-06 8.64278547e-07 1.49625612e-06
 1.49364780e-06 5.05802120e-07 1.53157077e-06 9.70302267e-07
 1.42264014e-06 1.14528734e-06 2.93560515e-06 9.94490733e-07
 1.13219664e-06 1.03599223e-06 1.84286012e-06 2.49524510e-06
 1.94556310e-06 1.00382942e-06 2.32744355e-06 2.45420233e-06
 1.39511906e-06 1.28139027e-06 9.34625348e-07 3.25162000e-06
 1.04466869e-06 1.29854504e-06 1.73783792e-06 2.42951933e-06
 1.71228032e-06 1.94657673e-06 4.70345003e-06 1.86420777e-06
 4.00586805e-06 3.68671886e-06 2.80586028e-06 4.41544353e-06
 4.78570519e-06 2.66241909e-06 3.54409553e-06 4.31602848e-06
 4.41193015e-06 4.26521001e-06 6.76498757e-06 4.92702338e-06
 6.31092917e-06 6.05972491e-06 2.23964162e-05 1.52398279e-05
 1.84640176e-05 1.94115000e-05 4.71483909e-05 3.66832755e-05
 4.08246269e-05 2.46099444e-05 3.48524300e-05 3.24585853e-05
 2.36406922e-05 1.85637964e-05 3.81750688e-05 3.59239821e-05
 2.89759337e-05 3.29530485e-05 2.78248626e-05 1.37066863e-05
 2.44225666e-05 3.07944028e-05 2.93836729e-05 2.64700120e-05
 2.49000350e-05 2.05289853e-05 3.35855984e-05 2.58754644e-05
 2.84608686e-05 1.82022322e-05 2.84304788e-05 2.81536977e-05
 2.40228928e-05 1.77845632e-05 3.50939918e-05 3.45383705e-05
 3.28491224e-05 2.68893837e-05 3.15942852e-05 3.69153313e-05
 3.94232920e-05 3.14408499e-05 2.75181283e-05 2.21201553e-05
 1.29212958e-05 3.40981242e-05 3.88606823e-05 2.05491287e-05
 1.57288923e-05 1.87705664e-05 2.49590958e-05 1.81220221e-05
 4.30938380e-05 2.33022274e-05 4.34513204e-05 1.79060917e-05
 1.89839684e-05 4.27356235e-06 8.51318782e-06 9.74533305e-06
 5.44685327e-06 7.59434624e-06 1.51268905e-05 4.18269383e-06
 9.95734899e-06 2.72100078e-06 2.30301134e-06 4.21131563e-06
 4.02525529e-06 3.49795846e-06 4.02315618e-06 4.71499834e-06
 2.90681442e-06 1.81800294e-06 3.50522259e-06 5.43162105e-06
 7.52136475e-06 7.80463142e-06 1.40325183e-05 1.10437077e-05
 3.94169956e-06 7.66057110e-06 5.06608467e-06 5.73877742e-06
 2.56307248e-06 5.65260734e-06 2.29311968e-06 2.44864395e-06
 1.31774834e-06 1.14813099e-06 6.56944849e-07 1.86194268e-06
 1.12665839e-06 2.25070812e-06 2.03007221e-06 1.30444653e-06
 1.27906696e-06 1.78554683e-06 1.41796090e-06 9.61680826e-07
 8.69954590e-07 5.94468361e-07 7.66863479e-07 7.37018127e-07
 9.96235030e-07 6.52321717e-07 8.82991969e-07 1.36647895e-06
 1.03011428e-06 6.63854451e-07 1.06905429e-06 1.05515210e-06
 6.29950250e-07 5.65085031e-07 7.47778188e-07 1.01561602e-06
 8.52489791e-07 1.13130318e-06 1.78217249e-06 1.64838775e-06
 7.64564845e-07 1.09576240e-06 2.85371311e-06 1.42171427e-06
 1.38295297e-06 3.12031284e-06 2.46507170e-06 2.15807790e-06
 1.76206856e-06 1.55127566e-06 1.17317506e-06 1.23623067e-06
 7.09248695e-07 7.76366107e-07 7.36927404e-07 4.00831681e-07
 2.96562803e-07 3.48034376e-07 6.14690350e-07 2.57259416e-07
 2.86996425e-07 1.41480243e-07 2.40485889e-07 2.05439775e-07
 1.29133880e-07 2.33556534e-07 1.13547486e-07 6.74054021e-08]
[1.82797251e-07 3.86705466e-07 8.89609055e-07 7.88113539e-07
 6.02362661e-07 6.15999340e-07 5.21110735e-07 1.31206241e-06
 4.31021903e-07 8.11936843e-07 1.66387110e-06 9.56502731e-07
 2.43708064e-06 1.90903188e-06 2.13793533e-06 2.28580279e-06
 4.04140110e-06 4.77208141e-06 3.16914998e-06 3.86346574e-06
 1.70378132e-06 1.95492134e-06 1.56373392e-06 1.92719358e-06
 1.24086034e-06 1.80960490e-06 1.59127285e-06 3.37962501e-06
 1.04023275e-06 1.83977556e-06 1.71859085e-06 1.97521535e-06
 1.13377462e-06 2.47744947e-06 2.18287619e-06 1.73967692e-06
 1.71940371e-06 2.10795315e-06 1.70600845e-06 1.66367056e-06
 1.21159849e-06 9.64284482e-07 1.10415567e-06 1.98640532e-06
 9.63944217e-07 1.22676420e-06 1.54053077e-06 2.29624743e-06
 2.79220853e-06 2.53059011e-06 1.82855240e-06 2.03393597e-06
 2.87684202e-06 1.30146327e-06 1.65236759e-06 2.68097301e-06
 2.36863957e-06 1.88484967e-06 1.67681389e-06 1.71276531e-06
 2.09940276e-06 1.77865525e-06 2.09853556e-06 3.33783350e-06
 2.76325522e-06 3.34313768e-06 3.89944717e-06 1.94687050e-06
 2.00286468e-06 3.42801854e-06 2.84902308e-06 3.82707958e-06
 7.61413185e-06 5.49527613e-06 9.68389031e-06 6.73664181e-06
 5.03034289e-06 7.51826747e-06 1.50479855e-05 1.33594649e-05
 1.46397870e-05 1.51619324e-05 7.21004253e-05 4.74329136e-05
 1.40239999e-05 1.75344612e-05 3.10611613e-05 3.60356062e-05
 2.98205559e-05 3.37585698e-05 2.53643611e-05 4.82992036e-05
 3.07150331e-05 2.39745259e-05 2.28738481e-05 3.21024490e-05
 4.66517486e-05 3.49702495e-05 3.38118007e-05 3.43278698e-05
 2.17818651e-05 2.54832685e-05 3.97488657e-05 3.18090497e-05
 3.17925951e-05 4.43566933e-05 4.65393932e-05 2.71741101e-05
 3.23491295e-05 2.48519227e-05 3.57618992e-05 5.40073561e-05
 2.32991661e-05 2.71833123e-05 1.94536715e-05 6.45817563e-05
 2.17689812e-05 2.24702380e-05 2.41706311e-05 2.04019943e-05
 3.26931731e-05 2.70990295e-05 2.57445499e-05 2.71583613e-05
 2.13876574e-05 2.19560225e-05 3.79738958e-05 3.29624127e-05
 2.91104207e-05 3.87321015e-05 2.56416406e-05 1.83065149e-05
 1.55189555e-05 7.70720635e-06 8.91642139e-06 1.18269745e-05
 5.29330146e-06 1.08651557e-05 1.00605530e-05 6.75298770e-06
 5.58642705e-06 2.08685583e-06 3.40775682e-06 3.13727492e-06
 4.99900170e-06 6.03981562e-06 6.12795657e-06 2.17455295e-06
 3.32367472e-06 7.39963389e-06 8.21579670e-06 1.40182092e-05
 5.68655150e-06 1.14832801e-05 8.84153542e-06 1.39723152e-05
 6.67092718e-06 3.35368964e-06 4.67264590e-06 3.09846496e-06
 5.65228720e-06 3.17187619e-06 2.67764131e-06 2.75049501e-06
 1.93535561e-06 1.12907901e-06 1.65361087e-06 1.22130359e-06
 1.88086904e-06 1.25683914e-06 1.41314194e-06 1.76476226e-06
 1.77276024e-06 1.65598760e-06 8.83387656e-07 7.45438228e-07
 1.00708121e-06 6.69672033e-07 5.60887827e-07 1.38950918e-06
 1.41321823e-06 1.47667981e-06 1.59229705e-06 2.44763714e-06
 1.84289809e-06 1.05893969e-06 1.08468464e-06 1.30321951e-06
 6.75522472e-07 6.27083239e-07 1.19314871e-06 1.17962975e-06
 1.25765519e-06 1.10116787e-06 8.97904158e-07 1.38974576e-06
 1.39182646e-06 2.60275533e-06 9.21092578e-07 2.19248227e-06
 1.63069228e-06 2.79692654e-06 2.17071670e-06 2.55881582e-06
 1.00859017e-06 1.15938792e-06 2.48002493e-06 1.01707940e-06
 8.80948221e-07 5.47208344e-07 5.31282240e-07 5.31516264e-07
 4.96670452e-07 2.02258946e-07 2.34699243e-07 3.04057750e-07
 1.54605914e-07 1.42841714e-07 4.24109430e-07 3.63101094e-07
 1.36984525e-07 1.60327588e-07 1.15974295e-07 1.04180437e-07]
[2.3418102e-07 5.1223515e-07 6.1726359e-07 5.6314821e-07 4.8942087e-07
 6.6115530e-07 6.0085330e-07 6.3022839e-07 6.9370134e-07 5.8788692e-07
 1.4963947e-06 1.7594015e-06 1.7745991e-06 2.0566483e-06 1.8133034e-06
 2.2002394e-06 3.6980989e-06 4.2228539e-06 3.3227086e-06 2.4959375e-06
 2.1985545e-06 1.2493297e-06 1.9144422e-06 1.5324109e-06 8.4538721e-07
 1.2957322e-06 2.6330088e-06 2.4293743e-06 1.2230827e-06 8.0276521e-07
 1.4668744e-06 1.4071916e-06 1.5491327e-06 1.6697500e-06 1.3254339e-06
 1.7600213e-06 1.5765335e-06 1.0199547e-06 1.5375646e-06 1.9161803e-06
 1.8895381e-06 7.6720715e-07 1.6115956e-06 9.6480824e-07 1.6756658e-06
 1.8464169e-06 2.3460591e-06 1.5347081e-06 1.6780477e-06 5.2630307e-06
 2.1414410e-06 1.1293291e-06 1.4035295e-06 6.9621183e-07 2.5139486e-06
 1.3568310e-06 1.4850899e-06 1.3833587e-06 2.3691637e-06 1.3289824e-06
 1.3119866e-06 1.0995590e-06 3.2489563e-06 4.2705087e-06 6.3081975e-06
 2.8276502e-06 4.0316804e-06 1.6608333e-06 2.0211553e-06 1.2369593e-06
 3.7457630e-06 3.5504747e-06 4.8942652e-06 4.4506642e-06 7.0289029e-06
 8.5763031e-06 8.1020089e-06 6.7102706e-06 1.4630619e-05 2.3519928e-05
 1.3608186e-05 1.3255143e-05 2.4967250e-05 2.4570227e-05 1.3958933e-05
 1.6013533e-05 1.9962796e-05 2.4464558e-05 1.9784260e-05 2.5322130e-05
 2.2773223e-05 3.5002442e-05 2.4722642e-05 1.9917898e-05 1.6543738e-05
 2.8804168e-05 2.9496159e-05 2.7094493e-05 2.7614185e-05 2.6355032e-05
 3.8711401e-05 1.7614411e-05 2.4577035e-05 2.9086945e-05 3.1251711e-05
 2.1779875e-05 4.1610994e-05 4.0391806e-05 2.7613825e-05 1.4458110e-05
 1.7514334e-05 2.3143148e-05 2.6857781e-05 2.5465817e-05 2.0948211e-05
 2.5537434e-05 1.9432375e-05 1.4316571e-05 3.2610351e-05 1.5825814e-05
 2.0472902e-05 1.5095850e-05 1.5953154e-05 2.0508225e-05 1.5747903e-05
 1.5680000e-05 1.9319261e-05 3.3541739e-05 3.3178774e-05 1.8566054e-05
 2.3024311e-05 2.6982443e-05 2.2337170e-05 7.0051660e-06 6.7945525e-06
 6.8477384e-06 4.7406975e-06 7.0624924e-06 7.3210299e-06 6.5472191e-06
 6.9108742e-06 4.7065855e-06 2.7485141e-06 6.0799066e-06 4.3697237e-06
 4.6141899e-06 6.2241506e-06 6.7831147e-06 7.7174163e-06 5.0832373e-06
 4.2989182e-06 6.2495601e-06 7.4736986e-06 4.3142350e-06 4.0661957e-06
 5.2432638e-06 3.5833673e-06 3.4508505e-06 3.6791109e-06 2.9120249e-06
 5.1217762e-06 2.7092885e-06 1.8294091e-06 1.6901989e-06 1.9642669e-06
 7.6877615e-07 1.3041372e-06 1.5155930e-06 1.1624034e-06 2.0589223e-06
 1.7179742e-06 1.5688511e-06 1.6816566e-06 1.2749380e-06 2.8706802e-06
 1.9722804e-06 8.6586948e-07 5.7146514e-07 1.1969753e-06 1.2032048e-06
 1.1853116e-06 6.0032141e-07 9.1848625e-07 1.5145457e-06 8.6290748e-07
 7.9093053e-07 1.1992962e-06 1.0265375e-06 1.0922039e-06 7.2536790e-07
 8.2797487e-07 9.3254175e-07 7.4746231e-07 8.1673562e-07 1.2171432e-06
 2.0708428e-06 1.7038159e-06 1.7767420e-06 1.4614416e-06 1.8214363e-06
 2.8594229e-06 2.3313858e-06 2.2441047e-06 1.1877756e-06 1.4525094e-06
 2.9881983e-06 2.9707514e-06 1.3322837e-06 9.1248040e-07 2.9518469e-07
 7.3933853e-07 7.6173183e-07 2.9424072e-07 1.8560202e-07 2.3127586e-07
 2.8454411e-07 1.4745677e-07 2.4855544e-07 2.9646239e-07 1.8076126e-07
 2.5621762e-07 9.8655839e-08 1.2723940e-07 5.9911592e-08]
[1.86375132e-07 6.57489352e-07 4.96421023e-07 3.45584425e-07
 7.16977922e-07 5.35751042e-07 8.35880485e-07 9.56278086e-07
 1.17931143e-06 1.08557299e-06 7.70345252e-07 1.10089866e-06
 1.38279950e-06 1.98420116e-06 1.29039017e-06 1.44696207e-06
 2.33203832e-06 3.84928808e-06 3.74374645e-06 2.32609455e-06
 2.07941252e-06 1.13014050e-06 3.83832048e-06 2.18578930e-06
 1.56132648e-06 1.47871015e-06 2.99238650e-06 1.57026852e-06
 1.62220306e-06 1.02663046e-06 1.13440444e-06 1.55519319e-06
 1.38557334e-06 1.33005608e-06 1.15504520e-06 9.82906499e-07
 1.66533175e-06 9.32075636e-07 2.93614903e-06 3.48255139e-06
 1.20521918e-06 1.42203044e-06 1.49275377e-06 1.00546629e-06
 9.08498578e-07 2.53071721e-06 2.82252563e-06 4.01064744e-06
 1.24199732e-06 2.90406501e-06 5.24896814e-06 1.44511114e-06
 1.34834806e-06 1.36447636e-06 1.14937291e-06 1.78432595e-06
 1.08518418e-06 1.07076221e-06 1.14143529e-06 1.83387067e-06
 1.92225775e-06 1.16009517e-06 2.74988429e-06 2.73066576e-06
 3.52597203e-06 2.87882290e-06 2.73564933e-06 2.67339055e-06
 3.60595800e-06 2.74358695e-06 3.28224428e-06 2.54529368e-06
 6.11522273e-06 6.53824236e-06 7.39246434e-06 7.21219476e-06
 4.72118654e-06 5.45625380e-06 1.06048055e-05 1.38621881e-05
 1.42702547e-05 1.48143363e-05 1.49637308e-05 2.26666980e-05
 4.83081931e-05 2.94722940e-05 2.25559870e-05 2.90084572e-05
 1.63964887e-05 2.93742796e-05 3.37163947e-05 4.27730010e-05
 9.62435115e-06 1.06297402e-05 3.19218962e-05 2.08757319e-05
 2.39201127e-05 2.39787059e-05 4.15460672e-05 3.50052287e-05
 3.99553865e-05 2.42176266e-05 1.97745976e-05 3.59630685e-05
 3.14647768e-05 3.12654047e-05 2.98357245e-05 3.13503988e-05
 2.06536279e-05 2.33602423e-05 3.17761915e-05 3.17235754e-05
 2.91190136e-05 1.95990924e-05 2.56143612e-05 2.59321405e-05
 1.82385265e-05 3.22118794e-05 1.32920204e-05 2.50483863e-05
 1.67158414e-05 2.36562209e-05 1.84787968e-05 1.63540390e-05
 1.36640547e-05 1.55543094e-05 3.79816956e-05 2.85858896e-05
 3.21605949e-05 2.93933117e-05 2.70575456e-05 2.45019455e-05
 1.44921360e-05 5.96685959e-06 6.52554991e-06 1.00682701e-05
 1.00324078e-05 1.10501123e-05 5.58535385e-06 6.49492586e-06
 5.42876160e-06 4.28159183e-06 2.39101223e-06 4.51312053e-06
 3.56602072e-06 4.15233853e-06 3.09371785e-06 5.01694103e-06
 7.37339769e-06 5.89180809e-06 4.76100513e-06 4.83945951e-06
 4.32398565e-06 4.62306025e-06 5.57713474e-06 4.79217488e-06
 4.58866634e-06 2.83917143e-06 3.36102221e-06 3.11119379e-06
 2.98706595e-06 1.65653091e-06 2.48007882e-06 2.34795834e-06
 1.65941663e-06 1.37878794e-06 2.06305208e-06 2.54097358e-06
 1.26050929e-06 1.72027319e-06 1.76527192e-06 1.67764449e-06
 1.17330831e-06 1.55646501e-06 9.26968198e-07 1.33713922e-06
 8.02804550e-07 9.41417113e-07 1.53924123e-06 9.03129148e-07
 6.37809080e-07 7.58674048e-07 1.33985475e-06 1.02175125e-06
 1.40351938e-06 1.60750278e-06 9.78832304e-07 1.09947939e-06
 1.26004363e-06 5.58483237e-07 8.33837760e-07 8.58014289e-07
 9.84981511e-07 1.16782167e-06 1.44257365e-06 1.41602538e-06
 2.02677552e-06 1.93338747e-06 1.86740056e-06 2.33864580e-06
 2.03537479e-06 4.02125852e-06 4.99193175e-06 1.82144777e-06
 1.74991055e-06 1.05518495e-06 3.79675498e-06 9.27432438e-07
 7.71215412e-07 4.25124284e-07 7.69530686e-07 5.54831900e-07
 3.40844423e-07 2.24751190e-07 2.92275473e-07 2.63317105e-07
 1.97507646e-07 2.41959725e-07 2.75345172e-07 2.55040192e-07
 2.07176711e-07 1.67390780e-07 6.35090629e-08 7.98561430e-08]
[5.05909611e-07 5.78166180e-07 5.63687706e-07 6.34849300e-07
 4.96444272e-07 5.71993496e-07 8.77372543e-07 1.73994101e-06
 1.71265231e-06 1.31819627e-06 1.14913064e-06 1.30249418e-06
 1.90858259e-06 1.54235624e-06 2.44010403e-06 1.70513692e-06
 2.77452386e-06 2.76279548e-06 5.23272456e-06 3.04690298e-06
 2.47934804e-06 2.18140144e-06 2.78240600e-06 2.85206465e-06
 2.03380182e-06 1.66678694e-06 2.14502529e-06 1.51118036e-06
 1.08697338e-06 1.19035622e-06 1.71681506e-06 1.03619311e-06
 9.96291988e-07 1.84675764e-06 1.57625709e-06 2.81556481e-06
 2.52873292e-06 8.33872946e-07 3.04160699e-06 1.54672523e-06
 1.17415323e-06 1.62662764e-06 1.42951683e-06 2.06902882e-06
 1.24873975e-06 2.66860206e-06 2.55659143e-06 2.07865446e-06
 3.44954788e-06 2.54007523e-06 3.44738669e-06 2.81008010e-06
 1.63557308e-06 1.19641129e-06 1.78635889e-06 1.68807992e-06
 1.87723765e-06 1.60491788e-06 2.74648391e-06 2.05914262e-06
 2.01469788e-06 4.03222884e-06 5.94305266e-06 2.97188603e-06
 2.45556589e-06 4.51169853e-06 5.25058158e-06 4.28438580e-06
 2.88117462e-06 5.09546953e-06 6.31512512e-06 5.06761853e-06
 9.44870862e-06 1.49976013e-05 7.74287855e-06 7.87226691e-06
 8.51201276e-06 5.99576015e-06 1.62670422e-05 2.13633175e-05
 1.59998544e-05 1.74963079e-05 2.05710530e-05 2.59028166e-05
 3.17697159e-05 1.37381912e-05 4.92581057e-05 2.79646029e-05
 2.83850968e-05 2.52300888e-05 4.05458886e-05 2.68036074e-05
 3.60506856e-05 3.08818962e-05 3.07069677e-05 2.82694036e-05
 2.05930119e-05 2.89733525e-05 4.41347256e-05 3.23317508e-05
 1.89151451e-05 1.56359620e-05 3.09225834e-05 4.76263485e-05
 4.06373583e-05 2.49350724e-05 3.06129987e-05 4.33041860e-05
 2.47628868e-05 5.48526586e-05 2.91962551e-05 4.65831072e-05
 3.62055107e-05 2.02262581e-05 2.72560283e-05 1.68996430e-05
 2.20964448e-05 2.41702292e-05 3.15989346e-05 3.14909557e-05
 2.27171822e-05 2.63698730e-05 1.87299283e-05 1.16086258e-05
 1.19196657e-05 1.49983971e-05 3.27017988e-05 2.21909850e-05
 2.63271413e-05 1.38441073e-05 2.13421299e-05 1.85249773e-05
 8.25645293e-06 1.43773468e-05 1.27415815e-05 1.06659281e-05
 8.79623894e-06 9.54041298e-06 8.93563265e-06 7.48466255e-06
 4.06159461e-06 4.61930358e-06 4.18419131e-06 5.61405204e-06
 4.61502577e-06 3.20199365e-06 7.02854231e-06 7.45729403e-06
 1.20441728e-05 4.50041853e-06 6.41824818e-06 5.76176717e-06
 7.72520161e-06 4.15666182e-06 1.12685129e-05 7.61832553e-06
 4.65773746e-06 3.72761019e-06 4.10228176e-06 5.01460727e-06
 2.35619905e-06 2.23987649e-06 4.98734926e-06 2.93494463e-06
 1.27366866e-06 1.76412050e-06 2.62206868e-06 1.19047456e-06
 1.22590097e-06 1.68094300e-06 2.25182316e-06 1.61755395e-06
 1.58565672e-06 1.01227943e-06 1.11545160e-06 1.50040307e-06
 4.76973071e-07 6.67826043e-07 9.10875599e-07 1.06061123e-06
 8.68032203e-07 9.40842654e-07 1.00960415e-06 6.74970806e-07
 1.47445587e-06 1.45871036e-06 1.65125232e-06 1.27757255e-06
 1.25662916e-06 5.97995495e-07 1.22995402e-06 1.13041301e-06
 9.38098481e-07 1.33886476e-06 1.47199569e-06 3.40169140e-06
 1.31352374e-06 2.02691967e-06 3.19359697e-06 2.98131704e-06
 2.49304799e-06 4.73999717e-06 3.46318029e-06 3.88659646e-06
 3.95478537e-06 3.19883816e-06 1.97876125e-06 1.16886986e-06
 7.83085170e-07 5.18540332e-07 7.28688065e-07 8.63286743e-07
 3.50912529e-07 3.29898882e-07 3.64754470e-07 3.66404976e-07
 3.48633904e-07 2.72279436e-07 3.58673191e-07 2.49305828e-07
 3.28679704e-07 1.98903209e-07 1.17979731e-07 7.08419847e-08]
[4.56518706e-07 7.36210040e-07 7.64712013e-07 9.13669737e-07
 7.36974641e-07 3.34650281e-07 5.40664303e-07 8.73250258e-07
 1.49088794e-06 1.36544395e-06 1.01672481e-06 1.45552724e-06
 1.63454445e-06 6.69152371e-07 2.23446318e-06 3.13531496e-06
 4.31248191e-06 3.41971372e-06 3.60573426e-06 2.42368856e-06
 2.58613886e-06 2.46104923e-06 5.12472207e-06 3.39989424e-06
 2.43554473e-06 2.22556696e-06 3.73510920e-06 4.36525215e-06
 1.34467689e-06 4.65501898e-06 4.02849992e-06 2.82915857e-06
 2.03305467e-06 1.58277123e-06 3.50390360e-06 2.73576438e-06
 9.99890744e-07 1.26461521e-06 1.42178612e-06 1.19742765e-06
 2.07510629e-06 1.24290364e-06 1.59711999e-06 1.88045090e-06
 8.42973805e-07 2.63436709e-06 1.38546568e-06 3.92955690e-06
 5.09551865e-06 1.71447880e-06 3.67735970e-06 2.05376114e-06
 3.39387043e-06 2.15965497e-06 1.09886253e-06 1.80849077e-06
 1.39600627e-06 1.55182897e-06 1.83786335e-06 1.78740731e-06
 2.16470585e-06 1.70497663e-06 8.32777096e-06 6.59312582e-06
 5.61061142e-06 3.96475025e-06 6.75464617e-06 3.30184389e-06
 4.06972094e-06 2.59909848e-06 5.14655540e-06 3.50479604e-06
 6.44833335e-06 1.15254225e-05 2.22410108e-05 1.14632530e-05
 1.05321851e-05 5.75940840e-06 1.36521148e-05 2.26642806e-05
 1.61657899e-05 2.64082555e-05 1.90962110e-05 3.94288363e-05
 4.27455416e-05 2.03487525e-05 2.86642680e-05 1.30987610e-05
 3.12973534e-05 1.88535814e-05 1.45457161e-05 1.64480498e-05
 1.41529044e-05 1.86079178e-05 2.12364812e-05 2.36793803e-05
 2.86161085e-05 1.76697959e-05 3.51897215e-05 3.82178659e-05
 1.68491460e-05 2.09145855e-05 3.10561336e-05 3.64621592e-05
 3.36038574e-05 5.32072700e-05 3.05085832e-05 5.13215164e-05
 3.18621424e-05 2.09343361e-05 3.55460761e-05 3.54679796e-05
 3.35778168e-05 3.15685902e-05 2.90474709e-05 2.31911235e-05
 3.81235113e-05 2.23479146e-05 3.45764129e-05 3.56188611e-05
 2.28947829e-05 2.01076637e-05 2.28388235e-05 2.16631015e-05
 1.02689655e-05 1.03029988e-05 2.00993654e-05 2.72179368e-05
 1.94214317e-05 1.86894868e-05 1.26165733e-05 2.47656699e-05
 1.06992820e-05 1.38651039e-05 1.30263297e-05 1.09898438e-05
 1.09051871e-05 7.34637797e-06 8.39689619e-06 5.51679886e-06
 4.60048477e-06 4.76925243e-06 3.24740995e-06 6.91635751e-06
 9.83198970e-06 7.75292119e-06 8.74431225e-06 7.42881457e-06
 5.11622557e-06 7.21147080e-06 6.97597579e-06 1.41723103e-05
 5.81633140e-06 6.17837077e-06 6.05954619e-06 1.16727069e-05
 3.01373234e-06 4.44444186e-06 3.58528996e-06 5.56425539e-06
 2.18187529e-06 3.32123454e-06 4.73636828e-06 4.15484510e-06
 2.17909405e-06 1.24243104e-06 1.85304179e-06 1.36240669e-06
 1.23473467e-06 1.36727988e-06 1.51634879e-06 2.60602428e-06
 2.27263354e-06 1.12034979e-06 1.74040633e-06 1.47137291e-06
 8.93391586e-07 8.85968745e-07 7.02448972e-07 1.55404143e-06
 6.74344449e-07 5.63765241e-07 8.47134970e-07 8.90539468e-07
 1.01761623e-06 9.28763882e-07 8.59651664e-07 6.30592126e-07
 1.24188421e-06 8.40650728e-07 1.16000945e-06 1.09213204e-06
 8.90657418e-07 9.76704655e-07 2.27617124e-06 2.66960160e-06
 1.96128326e-06 2.89987497e-06 3.50439609e-06 2.10691428e-06
 3.03359434e-06 2.20285870e-06 3.51346421e-06 4.56796352e-06
 2.29947022e-06 2.18106584e-06 1.58421915e-06 2.47606363e-06
 9.87771500e-07 8.12994642e-07 8.83403516e-07 7.29834937e-07
 5.30701243e-07 2.86304214e-07 2.13290136e-07 5.43272279e-07
 2.07525417e-07 2.71797262e-07 3.65048010e-07 2.10315534e-07
 1.86329871e-07 1.09355149e-07 1.34176005e-07 1.04136653e-07]
[2.58122640e-07 6.71023827e-07 5.17960245e-07 6.23363235e-07
 5.76206787e-07 4.19862005e-07 1.06038465e-06 6.56281372e-07
 1.08309814e-06 1.23907853e-06 1.23321013e-06 1.41308431e-06
 1.84126247e-06 9.69346161e-07 1.86622810e-06 2.06021059e-06
 3.81573545e-06 2.48639617e-06 5.70449993e-06 2.80377185e-06
 1.51981078e-06 1.61748210e-06 3.19793958e-06 1.76471440e-06
 1.49923824e-06 1.47454693e-06 1.37424206e-06 3.27259841e-06
 1.76187996e-06 1.28096383e-06 2.12080772e-06 1.33733192e-06
 1.72203943e-06 1.71689123e-06 3.01340242e-06 2.90187381e-06
 9.48520380e-07 1.20196648e-06 1.61476601e-06 1.55798045e-06
 1.01006015e-06 1.69369139e-06 1.31715581e-06 2.03998593e-06
 1.72507498e-06 9.85747079e-07 1.00164903e-06 1.67545693e-06
 5.35432673e-06 4.41413204e-06 2.53570920e-06 1.65354015e-06
 1.58806131e-06 1.44684770e-06 1.57266879e-06 1.67737051e-06
 9.31913462e-07 1.14886632e-06 2.15934188e-06 1.55984708e-06
 2.03286231e-06 2.77905838e-06 4.12755298e-06 3.98173006e-06
 7.25002110e-06 5.22944356e-06 4.19038270e-06 4.69355882e-06
 4.74383023e-06 4.68017106e-06 3.14360864e-06 3.59494766e-06
 4.53816710e-06 4.37178323e-06 9.79726519e-06 6.22363950e-06
 7.49581704e-06 8.48709442e-06 1.39129070e-05 1.40817965e-05
 7.88643592e-06 1.26651685e-05 2.50599023e-05 1.67042181e-05
 2.32317907e-05 2.05928081e-05 2.65932376e-05 1.43350953e-05
 1.40164375e-05 9.05389061e-06 2.07258472e-05 1.85638000e-05
 2.44080711e-05 1.55131875e-05 1.61750195e-05 2.84057405e-05
 2.41626840e-05 1.60728068e-05 1.76951198e-05 2.17332581e-05
 2.45132560e-05 1.43020779e-05 2.60797406e-05 2.95135178e-05
 3.16473197e-05 3.99263918e-05 3.51026574e-05 2.90978151e-05
 2.37157510e-05 3.19650462e-05 3.06903930e-05 1.92743883e-05
 1.69409814e-05 2.21725440e-05 2.19241774e-05 1.93347587e-05
 1.80450588e-05 1.79693143e-05 1.59437786e-05 1.46108796e-05
 1.23420659e-05 7.70750830e-06 1.93105570e-05 2.18195564e-05
 1.11838754e-05 1.10674146e-05 1.61145672e-05 1.78994542e-05
 1.72222790e-05 1.17774689e-05 1.04781984e-05 9.05869183e-06
 1.56061524e-05 7.60237162e-06 1.09624752e-05 1.10660812e-05
 1.24965327e-05 5.99326950e-06 6.25944494e-06 7.19848686e-06
 7.82913685e-06 3.32324385e-06 6.56214979e-06 8.92481876e-06
 3.97100621e-06 5.55569977e-06 3.61980278e-06 7.22182585e-06
 5.80920596e-06 3.43831675e-06 7.70239876e-06 1.13981032e-05
 6.29798706e-06 4.06635309e-06 7.65153436e-06 5.70940938e-06
 7.33210209e-06 5.74985870e-06 4.45436444e-06 3.10499968e-06
 1.95808479e-06 2.51612096e-06 1.84631438e-06 2.72253169e-06
 2.84298335e-06 1.27150076e-06 2.08684196e-06 1.05080755e-06
 1.42609042e-06 1.27677413e-06 1.07616427e-06 2.48608262e-06
 1.52362702e-06 8.23200025e-07 9.25024494e-07 1.13279566e-06
 1.02826550e-06 5.63557251e-07 5.46922763e-07 5.89185959e-07
 9.47538865e-07 1.13638669e-06 1.04520961e-06 1.31396916e-06
 8.75620856e-07 9.19073671e-07 1.39461326e-06 9.83425480e-07
 9.74418867e-07 5.04086472e-07 1.32443699e-06 9.35636479e-07
 8.13556483e-07 8.98580595e-07 1.55389955e-06 1.59483614e-06
 1.65864037e-06 1.52887469e-06 1.43662817e-06 1.62255139e-06
 2.10545136e-06 2.06968775e-06 2.55568443e-06 3.09326310e-06
 1.63453922e-06 2.15434716e-06 3.09389111e-06 1.66727011e-06
 1.03680770e-06 3.87390628e-07 6.02493628e-07 3.70322169e-07
 4.56697506e-07 2.92441456e-07 3.30053041e-07 5.01747309e-07
 1.86594278e-07 3.40815944e-07 3.35382197e-07 2.47835345e-07
 1.85667446e-07 1.29328669e-07 1.13819716e-07 8.02136029e-08]
[1.69678344e-07 9.04963599e-07 2.93587220e-07 5.27577356e-07
 4.10397291e-07 5.98695863e-07 6.72854640e-07 6.93667516e-07
 6.55522626e-07 1.01135743e-06 1.29260798e-06 9.57191446e-07
 1.72815237e-06 1.50231028e-06 2.00202362e-06 1.92292305e-06
 2.87909211e-06 1.78063874e-06 5.14726844e-06 2.32326056e-06
 2.06146342e-06 2.13833505e-06 2.66201482e-06 8.43886767e-07
 8.93671483e-07 1.19648155e-06 1.31478873e-06 2.58027194e-06
 1.23794200e-06 1.68020733e-06 1.09427651e-06 1.83137490e-06
 1.85971339e-06 1.58215653e-06 2.20841616e-06 1.64857920e-06
 9.29862665e-07 9.87265139e-07 1.60532329e-06 1.62465392e-06
 7.41582653e-07 1.22117933e-06 1.34309175e-06 1.12328746e-06
 1.52140001e-06 2.09282734e-06 1.21409596e-06 1.94260542e-06
 1.74823163e-06 4.57825445e-06 2.61653418e-06 1.90783135e-06
 2.27101145e-06 1.92255857e-06 1.01308171e-06 1.53467283e-06
 9.87514909e-07 1.78558219e-06 2.26540578e-06 2.72484317e-06
 2.70825512e-06 3.21396078e-06 4.18964419e-06 4.12604231e-06
 4.49286335e-06 3.70699331e-06 7.14415228e-06 4.20230936e-06
 2.93355311e-06 8.40576286e-06 1.10749306e-05 3.05225444e-06
 1.79929918e-06 6.45682485e-06 3.78031496e-06 6.60565502e-06
 6.09614972e-06 8.88908562e-06 1.33869607e-05 2.40792488e-05
 1.36237250e-05 1.60113323e-05 2.73867681e-05 1.79782783e-05
 1.90239480e-05 1.44936166e-05 2.37183394e-05 2.78160314e-05
 1.28876536e-05 1.06848274e-05 1.13031792e-05 3.22435953e-05
 1.53554083e-05 1.24509124e-05 1.20540071e-05 1.43274665e-05
 2.79028172e-05 1.05177196e-05 1.56845836e-05 3.53172181e-05
 3.29087306e-05 1.61971093e-05 2.63155089e-05 2.08162764e-05
 2.31325521e-05 2.01962484e-05 2.30230598e-05 2.52335303e-05
 2.29600610e-05 1.92106872e-05 3.78669974e-05 3.68594083e-05
 2.48782835e-05 1.99542210e-05 1.86019643e-05 1.78385544e-05
 2.25502445e-05 1.55935559e-05 2.16663520e-05 1.95234334e-05
 1.19406795e-05 7.94011521e-06 1.26271889e-05 2.78294228e-05
 1.01855667e-05 1.59196497e-05 1.72555010e-05 2.02821338e-05
 1.20272525e-05 1.36483750e-05 1.85846384e-05 1.72815489e-05
 1.12091248e-05 7.56146119e-06 6.82368045e-06 8.10282654e-06
 9.91814613e-06 5.20409640e-06 6.49301001e-06 1.19290517e-05
 7.60339026e-06 5.93067716e-06 6.25197936e-06 6.45406044e-06
 3.15880493e-06 4.66058509e-06 6.89062426e-06 7.78127651e-06
 6.16044417e-06 3.90309606e-06 3.09449274e-06 8.05025684e-06
 5.44974910e-06 5.19850209e-06 6.67042195e-06 5.53702057e-06
 7.10282484e-06 4.83927397e-06 4.24984955e-06 2.24049541e-06
 2.91630568e-06 2.68487406e-06 1.69230395e-06 1.70130841e-06
 2.27396208e-06 1.21556616e-06 1.20584525e-06 1.79973210e-06
 8.96985568e-07 1.47514436e-06 1.70988221e-06 1.39205429e-06
 6.43665999e-07 1.29593127e-06 1.21809410e-06 1.93325695e-06
 9.04105661e-07 5.35265428e-07 8.51238553e-07 1.69582290e-06
 1.12068017e-06 8.68150835e-07 6.82567588e-07 1.21130381e-06
 9.22571587e-07 7.60571311e-07 1.18784772e-06 1.15533464e-06
 1.21230175e-06 8.49535070e-07 6.49461697e-07 7.12203473e-07
 7.47626700e-07 1.54354541e-06 1.28086538e-06 1.37580992e-06
 1.03828813e-06 1.36810684e-06 2.91774063e-06 1.59829915e-06
 1.82051281e-06 4.26529914e-06 3.12718657e-06 1.90686239e-06
 9.34969137e-07 6.06766946e-07 1.60087723e-06 1.96733549e-06
 7.38959045e-07 7.99800262e-07 1.10967949e-06 8.60327873e-07
 5.80329754e-07 2.44991412e-07 4.97166013e-07 3.21307454e-07
 2.67182770e-07 3.73990048e-07 3.40793434e-07 3.76924532e-07
 3.08707428e-07 1.25434511e-07 9.15785208e-08 9.72966987e-08]
[3.5866847e-07 6.3538914e-07 5.2728143e-07 4.8867213e-07 5.2364959e-07
 4.0505105e-07 5.8173333e-07 1.0694636e-06 5.9030066e-07 6.4954196e-07
 7.9061186e-07 9.2603710e-07 1.3817975e-06 1.2821346e-06 2.1013930e-06
 2.8788652e-06 2.3719583e-06 5.7543452e-06 5.7729958e-06 2.5951238e-06
 2.4962062e-06 1.6504497e-06 1.8046667e-06 1.7091547e-06 1.5310344e-06
 1.1106187e-06 1.3156294e-06 1.9202896e-06 1.8643813e-06 1.3113121e-06
 2.1265469e-06 1.9298473e-06 2.5675120e-06 1.6700487e-06 1.5197005e-06
 2.0894652e-06 1.4285184e-06 1.4955045e-06 1.0563118e-06 2.3107875e-06
 9.8536930e-07 1.0261143e-06 1.1899809e-06 1.1313864e-06 1.7379534e-06
 4.0052450e-06 3.4742040e-06 2.2445158e-06 2.0801435e-06 3.7473067e-06
 6.0128200e-06 2.5741181e-06 2.2281349e-06 1.7806797e-06 1.7531679e-06
 1.2918866e-06 6.2579096e-07 1.4362826e-06 2.1951587e-06 1.9955157e-06
 2.3278378e-06 3.7783209e-06 2.9782288e-06 5.3072113e-06 2.7440703e-06
 3.3030653e-06 9.3190056e-06 4.4549802e-06 3.2683831e-06 3.6882921e-06
 5.2805894e-06 3.9005731e-06 4.4854737e-06 5.3442091e-06 5.3931690e-06
 7.1673335e-06 6.4022734e-06 1.2803972e-05 2.4222989e-05 2.1701058e-05
 1.6785985e-05 1.8170418e-05 2.1588829e-05 2.4122601e-05 1.6231992e-05
 1.6511511e-05 1.6048298e-05 1.8170287e-05 2.4487928e-05 2.2988286e-05
 1.5821597e-05 1.9409870e-05 1.6026976e-05 1.3573311e-05 1.5906146e-05
 2.8593930e-05 2.7401262e-05 3.0020796e-05 3.6513698e-05 2.7216825e-05
 2.0646969e-05 1.9619807e-05 2.6584925e-05 5.0978866e-05 3.3953653e-05
 2.0481393e-05 3.4237139e-05 4.6634032e-05 2.2453876e-05 2.8525814e-05
 6.0210063e-05 4.4745804e-05 1.9890147e-05 2.6480331e-05 2.4393556e-05
 2.8662040e-05 1.5394098e-05 1.4929257e-05 1.8696443e-05 3.5785877e-05
 2.3843624e-05 2.0047584e-05 2.3101733e-05 2.1266562e-05 1.6962978e-05
 2.2289290e-05 1.9648351e-05 2.1391563e-05 1.8077872e-05 1.6558777e-05
 1.6034050e-05 1.9135574e-05 9.5982114e-06 1.4767152e-05 9.3961353e-06
 1.3725469e-05 7.7378018e-06 7.0140291e-06 8.7386024e-06 1.3915167e-05
 1.3880029e-05 3.4351044e-06 7.7470795e-06 5.2797718e-06 4.2684010e-06
 3.7037560e-06 9.2198252e-06 4.9282289e-06 4.1587014e-06 7.4368913e-06
 7.5800067e-06 4.4297035e-06 6.4483952e-06 6.7568967e-06 6.4153169e-06
 5.3440526e-06 5.1240836e-06 5.3406434e-06 6.5189524e-06 3.8622206e-06
 2.8114739e-06 3.5122805e-06 2.2942168e-06 2.8880822e-06 1.9356078e-06
 1.3254343e-06 2.5379202e-06 2.1014541e-06 1.9784059e-06 1.8080483e-06
 1.6343693e-06 9.0123353e-07 1.4294847e-06 1.1168451e-06 1.1183214e-06
 7.2104257e-07 7.5795651e-07 9.2374540e-07 1.0531841e-06 7.8823041e-07
 1.1900426e-06 1.0282580e-06 1.4190337e-06 8.1392415e-07 6.4381629e-07
 1.0202467e-06 1.6004066e-06 1.1716000e-06 8.8969756e-07 5.5008240e-07
 1.4690117e-06 1.2950769e-06 1.0239424e-06 1.3982814e-06 1.7670814e-06
 1.8818978e-06 1.2791943e-06 2.4729027e-06 2.3958694e-06 3.0169676e-06
 2.3569430e-06 3.4663274e-06 4.0663294e-06 1.8734794e-06 1.2073797e-06
 2.0299278e-06 1.1546643e-06 1.4454949e-06 1.0911538e-06 9.1933242e-07
 1.0603433e-06 7.5542204e-07 5.6484697e-07 4.1241196e-07 3.9779908e-07
 2.6041064e-07 3.2979582e-07 3.0071809e-07 4.4326444e-07 3.6250654e-07
 2.3214756e-07 1.7658101e-07 1.2267468e-07 1.2167101e-07]
[3.98827524e-07 6.67628228e-07 8.57736097e-07 7.16176601e-07
 5.80053154e-07 5.20858578e-07 8.44091403e-07 1.00761804e-06
 8.24759411e-07 8.56040344e-07 7.62887566e-07 1.24170413e-06
 8.28035297e-07 1.87113676e-06 2.57774695e-06 1.94438780e-06
 3.38086534e-06 8.94860841e-06 4.97196379e-06 2.46654031e-06
 3.66790096e-06 3.57281988e-06 3.46705315e-06 3.91610911e-06
 2.22080848e-06 2.80722884e-06 2.19222966e-06 2.80480003e-06
 1.75564219e-06 1.52952464e-06 2.91416677e-06 1.75166406e-06
 2.02495903e-06 3.41697637e-06 2.25701410e-06 1.95474809e-06
 3.22504525e-06 2.63476363e-06 1.44883131e-06 2.55588725e-06
 1.77134461e-06 1.29922262e-06 1.71955583e-06 1.85424881e-06
 2.07870903e-06 1.36041638e-06 3.84864097e-06 2.58108616e-06
 2.83406825e-06 2.47159664e-06 2.62502181e-06 2.91417132e-06
 7.17239288e-07 9.49186642e-07 1.11973952e-06 1.39344229e-06
 1.18461696e-06 1.94019026e-06 1.89198511e-06 1.30476576e-06
 3.66429299e-06 1.88899060e-06 5.95991378e-06 1.07320739e-05
 5.70598650e-06 3.73902844e-06 6.24635504e-06 3.71583701e-06
 2.43701288e-06 2.49206823e-06 6.25505527e-06 6.68351277e-06
 4.92013942e-06 3.86867487e-06 9.15695273e-06 1.13092792e-05
 8.39763834e-06 1.12896059e-05 1.42052550e-05 2.64808132e-05
 2.61340520e-05 2.10668804e-05 2.44104685e-05 2.45176361e-05
 1.97899008e-05 1.96892652e-05 2.62571175e-05 1.41875726e-05
 1.64442044e-05 4.41937882e-05 2.25175463e-05 1.90192532e-05
 1.24953076e-05 1.27489475e-05 1.98180005e-05 2.94806814e-05
 3.26039917e-05 3.18544298e-05 4.37804410e-05 4.93275256e-05
 1.76782250e-05 2.39529181e-05 2.58958953e-05 3.91138165e-05
 3.37377678e-05 7.16969735e-05 5.50293189e-05 7.87964455e-05
 3.79075464e-05 3.47196983e-05 7.20968092e-05 7.77211681e-05
 3.83708102e-05 3.08374692e-05 3.90471214e-05 3.82385660e-05
 2.08542788e-05 1.63632303e-05 1.81398555e-05 4.36718256e-05
 2.12985415e-05 1.69030809e-05 2.43532540e-05 2.08925867e-05
 3.64629668e-05 2.51885776e-05 3.21567750e-05 2.09558566e-05
 2.14117954e-05 2.01142448e-05 2.63201491e-05 1.48641302e-05
 2.04434491e-05 8.67029939e-06 1.70592029e-05 1.52073617e-05
 1.43483967e-05 1.29589935e-05 1.23909131e-05 9.46751425e-06
 1.07336045e-05 8.14520718e-06 4.76282685e-06 8.22040874e-06
 9.83037080e-06 1.04195724e-05 8.04643514e-06 6.55339863e-06
 5.22329856e-06 8.35956143e-06 5.72848012e-06 9.89801629e-06
 6.69350447e-06 1.02166041e-05 7.38445806e-06 6.88555019e-06
 6.62932871e-06 5.76778621e-06 7.00424380e-06 4.78323045e-06
 6.04235538e-06 4.55030704e-06 2.43465388e-06 2.53279450e-06
 2.10718622e-06 1.96579799e-06 4.42404098e-06 1.84497515e-06
 1.34681386e-06 1.35255959e-06 1.36089147e-06 2.39568908e-06
 1.49069558e-06 1.86139516e-06 1.53316671e-06 1.27795158e-06
 1.20134507e-06 1.37284496e-06 8.57603482e-07 8.12950077e-07
 8.51846380e-07 5.68529458e-07 9.29279906e-07 1.79128472e-06
 8.39863958e-07 5.85301052e-07 2.70251189e-06 1.33499668e-06
 9.50178389e-07 1.09589575e-06 1.09057430e-06 8.47497461e-07
 1.74446120e-06 1.41248768e-06 1.95470034e-06 1.76044216e-06
 1.62799552e-06 1.87696435e-06 1.96395490e-06 3.33295407e-06
 4.11121073e-06 2.03338550e-06 2.93790504e-06 1.48019717e-06
 2.44494890e-06 2.65742437e-06 1.22166955e-06 1.70099668e-06
 1.26308692e-06 1.34325376e-06 6.84099575e-07 1.07207927e-06
 8.20540038e-07 5.55507597e-07 5.91007051e-07 4.94262792e-07
 2.29091725e-07 2.02633601e-07 3.16699897e-07 3.36904009e-07
 4.42927472e-07 2.82359537e-07 2.02310090e-07 1.22625778e-07]
[2.51740602e-07 7.03869489e-07 5.15377849e-07 4.79078892e-07
 5.32088677e-07 3.80895472e-07 7.70842064e-07 7.94664174e-07
 5.16050761e-07 6.57786131e-07 8.97590041e-07 1.18944752e-06
 8.16456577e-07 2.13994917e-06 2.36826168e-06 1.99789883e-06
 1.55557643e-06 3.72540012e-06 4.38025700e-06 1.91913023e-06
 1.43067621e-06 2.31958620e-06 2.58240675e-06 1.86267755e-06
 2.07381618e-06 1.46861157e-06 1.24555561e-06 1.08923552e-06
 1.30994158e-06 2.03047580e-06 1.70155636e-06 1.20305060e-06
 1.80790630e-06 2.23403822e-06 1.83713166e-06 1.06784307e-06
 1.57163129e-06 2.00389445e-06 1.12828968e-06 1.45928550e-06
 1.69188877e-06 9.53973313e-07 1.54629743e-06 1.22184724e-06
 1.28260399e-06 2.05739229e-06 4.23365691e-06 1.82398833e-06
 3.15224133e-06 4.00771250e-06 3.49730476e-06 2.36808114e-06
 1.61436219e-06 1.22728682e-06 1.46502259e-06 8.68368261e-07
 9.71798045e-07 1.00372131e-06 1.28913086e-06 1.73414958e-06
 1.99880242e-06 2.34973572e-06 2.72391367e-06 4.33070227e-06
 6.82461905e-06 2.24332348e-06 7.05347202e-06 4.03432750e-06
 2.71099202e-06 2.91829269e-06 6.07294032e-06 4.67568634e-06
 7.01988756e-06 8.89011335e-06 9.20722323e-06 5.49039760e-06
 1.13106626e-05 1.03162283e-05 1.11763447e-05 2.06839049e-05
 1.73256612e-05 2.00843351e-05 1.96633064e-05 1.89203947e-05
 2.21935097e-05 2.45238334e-05 2.04919979e-05 2.49906880e-05
 3.65049091e-05 3.05290050e-05 2.23602328e-05 2.34208346e-05
 1.87852693e-05 1.16285373e-05 2.16485059e-05 2.66925799e-05
 2.46933469e-05 2.64390474e-05 4.83565127e-05 2.07257835e-05
 1.25509350e-05 2.20714555e-05 2.35917014e-05 4.13672860e-05
 2.49538516e-05 2.11278530e-05 3.71271344e-05 4.05217761e-05
 3.29623253e-05 3.09162097e-05 7.41264012e-05 5.68915457e-05
 3.62230312e-05 3.01487216e-05 3.38886457e-05 4.02454425e-05
 1.33022040e-05 1.46713573e-05 2.65878480e-05 1.86387315e-05
 3.72317627e-05 1.36274430e-05 3.06053516e-05 2.44552884e-05
 2.55267514e-05 1.71090360e-05 1.81698942e-05 2.68032527e-05
 1.99759688e-05 2.15320470e-05 1.62783053e-05 1.25975021e-05
 2.10112721e-05 1.56015849e-05 9.54003735e-06 1.13755095e-05
 1.12933931e-05 7.15906026e-06 1.65602560e-05 9.83561858e-06
 5.40786777e-06 7.02716034e-06 1.04704386e-05 6.22177822e-06
 7.96656877e-06 7.56410918e-06 8.75718342e-06 8.46509829e-06
 5.35071513e-06 6.76551235e-06 5.40959991e-06 1.34688553e-05
 5.14775274e-06 7.43901910e-06 5.78347181e-06 5.44826480e-06
 6.35034257e-06 6.31943294e-06 4.76051537e-06 4.80928929e-06
 4.64489449e-06 4.50684684e-06 2.02297065e-06 2.74365061e-06
 2.38190887e-06 2.05706397e-06 3.24956886e-06 1.66088273e-06
 9.05092520e-07 1.46955654e-06 1.49038158e-06 1.06192886e-06
 1.06661901e-06 1.38500627e-06 1.32513298e-06 1.14607747e-06
 1.10733697e-06 7.73799059e-07 9.89952810e-07 8.16648708e-07
 1.02035460e-06 6.79099230e-07 1.07304948e-06 1.33813489e-06
 1.08673260e-06 1.25705515e-06 1.19056961e-06 1.16332717e-06
 4.31002491e-07 1.46386753e-06 1.94998916e-06 2.54134625e-06
 1.08924962e-06 1.07339690e-06 1.95721941e-06 1.85901388e-06
 1.32855030e-06 2.51187362e-06 2.72738816e-06 2.68944586e-06
 3.53298674e-06 2.89160403e-06 3.32255513e-06 1.62822278e-06
 3.30195530e-06 2.93721337e-06 1.96646124e-06 1.63685752e-06
 1.07987705e-06 5.93269135e-07 9.56145414e-07 8.43775808e-07
 7.71453131e-07 5.55148404e-07 4.70522451e-07 4.38221861e-07
 2.64941519e-07 2.66903015e-07 4.38500621e-07 3.28798450e-07
 1.58460253e-07 1.34465566e-07 1.22110606e-07 1.01470654e-07]
[3.36841850e-07 7.02704483e-07 5.54368512e-07 6.46565695e-07
 3.85490836e-07 3.33176814e-07 7.03546164e-07 8.40235998e-07
 8.09507412e-07 5.80576568e-07 7.85778582e-07 1.40231293e-06
 9.50949925e-07 1.43008867e-06 1.51566621e-06 2.06467098e-06
 1.76716048e-06 3.04000309e-06 2.94107645e-06 2.13237900e-06
 2.24805103e-06 2.19669460e-06 2.27326950e-06 1.76703827e-06
 2.00268278e-06 1.54052623e-06 2.14138254e-06 1.93664732e-06
 1.22617723e-06 1.86743353e-06 1.69661109e-06 2.62683443e-06
 1.99429542e-06 3.10124778e-06 3.09760503e-06 1.62746107e-06
 1.16979220e-06 1.58783541e-06 1.88917738e-06 1.04855997e-06
 1.59174476e-06 9.19336287e-07 1.03489992e-06 9.59351837e-07
 1.30708395e-06 1.36310825e-06 3.94519202e-06 2.66687880e-06
 2.82061433e-06 4.11212295e-06 2.14394117e-06 2.44751755e-06
 1.64448602e-06 2.15800083e-06 1.17269531e-06 1.37382267e-06
 1.30540718e-06 1.23884467e-06 2.77000731e-06 2.34095319e-06
 2.06255550e-06 1.16836588e-06 2.93411108e-06 4.11437713e-06
 3.05380195e-06 2.83504983e-06 6.57711234e-06 4.02463138e-06
 3.02288936e-06 4.73932687e-06 7.46622982e-06 5.57647809e-06
 8.02073464e-06 8.55750750e-06 1.03121747e-05 9.75118473e-06
 6.49582807e-06 1.38490614e-05 1.64204048e-05 2.87098173e-05
 2.74340709e-05 1.71460397e-05 3.04431742e-05 4.36507435e-05
 2.94504771e-05 3.38305508e-05 2.74722643e-05 2.18368423e-05
 1.87447786e-05 2.15803302e-05 2.76514620e-05 2.44492549e-05
 1.54071440e-05 1.39340345e-05 6.01350803e-05 4.47017374e-05
 2.50613430e-05 2.85319966e-05 2.66734132e-05 2.39380624e-05
 2.03879699e-05 1.75329860e-05 3.01471591e-05 3.35332188e-05
 4.77802569e-05 3.39479848e-05 4.90750572e-05 3.22214437e-05
 4.24566424e-05 4.92768340e-05 6.10807620e-05 4.67264581e-05
 2.67102932e-05 3.54598233e-05 5.39456087e-05 2.45771898e-05
 2.55384148e-05 2.80774202e-05 2.87931380e-05 1.83075281e-05
 2.75058355e-05 3.67985449e-05 4.88428886e-05 5.02778566e-05
 3.24497050e-05 1.59166884e-05 2.77127110e-05 2.12377636e-05
 1.89208240e-05 3.79993689e-05 2.38728953e-05 2.54702663e-05
 1.61645821e-05 1.16377605e-05 7.92845094e-06 1.47608880e-05
 1.24194048e-05 1.61217340e-05 1.20503346e-05 1.47210112e-05
 7.56108193e-06 7.47446893e-06 6.88755790e-06 8.35295941e-06
 8.17214732e-06 7.70051065e-06 1.03675948e-05 5.31602336e-06
 7.26423377e-06 7.32008039e-06 7.10791801e-06 1.14274453e-05
 7.92553328e-06 8.06722710e-06 1.03111352e-05 7.47119839e-06
 4.86497083e-06 7.51260268e-06 4.47762113e-06 4.93578409e-06
 3.00753049e-06 1.49655261e-06 1.64358698e-06 1.88747651e-06
 1.42495901e-06 1.57219358e-06 2.87039825e-06 1.72461012e-06
 1.45870763e-06 1.09326368e-06 1.48221170e-06 1.37770587e-06
 1.00067143e-06 9.78190428e-07 1.49165578e-06 1.90812079e-06
 1.58793591e-06 1.40060467e-06 1.25115457e-06 1.50445203e-06
 1.16631145e-06 5.34636797e-07 6.53542202e-07 6.52991446e-07
 9.25302572e-07 1.42074896e-06 1.54895633e-06 1.11915278e-06
 8.13616737e-07 1.12171438e-06 1.03262994e-06 1.34297034e-06
 1.42264946e-06 1.59573494e-06 1.60800664e-06 2.08755046e-06
 1.88156400e-06 1.85166539e-06 3.80628740e-06 4.20496144e-06
 3.57941212e-06 3.32079412e-06 2.39941960e-06 1.95146663e-06
 3.46396087e-06 1.54270390e-06 1.52897462e-06 1.86065881e-06
 1.19564618e-06 9.52554046e-07 1.05416905e-06 6.64875643e-07
 7.57136206e-07 4.97407598e-07 5.90464651e-07 5.04943273e-07
 4.13632250e-07 4.78491643e-07 5.06213780e-07 3.38831143e-07
 2.87713419e-07 1.93103077e-07 1.04929335e-07 8.00918372e-08]
[3.03937583e-07 5.13305793e-07 1.04689434e-06 7.07959487e-07
 5.00822296e-07 5.38673646e-07 6.48394860e-07 7.80750327e-07
 8.22510799e-07 8.31268153e-07 9.63987645e-07 1.18337903e-06
 8.56571432e-07 9.61220280e-07 1.75862806e-06 1.48813842e-06
 1.79225481e-06 2.35197740e-06 6.19520688e-06 4.52833183e-06
 3.69318695e-06 1.92213292e-06 2.46866421e-06 3.04644095e-06
 1.91062350e-06 1.14377076e-06 1.81949747e-06 2.23132861e-06
 2.70087730e-06 1.24127291e-06 1.52773930e-06 3.35748700e-06
 2.37572726e-06 1.52420580e-06 1.84248711e-06 1.85140016e-06
 1.54873612e-06 1.01762669e-06 2.09778318e-06 3.02950298e-06
 1.61336641e-06 1.69343309e-06 1.74576780e-06 2.32463321e-06
 2.70732539e-06 2.44915441e-06 1.41471708e-06 1.45770412e-06
 1.43247746e-06 1.56869430e-06 3.03676893e-06 3.49866173e-06
 1.86438376e-06 1.13213866e-06 1.79376866e-06 1.41609189e-06
 1.35751031e-06 1.52707025e-06 3.91466256e-06 6.17015212e-06
 3.28574311e-06 1.87780586e-06 3.35407663e-06 2.85535134e-06
 6.77228718e-06 3.10338669e-06 5.73067337e-06 8.07684046e-06
 2.17134152e-06 4.44780426e-06 3.87682530e-06 7.29903195e-06
 5.72460021e-06 6.54254154e-06 7.44341241e-06 9.03597083e-06
 6.37008134e-06 1.19048100e-05 1.99169826e-05 3.02396456e-05
 5.07423538e-05 2.63003312e-05 2.70636938e-05 2.00126615e-05
 2.58962882e-05 3.46644520e-05 3.01315740e-05 3.24137945e-05
 2.06694676e-05 1.38370997e-05 2.42718233e-05 4.02463011e-05
 3.21334919e-05 1.90454939e-05 3.41415143e-05 6.19571001e-05
 4.21237637e-05 3.08455528e-05 3.75635464e-05 3.90992609e-05
 2.60257675e-05 1.35639211e-05 3.23971835e-05 3.77334982e-05
 3.40282168e-05 4.51971246e-05 6.08019727e-05 3.25293950e-05
 3.55168013e-05 6.22737498e-05 1.06604864e-04 8.97456412e-05
 3.54699223e-05 7.49451647e-05 4.04554994e-05 3.26724221e-05
 3.07508381e-05 4.58474969e-05 2.78191055e-05 3.69894478e-05
 5.31339647e-05 5.93282894e-05 3.27303314e-05 3.89120432e-05
 3.19496066e-05 3.17262493e-05 1.58399580e-05 2.38194771e-05
 2.13382609e-05 2.75826187e-05 1.67362468e-05 2.67910709e-05
 1.37257521e-05 1.26308732e-05 1.86894395e-05 1.59935425e-05
 1.44658143e-05 1.64767553e-05 2.38471457e-05 1.05556537e-05
 8.38485357e-06 1.13320193e-05 1.00437128e-05 1.16982337e-05
 1.41579994e-05 1.32228679e-05 1.03330240e-05 6.67291170e-06
 9.59072167e-06 7.48200591e-06 7.75298304e-06 6.97994301e-06
 1.12747830e-05 6.96723919e-06 1.61726530e-05 9.66178141e-06
 1.03010634e-05 4.04819230e-06 5.94030826e-06 3.82855842e-06
 3.15666580e-06 2.05049378e-06 2.21956361e-06 3.23118888e-06
 2.84686666e-06 1.10200949e-06 2.10335497e-06 2.31880745e-06
 1.59180593e-06 1.43805835e-06 1.67265216e-06 1.74953266e-06
 1.20322579e-06 1.47127923e-06 2.14974648e-06 1.28079762e-06
 1.04681055e-06 1.47042886e-06 1.25820691e-06 1.40647262e-06
 1.29774446e-06 1.40308248e-06 1.12201042e-06 1.32671255e-06
 9.25187408e-07 1.23208497e-06 2.19279832e-06 2.03944114e-06
 9.15563817e-07 5.96495738e-07 1.45239403e-06 2.68367990e-06
 1.72161447e-06 2.39002043e-06 1.32991192e-06 2.02324895e-06
 1.61346497e-06 2.59459921e-06 2.00151544e-06 2.77912272e-06
 4.24034079e-06 3.29817681e-06 4.00348517e-06 3.78070854e-06
 1.90315905e-06 1.42811041e-06 3.24320445e-06 1.27241981e-06
 1.23502753e-06 6.02189402e-07 1.26616158e-06 5.81792960e-07
 5.91931268e-07 4.43519298e-07 2.87611954e-07 5.10351640e-07
 5.22114874e-07 4.95125050e-07 1.43357818e-06 4.10876538e-07
 2.00211218e-07 1.80654411e-07 1.13941553e-07 1.26898897e-07]
[6.1002999e-07 7.2009260e-07 1.1238761e-06 4.5958654e-07 4.0283575e-07
 6.3682779e-07 3.0034477e-07 1.0314495e-06 7.7832573e-07 8.0664677e-07
 1.1675280e-06 1.1898612e-06 9.7682971e-07 1.4889180e-06 1.1238022e-06
 2.0164391e-06 3.5732410e-06 1.6424988e-06 3.8427338e-06 4.2387132e-06
 2.9552668e-06 2.6049120e-06 1.0963073e-06 2.5318780e-06 2.1683211e-06
 2.6622595e-06 3.3059248e-06 4.4756907e-06 1.2717537e-06 2.0650743e-06
 1.6378740e-06 2.3163020e-06 2.8440638e-06 1.5647111e-06 2.1982401e-06
 4.5696884e-06 1.8008983e-06 1.7138790e-06 2.9904752e-06 1.4022157e-06
 1.5156182e-06 1.8379537e-06 2.6088921e-06 1.9226081e-06 1.8498487e-06
 2.1674584e-06 1.4659300e-06 8.1130111e-07 1.3372431e-06 2.6572325e-06
 3.8708836e-06 1.6672194e-06 3.5762675e-06 3.1606530e-06 1.8674135e-06
 1.2740948e-06 1.3536237e-06 1.5214472e-06 2.9197790e-06 5.6358767e-06
 3.2058517e-06 1.9679371e-06 3.0311060e-06 3.1430934e-06 2.9073465e-06
 3.3381339e-06 8.8075249e-06 5.8896876e-06 3.2198438e-06 2.8774377e-06
 6.3017519e-06 5.8401706e-06 8.1807166e-06 1.0277327e-05 1.3084628e-05
 1.3425859e-05 9.0641452e-06 9.3361678e-06 2.5362429e-05 2.8236733e-05
 5.5154673e-05 2.6635818e-05 3.2977758e-05 3.4260949e-05 3.8158170e-05
 4.6782818e-05 2.4699986e-05 3.0265544e-05 2.5689107e-05 2.5017294e-05
 1.6152584e-05 2.6288459e-05 4.9704864e-05 4.2629184e-05 4.2518819e-05
 8.2197563e-05 4.8273971e-05 2.5373840e-05 3.2004406e-05 4.5869456e-05
 4.6464076e-05 2.3791430e-05 3.0351488e-05 4.2093841e-05 6.1735504e-05
 4.0533629e-05 7.2978459e-05 4.4347678e-05 4.0275889e-05 4.2666954e-05
 6.8265093e-05 3.8596332e-05 6.5403299e-05 4.2981224e-05 4.3135766e-05
 6.4095439e-05 4.4167366e-05 2.3701888e-05 3.8931539e-05 3.0276658e-05
 2.2064874e-05 3.8378785e-05 2.1749132e-05 2.7373433e-05 2.7669766e-05
 2.3428365e-05 2.5037160e-05 3.2403896e-05 2.2364096e-05 1.9075940e-05
 1.6138047e-05 3.1134747e-05 1.2012261e-05 1.6425378e-05 1.4859544e-05
 1.2735261e-05 1.2720601e-05 2.0916172e-05 3.0690866e-05 1.7684766e-05
 1.3384979e-05 1.1696255e-05 1.1488627e-05 1.5644671e-05 1.1610781e-05
 1.2213727e-05 1.3778579e-05 1.1321218e-05 9.1401016e-06 7.4209979e-06
 7.5443254e-06 1.0026708e-05 1.7049497e-05 8.4060594e-06 6.1780574e-06
 9.2210648e-06 6.6320986e-06 8.0862692e-06 8.5682577e-06 4.4612407e-06
 5.2606788e-06 2.5063541e-06 3.6742192e-06 1.8877413e-06 1.1523119e-06
 2.3720172e-06 2.2537017e-06 2.6706273e-06 1.8910772e-06 1.7769962e-06
 1.7166741e-06 1.8689934e-06 1.2368865e-06 1.6230669e-06 1.8795167e-06
 1.7437782e-06 2.4990359e-06 1.7013834e-06 3.3665826e-06 1.2812266e-06
 1.0793960e-06 1.3150974e-06 1.4019538e-06 8.8357984e-07 1.1161206e-06
 1.2942273e-06 7.7896993e-07 2.5435395e-06 1.0347786e-06 1.1840305e-06
 1.0872055e-06 1.0402017e-06 2.0554610e-06 1.2113693e-06 1.9760457e-06
 1.5292386e-06 1.7576170e-06 2.2153029e-06 2.3623725e-06 2.1836120e-06
 3.1687814e-06 2.1594974e-06 4.5786323e-06 2.0057062e-06 1.7143271e-06
 1.7834976e-06 2.2079005e-06 1.7576203e-06 7.3181405e-07 7.2959682e-07
 6.2888358e-07 7.4821537e-07 9.6794327e-07 4.2908042e-07 5.7189931e-07
 7.9243392e-07 7.4337976e-07 8.8730849e-07 8.1962941e-07 5.9950577e-07
 2.9103890e-07 3.2596802e-07 1.9119568e-07 9.9502394e-08]
[2.5532123e-07 3.5794474e-07 3.7885010e-07 3.2884927e-07 3.5831673e-07
 3.9785724e-07 4.3008481e-07 5.1639654e-07 6.0839994e-07 7.8220637e-07
 4.4050481e-07 1.1648610e-06 6.6267347e-07 7.8127078e-07 9.1510537e-07
 1.4168553e-06 2.3094385e-06 1.4622256e-06 1.8487696e-06 3.3055003e-06
 3.6020144e-06 2.1277776e-06 1.7050457e-06 1.5532052e-06 2.0527718e-06
 1.2098440e-06 2.7174999e-06 1.2492525e-06 1.7717972e-06 1.6817967e-06
 2.1058484e-06 2.0469204e-06 1.3982244e-06 1.1888980e-06 1.5645986e-06
 1.2021277e-06 1.8757102e-06 1.2096475e-06 1.5997457e-06 1.6353778e-06
 1.4020416e-06 9.0188786e-07 9.1621195e-07 1.4012908e-06 8.3461737e-07
 1.4031220e-06 7.4076883e-07 1.5200499e-06 1.5266168e-06 6.3061265e-07
 3.6600102e-06 1.7894450e-06 2.0819346e-06 1.9739514e-06 1.7353751e-06
 1.5695824e-06 7.9953401e-07 1.0129928e-06 2.7235274e-06 3.3268313e-06
 3.1272994e-06 1.5629331e-06 2.8996483e-06 2.8935119e-06 2.2599270e-06
 6.2047425e-06 5.6157355e-06 2.1547642e-06 2.4415033e-06 2.7978351e-06
 3.7952962e-06 3.3166591e-06 5.6473759e-06 5.3993558e-06 9.9093277e-06
 8.0797663e-06 6.3330749e-06 6.6032953e-06 1.4831242e-05 1.8013225e-05
 3.0649611e-05 2.9473777e-05 3.2421987e-05 4.2200892e-05 2.6600328e-05
 4.3432130e-05 3.5391484e-05 1.9296125e-05 2.5721980e-05 1.8191478e-05
 1.8668274e-05 3.2214633e-05 4.0947310e-05 3.8704857e-05 3.2103915e-05
 2.0147019e-05 1.6228092e-05 2.8334363e-05 3.6242469e-05 2.6399168e-05
 2.9583956e-05 2.3538169e-05 1.8952078e-05 1.6033611e-05 1.0717970e-05
 2.2031925e-05 3.1198899e-05 2.7153097e-05 2.4479341e-05 2.6367583e-05
 3.9347386e-05 7.3035342e-05 3.4241308e-05 6.9719688e-05 5.0719278e-05
 3.1514264e-05 2.5693211e-05 2.6720816e-05 2.2229220e-05 2.9347955e-05
 3.5576883e-05 3.2140739e-05 2.3990477e-05 2.9764788e-05 2.2389862e-05
 2.8013135e-05 2.5813919e-05 2.4036250e-05 1.7235552e-05 2.5374153e-05
 2.0313704e-05 1.2467287e-05 1.6257714e-05 2.2964552e-05 1.7553821e-05
 8.6190676e-06 1.1298028e-05 9.0426629e-06 1.5634314e-05 1.1717469e-05
 9.6006324e-06 7.5583680e-06 8.2179513e-06 1.0647055e-05 1.4476801e-05
 8.2147371e-06 1.2922366e-05 1.2208572e-05 1.1363740e-05 9.0567291e-06
 8.8583120e-06 6.0294865e-06 9.1902202e-06 1.0007067e-05 2.2629663e-05
 7.3364699e-06 5.5323617e-06 3.9449706e-06 7.4086979e-06 9.6554886e-06
 5.3993140e-06 2.2151048e-06 2.7643775e-06 3.6380025e-06 2.9012592e-06
 1.6267592e-06 1.6715594e-06 3.1616837e-06 1.2675296e-06 1.0512739e-06
 1.7932075e-06 1.4444701e-06 1.3063180e-06 1.4933685e-06 1.4366678e-06
 2.4315725e-06 1.0413687e-06 1.0566783e-06 3.1117140e-06 1.0188493e-06
 1.7386980e-06 1.2225540e-06 1.6513619e-06 1.4448702e-06 8.5092671e-07
 1.3916641e-06 1.0868893e-06 2.6216023e-06 5.8458454e-07 1.2125473e-06
 2.6511582e-06 7.4197595e-07 1.3337462e-06 7.9945397e-07 8.9896167e-07
 1.7594912e-06 6.4760798e-07 1.5859563e-06 2.5966026e-06 1.9472909e-06
 2.3145176e-06 3.2694318e-06 4.7449166e-06 3.4778052e-06 1.3483908e-06
 1.7381886e-06 1.3093622e-06 1.6026230e-06 7.9140614e-07 4.0685396e-07
 1.3250677e-06 7.3877658e-07 4.3835129e-07 2.1893040e-07 2.1629334e-07
 2.4989177e-07 5.5431587e-07 6.0892944e-07 8.1836816e-07 7.0121968e-07
 2.4952121e-07 4.3612249e-07 1.0401555e-07 7.5234148e-08]
[2.66456055e-07 3.00689408e-07 5.25217217e-07 5.39804205e-07
 4.57898210e-07 2.71494599e-07 3.04753456e-07 4.64262115e-07
 5.71024600e-07 7.66622634e-07 8.00903365e-07 5.36356538e-07
 8.70137228e-07 1.10550207e-06 8.79256334e-07 1.06234518e-06
 1.34621735e-06 2.38784037e-06 2.87878424e-06 3.63421645e-06
 2.60836282e-06 9.28917359e-07 2.81162556e-06 6.59720672e-06
 1.84131648e-06 1.07846677e-06 1.58164914e-06 2.01036960e-06
 1.02879642e-06 9.27022654e-07 1.72581474e-06 2.16404896e-06
 9.50971696e-07 1.18729861e-06 1.22267693e-06 1.53626013e-06
 1.69747818e-06 1.16032425e-06 1.03508603e-06 8.32613921e-07
 8.61117769e-07 9.97737061e-07 9.37560060e-07 1.57869636e-06
 9.97537995e-07 7.46059641e-07 8.61641581e-07 9.17546231e-07
 1.67061989e-06 1.03219986e-06 2.18363834e-06 1.40352631e-06
 2.06101890e-06 2.23277652e-06 1.89475065e-06 1.14945635e-06
 1.19420042e-06 1.33795186e-06 2.18924424e-06 1.48494962e-06
 1.73575370e-06 2.55278610e-06 1.63526136e-06 2.06156733e-06
 2.54295333e-06 4.38153666e-06 2.92629579e-06 3.98453130e-06
 2.53370467e-06 3.49144534e-06 3.86333932e-06 2.66514348e-06
 4.61282571e-06 6.54500991e-06 1.19749120e-05 1.14856366e-05
 8.07771812e-06 3.42507428e-06 9.07354843e-06 2.32517705e-05
 2.16574681e-05 2.84414182e-05 2.66287680e-05 3.35206605e-05
 4.36202827e-05 5.65740520e-05 2.12256800e-05 2.95419541e-05
 2.70019791e-05 1.17768786e-05 2.38992143e-05 2.95303125e-05
 1.68607949e-05 2.17899578e-05 1.10278825e-05 3.89648158e-05
 1.76850099e-05 1.27371268e-05 3.14701283e-05 2.20825659e-05
 1.98524867e-05 1.62687338e-05 2.54999104e-05 2.99692965e-05
 1.98820362e-05 3.05107769e-05 1.79375311e-05 1.51129279e-05
 2.96082562e-05 3.05862486e-05 2.96657472e-05 8.93492033e-05
 1.73785338e-05 3.89459892e-05 8.03682706e-05 3.22960113e-05
 1.56451333e-05 2.08110505e-05 5.15581196e-05 3.44941909e-05
 6.34862809e-05 4.51189699e-05 3.71191236e-05 5.53309910e-05
 3.42965686e-05 3.08931376e-05 2.38521607e-05 2.32520342e-05
 4.03706545e-05 3.09888346e-05 2.49825189e-05 1.94741315e-05
 8.97900190e-06 1.37941688e-05 1.28034580e-05 1.01812911e-05
 1.31043262e-05 1.66135414e-05 1.51629365e-05 1.44187770e-05
 1.38915420e-05 6.10425741e-06 1.17338104e-05 1.00008647e-05
 4.80412882e-06 1.03241482e-05 1.66850841e-05 1.37723227e-05
 4.93015477e-06 8.14493706e-06 8.50211745e-06 1.00528378e-05
 1.37008865e-05 1.41552255e-05 1.15892499e-05 1.40131451e-05
 8.86880025e-06 8.40497978e-06 4.88511250e-06 6.03933086e-06
 6.21175468e-06 2.17461775e-06 2.90637877e-06 3.16399655e-06
 2.03432160e-06 1.54748011e-06 1.92682182e-06 1.50452513e-06
 1.89525417e-06 9.96386575e-07 8.60493174e-07 1.20051720e-06
 1.10551662e-06 1.27558599e-06 1.74744582e-06 2.01600119e-06
 1.11292320e-06 8.87564340e-07 1.54756844e-06 1.23354221e-06
 2.46424042e-06 1.63975847e-06 3.21628045e-06 2.00039267e-06
 1.39528765e-06 8.37483583e-07 1.14503098e-06 1.01121702e-06
 9.47025285e-07 6.62726507e-07 1.25688678e-06 1.11424470e-06
 1.04863329e-06 1.83632744e-06 1.87806438e-06 2.26811540e-06
 1.55650275e-06 3.77760171e-06 3.78795471e-06 2.48215110e-06
 2.10807480e-06 4.53646635e-06 2.91450033e-06 2.86369800e-06
 1.57869829e-06 2.74323224e-06 1.79707911e-06 1.55725274e-06
 1.01100670e-06 1.48782317e-06 6.65113646e-07 5.50556422e-07
 3.55698859e-07 3.71849666e-07 2.99978637e-07 3.75593373e-07
 3.79230755e-07 7.41861641e-07 7.04092315e-07 5.56288967e-07
 4.48726183e-07 1.17095574e-07 1.69550162e-07 4.64220840e-08]
[1.92763480e-07 4.45905158e-07 5.14597161e-07 4.65464069e-07
 3.04439368e-07 3.19342604e-07 3.56358527e-07 5.59729415e-07
 4.37482328e-07 7.48025059e-07 1.01940373e-06 7.15828946e-07
 5.88216778e-07 1.30232877e-06 1.36329345e-06 1.41211103e-06
 1.28939166e-06 1.35259245e-06 2.41388057e-06 3.30955277e-06
 2.38778421e-06 1.86686646e-06 1.77083393e-06 3.10581140e-06
 2.83468012e-06 1.63693585e-06 1.95050552e-06 2.23164056e-06
 1.09774999e-06 1.40527527e-06 2.93621338e-06 2.79151323e-06
 1.55951523e-06 1.36689175e-06 1.30544731e-06 1.47918433e-06
 1.42348051e-06 1.39277927e-06 1.50510380e-06 1.70432679e-06
 1.66398934e-06 1.23156121e-06 1.69252087e-06 1.46960735e-06
 7.15285296e-07 5.41782697e-07 1.34053744e-06 1.91275262e-06
 2.39044039e-06 2.12489226e-06 3.15366583e-06 2.06839945e-06
 2.54647944e-06 2.32864909e-06 3.24960070e-06 1.38535631e-06
 1.46285447e-06 1.31125944e-06 2.00678119e-06 6.42994610e-06
 1.66825885e-06 1.58473711e-06 2.48000947e-06 3.41566647e-06
 3.59351611e-06 6.08101391e-06 5.52753727e-06 5.37359983e-06
 2.79873507e-06 3.94122117e-06 6.26570909e-06 4.16188641e-06
 5.98072074e-06 6.19139200e-06 1.72313357e-05 6.65754806e-06
 1.09866405e-05 9.00876239e-06 1.47836254e-05 1.45244603e-05
 2.01659932e-05 1.87474307e-05 7.08413063e-05 6.22518637e-05
 1.03249469e-04 3.60878839e-05 2.64525534e-05 2.40428872e-05
 5.59804612e-05 1.87486694e-05 3.63836698e-05 2.19278536e-05
 2.74475824e-05 1.86916495e-05 4.27611085e-05 5.14321582e-05
 9.54731076e-05 2.54753104e-05 5.73607795e-05 3.45384033e-05
 1.56353854e-05 2.95502050e-05 5.24991337e-05 4.82546857e-05
 6.25168905e-05 4.19020653e-05 6.85047926e-05 4.82424985e-05
 4.77386493e-05 3.17150661e-05 7.24133861e-05 3.49357542e-05
 5.05320386e-05 4.33986424e-05 7.99015033e-05 5.62571549e-05
 3.92088150e-05 3.01849268e-05 4.68195030e-05 4.39133619e-05
 4.83462391e-05 3.24312932e-05 4.71596686e-05 3.35570840e-05
 2.45528590e-05 4.25452890e-05 4.78917900e-05 3.36148114e-05
 2.28423669e-05 1.14147288e-05 2.52692607e-05 1.94217628e-05
 2.45860992e-05 1.83444627e-05 4.38665920e-05 2.01266812e-05
 1.56603437e-05 1.08426493e-05 2.60976467e-05 1.39200629e-05
 2.57269367e-05 1.13519045e-05 1.59924894e-05 1.17539676e-05
 1.15338016e-05 1.09582243e-05 1.69728992e-05 1.13106626e-05
 8.05237050e-06 9.06212699e-06 1.28283382e-05 1.02825170e-05
 1.56135411e-05 1.09207358e-05 1.13059868e-05 1.46738994e-05
 7.63682965e-06 1.32805826e-05 9.10762628e-06 5.11190183e-06
 2.83825125e-06 2.35895482e-06 2.38185362e-06 4.49931213e-06
 1.94248082e-06 1.47236960e-06 1.90616538e-06 2.72123066e-06
 2.31624722e-06 2.06917662e-06 2.02848673e-06 2.96920757e-06
 1.33919093e-06 1.54464669e-06 1.46520790e-06 1.84115322e-06
 1.97428312e-06 1.42538556e-06 2.06599339e-06 2.73870228e-06
 1.21135440e-06 1.15534658e-06 1.31433865e-06 9.90586727e-07
 2.21282903e-06 1.81950190e-06 1.46374396e-06 1.00580473e-06
 3.85375915e-06 1.37881045e-06 3.07749065e-06 1.42995088e-06
 1.37565985e-06 1.15274213e-06 1.07286053e-06 1.67580538e-06
 2.10649978e-06 2.73554156e-06 2.16344779e-06 2.17500769e-06
 6.48797914e-06 4.00530871e-06 2.53448184e-06 3.20066738e-06
 3.30436183e-06 1.00246905e-06 2.00159889e-06 1.41765668e-06
 9.53193819e-07 1.67256383e-06 1.07782591e-06 1.32906314e-06
 6.90080242e-07 5.20510696e-07 6.00944588e-07 6.87550937e-07
 4.80339679e-07 2.89320695e-07 5.43643694e-07 5.64659672e-07
 2.64243596e-07 2.01706030e-07 1.50573044e-07 2.03946584e-07]
[3.06980468e-07 3.21528518e-07 3.56040232e-07 8.33503236e-07
 4.42221989e-07 4.70899295e-07 5.47849595e-07 8.28967757e-07
 5.99248494e-07 9.49777984e-07 1.28716783e-06 6.76123989e-07
 6.27088639e-07 8.43680937e-07 2.20391826e-06 2.54032943e-06
 1.88974343e-06 1.35840355e-06 1.86527222e-06 4.09462154e-06
 2.84437283e-06 3.09568827e-06 2.02142041e-06 1.85618671e-06
 3.52522943e-06 1.99146029e-06 2.45568322e-06 1.78151731e-06
 2.00693717e-06 1.37020118e-06 2.24970654e-06 2.83832560e-06
 2.50535777e-06 1.12073349e-06 1.81234111e-06 1.54353211e-06
 1.02890647e-06 1.64684832e-06 1.81369762e-06 1.44018861e-06
 1.35569746e-06 9.32125488e-07 1.71105660e-06 1.76233641e-06
 1.58046441e-06 4.54731691e-07 1.17740785e-06 1.10002941e-06
 2.59913054e-06 2.78377252e-06 2.95895393e-06 1.30723595e-06
 2.45655951e-06 8.22396316e-07 1.52433915e-06 2.13480257e-06
 1.96302858e-06 1.54294742e-06 1.55885436e-06 1.89156947e-06
 1.78890548e-06 1.35271512e-06 1.87759861e-06 1.99358306e-06
 3.22352844e-06 4.43234239e-06 4.38299139e-06 6.62886714e-06
 2.91440119e-06 4.53308758e-06 4.18311492e-06 8.00001999e-06
 6.99763950e-06 5.66318886e-06 5.45253351e-06 1.23236678e-05
 1.68351489e-05 1.12678053e-05 2.04353710e-05 1.83097964e-05
 2.47258013e-05 2.10567014e-05 3.06962575e-05 5.46615520e-05
 2.70610672e-05 2.57564006e-05 3.94033341e-05 5.22734226e-05
 2.30523365e-05 3.83893675e-05 2.87101429e-05 2.66847346e-05
 2.46801010e-05 3.58776488e-05 2.92960685e-05 4.30253895e-05
 4.90946804e-05 5.95988240e-05 4.11570836e-05 3.54340991e-05
 3.02338813e-05 2.77588042e-05 5.45841322e-05 5.18754132e-05
 5.15202846e-05 4.56079615e-05 1.26422063e-04 6.76665513e-05
 4.58598624e-05 4.02791775e-05 7.45297875e-05 2.21771679e-05
 3.09087554e-05 4.59896874e-05 5.03954507e-05 8.95758567e-05
 1.01096717e-04 3.42197272e-05 7.55304573e-05 6.71464077e-05
 3.57855206e-05 1.96263518e-05 3.68804904e-05 4.15994764e-05
 3.17455451e-05 2.09705522e-05 3.20308136e-05 4.45572659e-05
 4.99324524e-05 2.14586980e-05 2.12645828e-05 2.28932713e-05
 5.14723833e-05 2.66298903e-05 3.16471633e-05 1.91971394e-05
 2.23730149e-05 1.88702052e-05 1.98158978e-05 2.07592184e-05
 2.60914767e-05 1.01610349e-05 9.66575226e-06 1.06142879e-05
 8.48903892e-06 1.28006395e-05 1.94212171e-05 1.09984358e-05
 2.28612989e-05 1.05017571e-05 2.52241207e-05 2.12400282e-05
 1.35470809e-05 1.08377544e-05 1.74223078e-05 1.01100622e-05
 1.13385458e-05 7.44962881e-06 8.91922264e-06 6.83484313e-06
 4.34711910e-06 3.46122647e-06 2.96659186e-06 3.08364179e-06
 2.40187796e-06 2.40646455e-06 2.03222021e-06 2.24901214e-06
 2.52445648e-06 1.68415500e-06 2.45562342e-06 2.38503321e-06
 1.63384482e-06 2.18911714e-06 2.11537190e-06 2.35487164e-06
 2.44980038e-06 2.15418936e-06 1.89425407e-06 2.11743986e-06
 1.42127919e-06 2.19352069e-06 1.68378040e-06 2.48399874e-06
 9.15040175e-07 1.11754775e-06 1.75678713e-06 1.16964202e-06
 3.91676986e-06 2.40122677e-06 1.92520952e-06 3.56183523e-06
 1.76648393e-06 1.39902022e-06 2.16933836e-06 2.00831278e-06
 1.69230225e-06 1.65065410e-06 2.98698501e-06 2.40167924e-06
 3.15022885e-06 3.70670091e-06 1.59109356e-06 2.54104953e-06
 1.77243749e-06 3.21037260e-06 2.06661093e-06 3.11252984e-06
 1.20919424e-06 1.18332559e-06 1.26685200e-06 1.41623389e-06
 5.79509845e-07 3.76185397e-07 4.53745884e-07 1.18462310e-06
 4.05313216e-07 7.34284015e-07 5.89886497e-07 7.49932212e-07
 3.08967714e-07 1.87165185e-07 2.54203457e-07 5.09685663e-07]
[2.25212943e-07 4.94094252e-07 3.17859701e-07 4.77130186e-07
 5.83726887e-07 4.82457892e-07 6.88373632e-07 4.78688719e-07
 7.29184649e-07 8.76412798e-07 7.11638847e-07 8.92381252e-07
 7.10668530e-07 7.09393532e-07 1.55512555e-06 2.64605023e-06
 1.50935568e-06 1.23344432e-06 1.22771814e-06 1.78384732e-06
 2.43522254e-06 1.92440075e-06 1.27815474e-06 2.25865256e-06
 3.73123294e-06 1.24665337e-06 1.78105381e-06 2.80023596e-06
 1.19046160e-06 8.25241784e-07 1.56133990e-06 2.66940629e-06
 1.99267924e-06 1.35324717e-06 1.35477001e-06 1.64630694e-06
 1.38336020e-06 1.45058777e-06 1.84064265e-06 1.29626187e-06
 1.59841375e-06 1.17122670e-06 9.45053444e-07 1.41286125e-06
 1.06451989e-06 8.97322309e-07 8.90497347e-07 1.02650085e-06
 1.26547923e-06 2.11633778e-06 2.31790432e-06 1.33363335e-06
 2.60794309e-06 2.74021113e-06 2.19825256e-06 2.06285517e-06
 1.67402834e-06 1.52011580e-06 2.69313387e-06 2.72089687e-06
 1.17954141e-06 2.00519230e-06 3.26335680e-06 2.83031545e-06
 2.84098610e-06 2.64387199e-06 4.69257930e-06 3.72568798e-06
 3.38616155e-06 3.13122632e-06 9.43816121e-06 6.25609528e-06
 3.95124243e-06 4.12823147e-06 7.08551306e-06 7.67842812e-06
 9.08625589e-06 1.34926240e-05 1.75378882e-05 1.50360183e-05
 1.97345962e-05 2.66272309e-05 2.73045389e-05 5.64061447e-05
 3.08280905e-05 2.12676259e-05 2.34885210e-05 3.24742105e-05
 2.57156062e-05 2.33730389e-05 1.83564280e-05 1.85224253e-05
 2.12808154e-05 2.20250895e-05 7.40541655e-05 2.71860790e-05
 7.55056026e-05 8.35514875e-05 2.27183245e-05 2.18915684e-05
 3.35347031e-05 1.60104846e-05 2.82603633e-05 5.51378362e-05
 4.89283302e-05 4.05407482e-05 4.51369560e-05 3.33685966e-05
 2.65160470e-05 3.05985595e-05 4.44284196e-05 3.25287510e-05
 3.01787204e-05 5.41124573e-05 3.67714638e-05 3.43951760e-05
 6.64946128e-05 3.45174085e-05 3.77403521e-05 4.80504059e-05
 4.12007212e-05 1.90252340e-05 3.36630401e-05 1.75967998e-05
 3.13093151e-05 2.75586917e-05 5.19000205e-05 2.87729545e-05
 3.79884623e-05 1.99627666e-05 1.40933744e-05 3.42598105e-05
 2.30011447e-05 2.17459674e-05 2.58243235e-05 2.20722268e-05
 1.39389040e-05 2.02440733e-05 1.16868787e-05 2.25660915e-05
 1.36686212e-05 1.01835021e-05 1.82276071e-05 1.04893015e-05
 9.39228994e-06 7.73360716e-06 1.01095893e-05 1.13967435e-05
 1.03457851e-05 1.12920761e-05 1.66495174e-05 1.92475891e-05
 1.43968382e-05 1.15057583e-05 1.12717908e-05 9.91425532e-06
 1.02499689e-05 7.86442160e-06 1.15176636e-05 5.46776027e-06
 4.52100312e-06 2.36360279e-06 5.04858963e-06 3.32644981e-06
 2.68454119e-06 1.64332016e-06 1.82102383e-06 1.83924715e-06
 1.37354471e-06 1.72022237e-06 1.60045295e-06 1.69817349e-06
 1.40638440e-06 1.60934462e-06 1.36070378e-06 1.97247687e-06
 1.73003946e-06 9.92543619e-07 1.56181750e-06 1.43719444e-06
 9.93456069e-07 7.45582668e-07 1.20898051e-06 1.45163631e-06
 1.40310203e-06 8.92515516e-07 1.45107754e-06 1.91201411e-06
 1.23494976e-06 9.89055138e-07 1.32613195e-06 3.46845627e-06
 1.96234168e-06 1.05245999e-06 1.97012241e-06 7.19941454e-07
 8.95261337e-07 1.37780580e-06 2.46465856e-06 5.29257477e-06
 2.00235172e-06 3.73925104e-06 2.30665432e-06 2.94327037e-06
 4.99373300e-06 2.17695674e-06 1.74337163e-06 1.27979138e-06
 9.21956769e-07 1.66892517e-06 1.34429808e-06 8.95111555e-07
 5.05179401e-07 3.04229417e-07 3.63789695e-07 5.17839908e-07
 3.37777266e-07 3.84762643e-07 4.45874321e-07 5.45401065e-07
 7.94167079e-07 4.36492542e-07 1.84595521e-07 2.18106422e-07]
[2.48170380e-07 7.14480166e-07 5.21614936e-07 3.60703893e-07
 3.49744141e-07 3.30284053e-07 5.33172624e-07 4.32262510e-07
 5.90556795e-07 6.69937890e-07 6.95495430e-07 8.57565453e-07
 8.66444225e-07 6.93989307e-07 6.41986446e-07 3.01820273e-06
 2.42363262e-06 1.87931630e-06 3.41810210e-06 1.11491215e-06
 1.30269473e-06 5.69998178e-07 8.87775457e-07 1.14847091e-06
 3.86508282e-06 5.12015276e-06 2.47228786e-06 1.84549299e-06
 1.72894079e-06 2.39107112e-06 1.57220529e-06 2.23948882e-06
 2.41689918e-06 1.44906028e-06 1.72931686e-06 2.15193609e-06
 9.89764771e-07 1.28005559e-06 1.18793832e-06 2.14878628e-06
 1.61251228e-06 1.50752237e-06 1.38229268e-06 9.78893354e-07
 1.14173361e-06 2.20097741e-06 1.25567033e-06 2.17960996e-06
 1.53023814e-06 1.61734090e-06 2.25682265e-06 2.42141527e-06
 1.77626691e-06 1.64670666e-06 1.59692206e-06 2.14843499e-06
 3.11777512e-06 1.91960385e-06 3.52369238e-06 3.16993669e-06
 1.82876204e-06 2.00484214e-06 2.20879429e-06 4.64178220e-06
 4.02125625e-06 4.15221302e-06 4.76159630e-06 4.99042790e-06
 3.70052044e-06 2.78700645e-06 6.72966598e-06 8.79060190e-06
 3.53850373e-06 6.49430694e-06 6.54890755e-06 4.83449276e-06
 1.20181830e-05 8.22635957e-06 9.52039045e-06 9.30004626e-06
 2.08961592e-05 2.84333655e-05 2.76953288e-05 3.64831067e-05
 2.74017239e-05 1.47674318e-05 1.71020929e-05 4.30120381e-05
 2.68177682e-05 2.19280682e-05 3.22018495e-05 4.15237482e-05
 2.13458479e-05 1.95364373e-05 1.88633621e-05 3.61947023e-05
 3.57453209e-05 4.39152100e-05 2.32404072e-05 2.36182095e-05
 4.01909383e-05 3.08223607e-05 4.53577668e-05 3.59362712e-05
 3.20481668e-05 2.13506810e-05 6.45504406e-05 5.09705278e-05
 2.33666706e-05 2.30475507e-05 2.87702514e-05 4.07330772e-05
 2.06303539e-05 3.79875964e-05 3.07027913e-05 1.20928940e-04
 4.30460750e-05 2.19540871e-05 2.36341493e-05 2.42190381e-05
 3.68215224e-05 2.55388495e-05 3.55885204e-05 3.49771290e-05
 2.15690579e-05 2.19644153e-05 3.15320103e-05 2.98210089e-05
 2.89299569e-05 2.97497554e-05 2.42056612e-05 2.15834498e-05
 2.20003076e-05 2.37775603e-05 1.46570555e-05 1.70647672e-05
 3.56646051e-05 1.88996582e-05 2.72167363e-05 1.62720753e-05
 9.25164204e-06 7.87454337e-06 1.05101235e-05 1.23463469e-05
 9.44416479e-06 1.84441215e-05 1.02785771e-05 2.32656312e-05
 1.02900703e-05 9.23525295e-06 1.30277649e-05 1.85264926e-05
 1.23675018e-05 1.06321058e-05 1.35752380e-05 1.08423601e-05
 9.56926579e-06 5.36066227e-06 8.71397970e-06 5.66613380e-06
 3.29143427e-06 3.48253639e-06 2.14562465e-06 4.58932482e-06
 2.14053784e-06 1.21465791e-06 2.63512743e-06 2.16239573e-06
 1.96109750e-06 1.86692466e-06 3.33209641e-06 5.36186099e-06
 2.19516573e-06 2.74648460e-06 2.28683098e-06 2.44729540e-06
 1.23662323e-06 1.58646469e-06 1.21699190e-06 1.78849712e-06
 2.00120439e-06 1.26873613e-06 1.39891836e-06 1.19364176e-06
 1.38928272e-06 9.28386555e-07 9.87814815e-07 1.19680624e-06
 1.49816094e-06 1.23355505e-06 1.11432382e-06 1.23717302e-06
 1.71190152e-06 1.47477203e-06 1.07982032e-06 1.94238396e-06
 1.79275332e-06 2.19796243e-06 3.33393950e-06 4.76484911e-06
 3.00057582e-06 2.47807088e-06 1.22350184e-06 1.81581765e-06
 2.45967544e-06 1.82572455e-06 1.64179403e-06 9.19415186e-07
 1.19641834e-06 1.04895400e-06 7.67739209e-07 8.41222857e-07
 7.77893717e-07 4.85701889e-07 9.53990707e-07 5.53475672e-07
 5.64581740e-07 5.37128756e-07 6.49400079e-07 5.84400993e-07
 4.60875725e-07 3.99435550e-07 2.75389908e-07 1.95471287e-07]
[4.14479700e-07 6.92793662e-07 7.81454446e-07 4.25214694e-07
 3.10571778e-07 4.34259761e-07 4.13949664e-07 4.85424721e-07
 5.20210904e-07 4.94683320e-07 7.94355856e-07 1.06664640e-06
 1.26621023e-06 5.96955431e-07 1.26982206e-06 1.41715952e-06
 1.82518215e-06 1.53374720e-06 2.63565676e-06 2.63131074e-06
 4.58721524e-06 2.17430693e-06 2.21182290e-06 1.89034188e-06
 3.92246375e-06 3.06364109e-06 2.37376753e-06 2.28759814e-06
 3.23303880e-06 1.59444096e-06 2.89248896e-06 2.47471667e-06
 1.80823861e-06 2.03707577e-06 4.43295494e-06 2.50167068e-06
 2.20172365e-06 2.06910340e-06 1.68587576e-06 1.45386593e-06
 2.14763122e-06 1.82073927e-06 1.62055528e-06 1.56046781e-06
 8.79568745e-07 1.64276378e-06 8.32448620e-07 2.27187343e-06
 1.73642036e-06 1.87186470e-06 3.08742597e-06 2.32708157e-06
 3.97956410e-06 3.88268654e-06 2.61274181e-06 1.70804344e-06
 1.98520866e-06 3.22843584e-06 4.14693613e-06 2.25037820e-06
 3.01881846e-06 1.68684437e-06 3.65246228e-06 3.78899608e-06
 3.65272899e-06 4.79942582e-06 5.12276893e-06 3.81301561e-06
 2.47500657e-06 2.12062082e-06 1.12928856e-05 8.64562662e-06
 8.26897576e-06 5.18568368e-06 8.86532052e-06 1.04865385e-05
 8.67495964e-06 1.09039602e-05 2.29229718e-05 1.78365590e-05
 2.62745652e-05 2.84439866e-05 4.26165061e-05 2.88137089e-05
 2.12558352e-05 2.30882888e-05 2.72223788e-05 3.42862040e-05
 7.37775772e-05 2.36996511e-05 4.93919833e-05 4.79075134e-05
 2.18069235e-05 2.16545541e-05 5.99534142e-05 6.22276202e-05
 5.40711662e-05 3.19409955e-05 5.45767798e-05 2.71186782e-05
 3.76811258e-05 2.81613011e-05 3.66272834e-05 3.61594066e-05
 2.35943644e-05 4.97927540e-05 3.15759098e-05 3.10837095e-05
 1.97449426e-05 3.15769321e-05 4.27403320e-05 3.60686790e-05
 4.21821860e-05 4.58876311e-05 4.35958791e-05 6.50477014e-05
 2.00471022e-05 2.81481716e-05 1.98363850e-05 4.37658855e-05
 4.84696793e-05 4.62472490e-05 2.92923869e-05 4.87378675e-05
 4.27047489e-05 1.76623307e-05 2.16094577e-05 2.90086464e-05
 3.64978150e-05 5.42770722e-05 4.88213991e-05 3.82694270e-05
 2.96027501e-05 3.61602360e-05 4.03691338e-05 3.76300341e-05
 3.97194235e-05 3.09112984e-05 2.85746191e-05 1.80172810e-05
 1.83614084e-05 1.24784265e-05 1.41755909e-05 2.79869982e-05
 2.50180074e-05 1.36753251e-05 1.51770209e-05 1.34621141e-05
 1.11877498e-05 1.41518203e-05 1.73324952e-05 1.96661822e-05
 1.05803965e-05 2.20637958e-05 8.63952482e-06 1.57450177e-05
 1.27946960e-05 8.48393393e-06 5.69671465e-06 8.12146482e-06
 4.26277256e-06 3.58920101e-06 2.33217361e-06 3.32757918e-06
 1.87078240e-06 1.71585987e-06 1.95389362e-06 2.82029509e-06
 2.02544720e-06 2.55708687e-06 3.34485526e-06 2.36461824e-06
 1.39133908e-06 1.72706507e-06 2.83514851e-06 2.92528216e-06
 2.41133966e-06 1.55172529e-06 2.11924794e-06 2.01474541e-06
 1.23472194e-06 1.25491658e-06 2.23224401e-06 1.17771060e-06
 1.77325103e-06 1.40736620e-06 7.40415828e-07 9.69536700e-07
 2.48698780e-06 1.37418590e-06 1.03721959e-06 1.11267252e-06
 1.57857528e-06 1.70544638e-06 1.89366563e-06 2.78950733e-06
 1.99560441e-06 1.69544899e-06 3.16285150e-06 4.06014215e-06
 4.24979180e-06 2.50108087e-06 1.94183281e-06 1.27638612e-06
 2.23015491e-06 1.64287030e-06 1.83880547e-06 1.76163940e-06
 8.29559212e-07 8.16965667e-07 1.25604754e-06 1.23982852e-06
 5.71834619e-07 5.93045058e-07 6.79461948e-07 5.81986683e-07
 8.86790701e-07 8.34019204e-07 8.46714329e-07 2.91898317e-07
 3.69277728e-07 4.93393088e-07 2.69723188e-07 1.92990754e-07]
[3.25989134e-07 3.91895583e-07 6.12213398e-07 6.86298733e-07
 5.96457937e-07 3.87227459e-07 4.16666950e-07 6.62656703e-07
 5.25878875e-07 9.92813625e-07 9.10196377e-07 9.92412083e-07
 6.26213023e-07 1.05731442e-06 9.74314162e-07 1.25778604e-06
 1.22813969e-06 1.02947240e-06 2.68685721e-06 1.95058396e-06
 2.16566218e-06 1.60906586e-06 2.20304560e-06 1.59765739e-06
 2.57784905e-06 1.15971670e-06 2.23569782e-06 3.54191684e-06
 2.89984087e-06 1.78665380e-06 2.30985302e-06 1.70357509e-06
 1.73103808e-06 2.17930597e-06 3.45226454e-06 3.38776954e-06
 3.71363535e-06 1.63690459e-06 1.51675897e-06 2.00246882e-06
 1.24380733e-06 1.29657371e-06 1.49174014e-06 2.14589113e-06
 2.93212702e-06 1.36597430e-06 1.40529698e-06 1.86464206e-06
 1.16364515e-06 2.44919602e-06 2.21386040e-06 4.30147202e-06
 3.06889501e-06 3.56048008e-06 2.88629030e-06 1.45903675e-06
 2.11274278e-06 3.01654563e-06 3.41921623e-06 3.55291081e-06
 2.74942909e-06 5.00963097e-06 3.27574708e-06 2.38602956e-06
 2.40604754e-06 3.12652696e-06 6.12029908e-06 5.91560047e-06
 3.09687562e-06 3.82947474e-06 2.14947522e-06 4.62345861e-06
 6.80567109e-06 7.81009021e-06 7.76619618e-06 9.09189748e-06
 9.86787200e-06 1.78168029e-05 1.49127227e-05 1.77413876e-05
 2.77312211e-05 4.34128051e-05 5.31464466e-05 4.13517701e-05
 1.49367306e-05 1.79103572e-05 3.97471631e-05 3.70846938e-05
 3.99487290e-05 2.15205382e-05 3.15840989e-05 4.26525185e-05
 2.69569628e-05 2.34021863e-05 2.91976376e-05 4.05012142e-05
 4.65671292e-05 5.05349417e-05 5.15214488e-05 3.11986114e-05
 2.54438000e-05 2.07316243e-05 3.74676711e-05 6.23738088e-05
 3.81581922e-05 6.54001924e-05 2.04374574e-05 4.68097714e-05
 3.16888472e-05 3.01130640e-05 3.18307284e-05 3.50237642e-05
 4.89795493e-05 2.75507391e-05 3.02982808e-05 5.69596268e-05
 4.95622917e-05 3.74014890e-05 3.22515807e-05 4.75286033e-05
 6.94991832e-05 2.50746380e-05 2.51500514e-05 2.08218407e-05
 2.07486537e-05 2.47690623e-05 3.20562867e-05 3.19560168e-05
 3.21717889e-05 2.12088435e-05 3.06631009e-05 4.27196392e-05
 5.97012877e-05 1.73956996e-05 2.43985069e-05 3.97619115e-05
 3.22666310e-05 3.04481309e-05 2.38981065e-05 4.14860733e-05
 1.54096942e-05 1.19272509e-05 1.37646975e-05 1.56820042e-05
 1.94611239e-05 1.73524368e-05 2.60261677e-05 1.31939851e-05
 1.79226445e-05 1.86028064e-05 1.67041144e-05 1.66748232e-05
 1.78676983e-05 1.71607298e-05 2.02756037e-05 1.45736531e-05
 1.61622447e-05 7.23083986e-06 5.76513276e-06 3.70166322e-06
 5.48682283e-06 3.75599484e-06 1.26722409e-06 3.62536116e-06
 2.47576713e-06 1.38487724e-06 2.28522072e-06 1.77702213e-06
 2.02305523e-06 2.37860468e-06 2.30578075e-06 3.16799014e-06
 1.93862093e-06 1.34319350e-06 1.23718030e-06 3.04741297e-06
 2.20598918e-06 1.22644531e-06 2.08642473e-06 1.92756397e-06
 1.46780360e-06 9.87172939e-07 1.32166417e-06 9.73102374e-07
 1.03061518e-06 1.94706558e-06 1.90537230e-06 2.07547123e-06
 2.29358170e-06 1.88328761e-06 2.21309551e-06 1.58863622e-06
 1.10526514e-06 2.53199073e-06 1.72015461e-06 2.56434419e-06
 1.53159544e-06 1.70320743e-06 3.61007119e-06 4.69148972e-06
 4.41542943e-06 1.86039017e-06 3.70988255e-06 1.58981891e-06
 2.07649191e-06 1.54867848e-06 1.62476999e-06 1.74835566e-06
 1.11978170e-06 6.73141301e-07 1.16296860e-06 9.25029497e-07
 5.27083671e-07 6.71006262e-07 6.16702437e-07 4.45127938e-07
 6.40620044e-07 1.30218166e-06 5.59476632e-07 9.80067853e-07
 5.66840413e-07 1.69554937e-07 2.23448367e-07 3.13864632e-07]
[2.9096245e-07 1.4493092e-07 3.4701168e-07 5.7230301e-07 4.0334885e-07
 2.9987032e-07 4.7488811e-07 6.0826784e-07 4.2996473e-07 4.6246382e-07
 1.4875727e-06 9.9688430e-07 8.7315283e-07 9.3429054e-07 9.7355792e-07
 1.0992093e-06 1.6402209e-06 2.0627745e-06 2.2743127e-06 1.8431089e-06
 3.1493657e-06 1.4094612e-06 2.2361753e-06 1.2222425e-06 1.6714516e-06
 1.1759445e-06 1.5993554e-06 2.3329319e-06 1.0244239e-06 1.6713071e-06
 2.3205284e-06 9.0239433e-07 1.4807306e-06 2.1318911e-06 1.5248846e-06
 1.3285098e-06 1.3399136e-06 1.4196388e-06 1.5425325e-06 1.0594111e-06
 9.1950113e-07 1.0360744e-06 1.6247773e-06 9.9200781e-07 9.3941077e-07
 1.4417564e-06 1.7665681e-06 2.4405415e-06 1.5973947e-06 1.4698713e-06
 2.0742368e-06 1.4735391e-06 1.5942428e-06 1.9361917e-06 1.9347365e-06
 2.2347256e-06 1.5579735e-06 1.8032482e-06 2.2615161e-06 5.0044896e-06
 4.0204309e-06 2.6520599e-06 2.8329816e-06 4.1404605e-06 4.2041388e-06
 2.6276364e-06 3.3181507e-06 5.9873732e-06 2.4826468e-06 3.7260052e-06
 4.6131076e-06 4.2826964e-06 5.9276449e-06 3.9129122e-06 6.1170849e-06
 7.1972427e-06 5.0237963e-06 3.5902597e-06 1.6545722e-05 1.7679569e-05
 3.1464799e-05 2.9948618e-05 3.1096952e-05 2.0309666e-05 2.8038134e-05
 1.4744474e-05 2.2198183e-05 2.2240716e-05 1.6990236e-05 2.3828432e-05
 1.8477831e-05 2.9136019e-05 4.3934811e-05 1.9700688e-05 3.9601913e-05
 4.0738800e-05 2.4000161e-05 4.4900244e-05 2.3470269e-05 4.9038168e-05
 1.8236775e-05 1.7113221e-05 2.6328700e-05 3.3159453e-05 2.2727845e-05
 3.2888081e-05 3.4076143e-05 3.4546047e-05 4.0848983e-05 2.8123866e-05
 2.5974072e-05 3.9872466e-05 3.8923401e-05 2.7216476e-05 4.0560477e-05
 5.2726904e-05 5.2782547e-05 1.8052204e-05 1.9648243e-05 2.6875025e-05
 2.3541981e-05 2.4924020e-05 2.3621224e-05 2.0601934e-05 3.0720283e-05
 1.5666074e-05 1.7461784e-05 1.6578781e-05 1.8827413e-05 3.0609317e-05
 3.7719681e-05 2.8628252e-05 1.8957708e-05 1.5652591e-05 1.6881975e-05
 2.7722608e-05 2.2577791e-05 1.9474704e-05 2.4763533e-05 2.5597736e-05
 1.3185844e-05 1.3360023e-05 2.4068568e-05 1.4499106e-05 1.1016964e-05
 1.4566672e-05 1.5628373e-05 3.0402110e-05 2.5768551e-05 1.2095638e-05
 1.0474566e-05 1.6109172e-05 9.1700504e-06 7.5415560e-06 1.2435652e-05
 9.1002439e-06 1.4265900e-05 5.1617467e-06 6.5371091e-06 1.0383325e-05
 4.6305950e-06 2.5591837e-06 3.6330823e-06 3.0125022e-06 4.4124076e-06
 2.6804580e-06 2.6426596e-06 3.8393878e-06 4.2067390e-06 2.0580101e-06
 4.8588086e-06 1.2392468e-06 2.1570950e-06 1.6251801e-06 2.0539655e-06
 1.9556546e-06 2.6749331e-06 2.7872941e-06 1.7995286e-06 1.9005710e-06
 1.6249284e-06 1.4165498e-06 6.9634780e-07 9.6618407e-07 1.3770640e-06
 1.6290265e-06 2.0075415e-06 1.8076516e-06 2.4280716e-06 1.5368764e-06
 1.1683161e-06 2.5262336e-06 1.3133463e-06 3.0671372e-06 1.8788775e-06
 1.9404611e-06 2.5731104e-06 1.5256520e-06 2.6499326e-06 2.2863130e-06
 1.9100589e-06 7.8992736e-07 2.6416776e-06 1.4162223e-06 1.5663605e-06
 7.1667131e-07 2.5197076e-06 9.0005756e-07 9.6278404e-07 7.0411170e-07
 3.7115100e-07 6.9780930e-07 3.6538520e-07 3.9070042e-07 6.1830292e-07
 3.7436465e-07 4.6449316e-07 8.0815499e-07 3.3298966e-07 7.6000816e-07
 4.7096580e-07 3.4088472e-07 2.0679653e-07 1.4345221e-07]
[2.57371312e-07 4.99989085e-07 3.41693550e-07 5.36255072e-07
 3.66244734e-07 2.15606448e-07 3.76862772e-07 4.91889125e-07
 8.52893947e-07 5.85445093e-07 7.64613162e-07 7.07266906e-07
 9.50293952e-07 1.10853489e-06 1.22203244e-06 3.30271473e-06
 2.05767788e-06 1.95619054e-06 1.70138458e-06 2.44972648e-06
 1.23466168e-06 1.16779995e-06 1.04163064e-06 2.56131784e-06
 1.57245802e-06 9.40206462e-07 9.61834758e-07 1.62310255e-06
 1.07408221e-06 8.74632121e-07 1.29061152e-06 7.66990979e-07
 1.18088417e-06 1.22060044e-06 1.53922826e-06 1.75534308e-06
 1.12513362e-06 1.78764333e-06 1.85103079e-06 1.05281049e-06
 7.88855232e-07 9.18659055e-07 1.20792095e-06 1.27312126e-06
 8.93888171e-07 1.11686006e-06 8.55090377e-07 1.48252104e-06
 1.12360840e-06 2.09135487e-06 2.34974846e-06 2.25523263e-06
 1.56449698e-06 1.74355955e-06 1.70442479e-06 1.45558568e-06
 2.37838140e-06 1.88003617e-06 1.45975548e-06 2.54128349e-06
 1.67915778e-06 2.54912015e-06 1.63219568e-06 3.62955325e-06
 2.54891074e-06 3.81847121e-06 6.54683708e-06 4.38748611e-06
 3.38909126e-06 4.12328018e-06 2.96920712e-06 7.94777770e-06
 4.24324344e-06 5.28854571e-06 8.22745915e-06 7.74600721e-06
 9.63588536e-06 7.10210452e-06 1.00334319e-05 1.40752118e-05
 1.53698766e-05 1.62856650e-05 1.80189836e-05 1.57406848e-05
 2.18044497e-05 1.51559607e-05 2.98316863e-05 2.33153023e-05
 2.36919168e-05 2.26400880e-05 3.22668129e-05 1.95406974e-05
 4.90928032e-05 2.37055701e-05 2.11443094e-05 3.62188839e-05
 2.13908934e-05 2.97964798e-05 2.74442737e-05 4.20671968e-05
 2.03330837e-05 3.00299962e-05 3.10081923e-05 2.86923296e-05
 2.63226702e-05 1.95980174e-05 2.06542663e-05 2.94220663e-05
 3.14667450e-05 2.00751983e-05 4.23512283e-05 2.86570667e-05
 3.23145032e-05 2.18768018e-05 2.65521794e-05 5.27936099e-05
 2.07769535e-05 3.12179727e-05 3.39932922e-05 2.48029264e-05
 1.84914497e-05 1.11876006e-05 2.92040713e-05 2.49249642e-05
 1.66103800e-05 1.26324530e-05 2.15199179e-05 2.01458988e-05
 1.93582073e-05 3.66396089e-05 3.62230312e-05 2.78143034e-05
 1.70285293e-05 1.97921418e-05 1.61994885e-05 2.23000989e-05
 1.44997539e-05 4.11726323e-05 4.40279146e-05 5.22425144e-05
 1.35907712e-05 1.70873045e-05 1.21928424e-05 7.72132898e-06
 2.10241433e-05 1.68652186e-05 1.83949887e-05 1.40064803e-05
 1.76568519e-05 1.93550968e-05 9.04128683e-06 1.21893245e-05
 1.27948888e-05 1.10046703e-05 1.23630098e-05 9.40978498e-06
 1.08665154e-05 7.36853463e-06 1.22952906e-05 1.32090690e-05
 6.98973918e-06 4.87235684e-06 5.40142128e-06 4.17317733e-06
 2.24700443e-06 1.22889230e-06 2.62683352e-06 3.32756758e-06
 3.72423710e-06 3.11712643e-06 2.26867496e-06 2.18740752e-06
 2.28866588e-06 1.76099672e-06 2.11723068e-06 2.31921467e-06
 1.71818772e-06 1.82470251e-06 2.36792516e-06 1.70127203e-06
 1.53571091e-06 1.02114495e-06 1.20221932e-06 1.30446494e-06
 1.42676072e-06 1.04359822e-06 1.04154776e-06 1.30347541e-06
 1.42274109e-06 7.24475285e-07 1.19653248e-06 2.14487568e-06
 1.37710379e-06 2.35186758e-06 2.66830261e-06 1.80663608e-06
 1.52053724e-06 1.96491328e-06 1.25274585e-06 2.09972109e-06
 2.63303446e-06 1.95804364e-06 2.35226912e-06 2.24393830e-06
 1.68991085e-06 9.60287366e-07 9.10129700e-07 8.38334699e-07
 7.69275175e-07 5.99041130e-07 7.51142295e-07 3.49644807e-07
 5.07207460e-07 2.06339337e-07 4.84181385e-07 4.78702930e-07
 2.71555024e-07 2.13231147e-07 5.43723047e-07 8.19437957e-07
 5.31684975e-07 4.68742286e-07 1.87958108e-07 2.47062275e-07]
[4.68954454e-07 4.12223841e-07 4.94615108e-07 2.02896487e-07
 1.77931653e-07 2.49261461e-07 4.19872634e-07 3.80701749e-07
 3.57345442e-07 4.35171955e-07 6.77282799e-07 1.27116721e-06
 8.27935764e-07 7.01807267e-07 1.42595991e-06 2.15977411e-06
 1.93893425e-06 2.07132939e-06 1.73014666e-06 2.31638751e-06
 1.40823374e-06 1.04747585e-06 1.88172908e-06 1.67017515e-06
 8.14439943e-07 8.10739323e-07 9.40238351e-07 7.31146145e-07
 1.25131771e-06 8.01244539e-07 2.18020455e-06 2.20781362e-06
 1.71371676e-06 1.42966780e-06 2.42860483e-06 1.69708926e-06
 1.26660723e-06 1.78674065e-06 1.16521426e-06 1.37269956e-06
 1.31957540e-06 1.51576057e-06 1.38629139e-06 1.12916416e-06
 1.51977758e-06 1.56456269e-06 1.21684468e-06 2.00088220e-06
 1.68533325e-06 3.81491964e-06 4.11911060e-06 3.89777779e-06
 1.61702962e-06 2.27558917e-06 2.54310453e-06 2.28074191e-06
 1.71217744e-06 1.64082485e-06 1.71832653e-06 2.98051759e-06
 2.55961345e-06 3.27361181e-06 7.15236320e-06 5.34530909e-06
 3.31017895e-06 4.01784155e-06 4.87863463e-06 8.37218340e-06
 5.54046028e-06 5.33828279e-06 6.74879220e-06 5.21005677e-06
 3.58242210e-06 5.70474867e-06 9.34936634e-06 6.78598963e-06
 7.35412914e-06 1.18480830e-05 1.06348998e-05 1.85629196e-05
 1.00982352e-05 1.29366636e-05 9.59382032e-06 2.96329181e-05
 1.71019437e-05 4.78321563e-05 3.18146958e-05 1.88737831e-05
 3.92463626e-05 2.10885119e-05 1.34937472e-05 1.34993797e-05
 2.44712519e-05 3.24506800e-05 5.26359036e-05 7.10102831e-05
 9.43205887e-05 1.14554226e-04 1.01374164e-04 5.95079509e-05
 1.71238007e-05 3.21831794e-05 5.16668806e-05 2.11766728e-05
 3.35584227e-05 5.57246276e-05 3.98308221e-05 5.50572877e-05
 3.69556583e-05 1.84477649e-05 4.18544623e-05 3.54269614e-05
 4.82599171e-05 2.77627987e-05 3.13994424e-05 4.27133637e-05
 4.32615452e-05 1.30306835e-05 4.56994640e-05 5.27704251e-05
 3.55149605e-05 3.45349035e-05 4.39800642e-05 2.32686270e-05
 2.33321480e-05 2.20531092e-05 4.51895648e-05 4.17032606e-05
 4.41454758e-05 2.65697163e-05 3.03061315e-05 5.31796359e-05
 3.02466233e-05 9.69161010e-06 3.54857111e-05 4.59751136e-05
 7.25560021e-05 1.12238988e-04 7.27528823e-05 9.75247312e-05
 4.37459712e-05 2.16747740e-05 4.08992964e-05 2.06352943e-05
 2.60626675e-05 3.58961188e-05 2.28701992e-05 2.06794193e-05
 1.40543425e-05 1.44084579e-05 1.45640406e-05 2.22838444e-05
 2.89707041e-05 9.93294179e-06 1.97398786e-05 1.52038519e-05
 9.10180188e-06 7.10458653e-06 1.91276176e-05 1.69251653e-05
 4.75622483e-06 4.96661642e-06 3.92870288e-06 3.08609924e-06
 4.06849722e-06 6.11046562e-06 3.04382797e-06 4.11785049e-06
 4.57395663e-06 1.53624217e-06 3.58858711e-06 2.81026951e-06
 2.58771911e-06 1.47115213e-06 1.97422014e-06 3.32405511e-06
 3.41934970e-06 2.05809988e-06 1.97904342e-06 2.82962446e-06
 4.51622918e-06 2.60198431e-06 2.52816335e-06 2.43625959e-06
 1.56366013e-06 1.29077432e-06 1.56849171e-06 2.75827369e-06
 3.26242321e-06 1.62382651e-06 1.78348239e-06 1.37433233e-06
 1.10753058e-06 1.87244802e-06 3.26509212e-06 2.71075533e-06
 1.38775101e-06 2.01394573e-06 5.42089765e-06 5.43935494e-06
 2.24129894e-06 5.34298124e-06 2.72913007e-06 2.29998659e-06
 1.36711299e-06 2.45369665e-06 1.85715487e-06 6.42077168e-07
 1.31690638e-06 5.61121169e-07 7.56759448e-07 7.49392655e-07
 4.85629130e-07 5.24517873e-07 6.07410072e-07 5.56688121e-07
 5.28467069e-07 4.99545536e-07 6.83382893e-07 7.79359425e-07
 7.21585081e-07 4.30761105e-07 2.51184389e-07 3.46970495e-07]
[3.44485244e-07 4.80385722e-07 5.31727949e-07 5.76684954e-07
 5.21096808e-07 4.25561183e-07 5.53127734e-07 6.60710441e-07
 6.60423041e-07 6.69645999e-07 1.15301839e-06 9.06500418e-07
 7.46112164e-07 7.43237479e-07 1.92550215e-06 1.39720930e-06
 3.18361072e-06 2.52681275e-06 2.02729348e-06 1.84509975e-06
 1.62917831e-06 7.61519459e-07 1.05650918e-06 1.21322728e-06
 8.31452269e-07 9.50127514e-07 1.24428402e-06 1.28813235e-06
 1.12401142e-06 1.37683901e-06 1.47363846e-06 2.80790232e-06
 9.16353883e-07 1.83893997e-06 1.70771955e-06 1.10955182e-06
 9.97150778e-07 1.97901886e-06 2.69321936e-06 1.35779362e-06
 1.10139308e-06 1.67658038e-06 1.28032809e-06 1.85536794e-06
 2.22853942e-06 1.41533508e-06 2.01161515e-06 2.22254289e-06
 3.77060610e-06 3.19172432e-06 5.79434663e-06 2.97282600e-06
 2.90588855e-06 3.49546372e-06 3.03938828e-06 2.93018388e-06
 1.07307858e-06 3.22155847e-06 2.19326876e-06 6.09618610e-06
 3.49418156e-06 2.90168532e-06 4.78175343e-06 3.99902092e-06
 3.47172136e-06 5.29115050e-06 6.59499165e-06 7.27274664e-06
 4.71008070e-06 5.79085145e-06 5.15677175e-06 6.16756233e-06
 3.48266235e-06 5.93858022e-06 9.15470719e-06 1.03097855e-05
 6.11918085e-06 1.73055250e-05 7.46996011e-06 1.19056685e-05
 1.22299216e-05 2.14430493e-05 3.64813714e-05 1.93744836e-05
 2.71354565e-05 2.59676162e-05 2.54504175e-05 2.26308402e-05
 3.29504837e-05 3.19041428e-05 2.92822060e-05 2.65740873e-05
 2.51726397e-05 5.25404466e-05 3.11143122e-05 7.77916648e-05
 2.44686060e-04 4.79346672e-05 3.82096950e-05 4.25952130e-05
 2.71502267e-05 5.17199369e-05 5.34294049e-05 3.83607803e-05
 2.61905025e-05 3.86371248e-05 3.06018810e-05 5.83413639e-05
 2.12559553e-05 5.11239232e-05 2.95525406e-05 4.64662480e-05
 3.13548808e-05 5.34322025e-05 5.16591062e-05 6.19812781e-05
 6.39014979e-05 2.91412289e-05 3.95950519e-05 5.99476662e-05
 6.32176598e-05 2.01234743e-05 2.83511927e-05 3.19282408e-05
 2.88539104e-05 3.96746036e-05 3.69910013e-05 6.61372032e-05
 3.33702155e-05 2.86863869e-05 2.32528564e-05 2.37889126e-05
 1.81970227e-05 1.62937740e-05 8.00265407e-05 6.73019313e-05
 3.13115852e-05 4.11083201e-05 4.16426810e-05 3.18720668e-05
 3.03826018e-05 3.49597467e-05 2.08126276e-05 2.55125051e-05
 2.45179162e-05 2.95101272e-05 4.48361789e-05 4.44150937e-05
 2.35707030e-05 3.60613740e-05 1.74424440e-05 2.03805976e-05
 1.52962475e-05 1.58071634e-05 1.58009298e-05 1.69970426e-05
 9.08471247e-06 1.43702673e-05 9.15423607e-06 8.81861251e-06
 6.11119003e-06 4.61816126e-06 1.34645416e-05 9.97884763e-06
 1.27239664e-05 1.24766666e-05 7.04291824e-06 4.28424119e-06
 3.73060607e-06 3.44568502e-06 3.63741128e-06 3.82285634e-06
 2.86359045e-06 1.96026895e-06 4.26378938e-06 2.02557476e-06
 4.98116378e-06 2.79313463e-06 2.58059231e-06 3.14404156e-06
 3.05037338e-06 1.65145491e-06 2.37674044e-06 3.75975014e-06
 3.28232454e-06 2.55758800e-06 1.63214202e-06 2.80532618e-06
 2.04478783e-06 3.66629979e-06 3.29988507e-06 1.62613776e-06
 1.79207530e-06 1.45315028e-06 3.51008498e-06 2.50752146e-06
 1.71692682e-06 1.20580819e-06 1.89116008e-06 4.20509787e-06
 3.93203663e-06 4.67282007e-06 2.85966348e-06 1.49517075e-06
 3.13887995e-06 1.71986233e-06 1.60705110e-06 2.03855393e-06
 9.07061178e-07 9.51818436e-07 1.29574562e-06 1.16888259e-06
 4.87501666e-07 4.93939183e-07 4.91259584e-07 5.96415816e-07
 8.61926253e-07 4.90373452e-07 1.26982525e-06 7.71975635e-07
 5.66539939e-07 5.07460243e-07 6.51517894e-07 2.34481433e-07]
[2.41650895e-07 3.06969667e-07 5.88964440e-07 3.97058244e-07
 2.28423119e-07 2.95259071e-07 4.53211754e-07 7.00883959e-07
 4.06884084e-07 4.59142456e-07 1.27858857e-06 8.29656130e-07
 4.35736268e-07 6.53376162e-07 7.72753083e-07 2.28552358e-06
 1.97184841e-06 2.40087661e-06 4.69285987e-06 1.26331656e-06
 1.38949235e-06 1.38857195e-06 1.01724083e-06 1.34988386e-06
 8.31899399e-07 6.37184485e-07 6.13908981e-07 8.41876954e-07
 8.60513921e-07 1.36320568e-06 1.32468188e-06 1.02598108e-06
 1.09362861e-06 1.54186876e-06 1.26766406e-06 1.30831950e-06
 1.14655779e-06 7.74436160e-07 1.21140181e-06 1.22244739e-06
 8.42892632e-07 1.00268096e-06 1.25336794e-06 1.63469542e-06
 7.64093784e-07 1.24023848e-06 3.02185799e-06 2.01120292e-06
 2.18627724e-06 3.10650648e-06 5.50099503e-06 3.50615733e-06
 2.13836802e-06 1.21439973e-06 2.58765431e-06 1.36363644e-06
 3.19406422e-06 2.03450804e-06 5.30064108e-06 3.41128271e-06
 2.68791518e-06 1.68291137e-06 3.53473774e-06 4.35154516e-06
 4.63459355e-06 8.70195436e-06 5.37156302e-06 8.17602904e-06
 2.39766655e-06 2.38110192e-06 4.01740226e-06 4.89780041e-06
 5.35511208e-06 2.76677565e-06 7.15187116e-06 7.24465144e-06
 6.98377335e-06 4.47730645e-06 1.07648475e-05 1.09120083e-05
 1.66024274e-05 3.49006987e-05 2.61124715e-05 4.63086362e-05
 1.65003512e-05 2.01859148e-05 1.71795818e-05 2.34190502e-05
 1.68635797e-05 2.55669347e-05 3.41768646e-05 2.08205729e-05
 2.98252344e-05 5.40192668e-05 1.04797044e-04 3.74357260e-05
 7.80900227e-05 1.13473849e-04 6.71797388e-05 4.37180570e-05
 3.51427043e-05 3.51949166e-05 3.45281114e-05 2.64552236e-05
 3.24594403e-05 1.82339936e-05 3.36804442e-05 2.55236137e-05
 2.32092916e-05 2.45492211e-05 2.84035686e-05 4.66168094e-05
 3.39777507e-05 2.10166163e-05 3.38029531e-05 5.57856656e-05
 3.54509502e-05 3.39901417e-05 2.02475185e-05 5.30048383e-05
 3.69572772e-05 2.69186858e-05 2.79673641e-05 3.41856867e-05
 1.87035712e-05 5.41458139e-05 1.77892489e-05 2.92858731e-05
 3.67559733e-05 2.74718896e-05 2.66539810e-05 1.83270076e-05
 1.57077502e-05 2.26520187e-05 2.57700649e-05 2.43498653e-05
 2.75439943e-05 1.12472451e-04 6.57451383e-05 2.38730627e-05
 1.40991297e-05 3.08469607e-05 3.30531730e-05 2.62655067e-05
 1.27925159e-05 1.06232665e-05 2.31366521e-05 2.00247123e-05
 2.01706080e-05 1.44170563e-05 2.27494547e-05 2.51863094e-05
 1.79443541e-05 1.47365290e-05 1.14367349e-05 1.02072227e-05
 6.54909172e-06 1.62530869e-05 5.32618787e-06 8.04864521e-06
 1.01255828e-05 9.22385789e-06 4.13694670e-06 4.79512164e-06
 5.34460742e-06 4.75425622e-06 5.00713304e-06 3.97631675e-06
 3.97145459e-06 2.54077054e-06 2.74801278e-06 3.19044580e-06
 4.14567785e-06 1.83687416e-06 3.04318564e-06 2.47385424e-06
 1.57974648e-06 2.07276366e-06 2.75882326e-06 1.87484738e-06
 1.90005392e-06 2.40344139e-06 3.73949661e-06 2.07073208e-06
 1.87611056e-06 1.88891079e-06 3.00165243e-06 2.86751333e-06
 1.26976704e-06 1.88673073e-06 1.23339453e-06 2.36532014e-06
 1.82760584e-06 2.15941509e-06 3.17945523e-06 2.03336640e-06
 1.69822761e-06 1.95069879e-06 3.11254712e-06 5.55430643e-06
 3.13874739e-06 4.40914528e-06 2.59613012e-06 2.14313036e-06
 1.95964299e-06 2.06292520e-06 1.13381077e-06 1.25595864e-06
 8.27805479e-07 1.18396974e-06 1.03300556e-06 7.37634537e-07
 9.91375941e-07 3.43879577e-07 6.81859376e-07 7.11457631e-07
 4.94142114e-07 4.49688741e-07 1.43744990e-06 4.80045003e-07
 3.87799361e-07 6.23506537e-07 5.21674849e-07 2.14879321e-07]
[2.3298692e-07 2.5253422e-07 4.5958009e-07 4.7914278e-07 5.0377554e-07
 4.5280038e-07 4.4262026e-07 9.1968860e-07 6.0994256e-07 4.6485016e-07
 1.0116734e-06 1.0641118e-06 7.8394123e-07 8.1618310e-07 1.1523117e-06
 1.3976087e-06 3.7815446e-06 2.8655140e-06 1.5694126e-06 1.5374412e-06
 1.5017135e-06 1.4189912e-06 1.5132528e-06 1.0554123e-06 1.4723036e-06
 1.7383721e-06 8.7365714e-07 8.7956874e-07 7.2668399e-07 1.0760763e-06
 1.6702801e-06 1.3913186e-06 1.1814465e-06 1.5499318e-06 1.5012500e-06
 1.5450923e-06 1.0694824e-06 7.9662459e-07 1.7005312e-06 1.9099928e-06
 9.7238035e-07 8.5360602e-07 9.6236192e-07 1.5106316e-06 1.1324578e-06
 1.3277589e-06 1.8525612e-06 2.1829744e-06 8.9334344e-07 1.9551073e-06
 2.8422453e-06 2.8322363e-06 1.9623403e-06 2.4046885e-06 2.0073728e-06
 5.6528402e-06 3.8077249e-06 3.1238151e-06 4.7135613e-06 2.3151940e-06
 1.8217665e-06 3.7404091e-06 2.5460815e-06 4.4563863e-06 5.4018637e-06
 7.6197812e-06 5.0641188e-06 8.6405744e-06 4.6002478e-06 4.4599460e-06
 3.2596683e-06 5.6533740e-06 6.7111814e-06 7.3253777e-06 7.7828981e-06
 7.9600686e-06 9.0954381e-06 9.6101139e-06 7.1818213e-06 1.5922387e-05
 1.5233818e-05 1.2633274e-05 2.0638125e-05 3.5785084e-05 2.9908842e-05
 2.9272747e-05 3.8027832e-05 3.2531490e-05 2.6130516e-05 2.8472865e-05
 4.5899829e-05 2.3648938e-05 1.4363907e-05 2.6392596e-05 6.8449233e-05
 1.1974542e-04 9.1351634e-05 9.5197618e-05 7.1690563e-05 6.6049426e-05
 8.6853928e-05 3.4486406e-05 4.9004055e-05 3.4817887e-05 2.8179862e-05
 1.9761152e-05 2.7399563e-05 3.1186351e-05 2.3641760e-05 2.5042618e-05
 2.5750016e-05 5.8020145e-05 5.2258667e-05 3.5876354e-05 3.2437354e-05
 3.5253019e-05 2.8172222e-05 1.7460157e-05 3.0091998e-05 4.8373928e-05
 3.4666267e-05 2.3697103e-05 3.3001095e-05 1.7857710e-05 2.2011523e-05
 4.3343083e-05 2.4742914e-05 3.6892525e-05 2.8088536e-05 2.2975204e-05
 3.7767790e-05 5.1829524e-05 1.9079069e-05 1.8770537e-05 3.2510896e-05
 2.2965529e-05 2.2363953e-05 3.7292160e-05 6.5265835e-05 7.1117545e-05
 1.9831239e-05 2.5457070e-05 3.1015214e-05 1.9747402e-05 2.0243888e-05
 1.5547630e-05 8.5415113e-06 1.2698485e-05 1.0806136e-05 7.9621250e-06
 1.2520315e-05 2.2011824e-05 2.4550120e-05 1.1922646e-05 1.8192906e-05
 1.1044155e-05 1.3825134e-05 7.0255833e-06 9.8643095e-06 8.4177855e-06
 5.5230066e-06 1.9781524e-05 6.7241513e-06 9.4744419e-06 5.4763054e-06
 7.2781645e-06 4.4459966e-06 5.0522499e-06 4.7117856e-06 3.9683746e-06
 3.0727103e-06 5.5421929e-06 3.3685255e-06 2.3424725e-06 4.4590383e-06
 1.0391331e-05 4.8242769e-06 2.3043583e-06 2.2339329e-06 2.7471467e-06
 1.2799259e-06 3.3773788e-06 1.8206669e-06 4.1871644e-06 2.0025439e-06
 1.1778808e-06 2.0310742e-06 1.7510902e-06 1.2325190e-06 1.2286406e-06
 1.4818270e-06 3.1459574e-06 2.0756402e-06 2.1100993e-06 2.7274943e-06
 2.9269947e-06 1.5519145e-06 2.1192473e-06 1.9745487e-06 2.1449928e-06
 1.9989618e-06 1.3672831e-06 1.2761592e-06 4.0266882e-06 1.0834181e-06
 2.7930939e-06 1.4345300e-06 1.1505002e-06 1.4798120e-06 1.2935321e-06
 1.1419212e-06 9.7769362e-07 1.0323722e-06 4.3210397e-07 4.5077147e-07
 7.5249159e-07 7.6087457e-07 6.9788592e-07 5.2802687e-07 1.0310335e-06
 8.6750202e-07 3.0536066e-07 2.2267038e-07 2.1575181e-07]
[2.43311661e-07 4.85160854e-07 8.11729535e-07 3.87240931e-07
 4.22083787e-07 6.21482116e-07 6.20717231e-07 4.85871112e-07
 1.17993875e-06 8.51164714e-07 1.16798606e-06 8.33758634e-07
 5.71860483e-07 9.56570602e-07 1.44697640e-06 1.35054199e-06
 1.66828011e-06 3.90201285e-06 2.59739613e-06 2.21457049e-06
 3.03695106e-06 1.12885493e-06 1.79913184e-06 2.04072171e-06
 1.81751477e-06 9.79423930e-07 1.47477431e-06 1.22894869e-06
 1.37331347e-06 1.00594934e-06 1.71151862e-06 1.80866834e-06
 1.51076847e-06 1.70688554e-06 1.24329824e-06 1.13419594e-06
 1.21882761e-06 1.13623753e-06 3.40258134e-06 3.33677076e-06
 2.04746834e-06 2.15803789e-06 1.61680327e-06 1.30349702e-06
 1.69035502e-06 1.39867882e-06 2.65542553e-06 3.62483775e-06
 2.91534730e-06 1.52384143e-06 2.37243535e-06 2.35271455e-06
 1.72503496e-06 2.14343140e-06 2.46917284e-06 2.88190563e-06
 2.56273620e-06 2.23721054e-06 2.49285745e-06 2.67459905e-06
 3.64886660e-06 2.96382291e-06 4.52613631e-06 4.65178209e-06
 4.82206997e-06 5.13034547e-06 5.33500997e-06 3.51914673e-06
 6.13566408e-06 3.35058780e-06 4.43130011e-06 7.18418733e-06
 3.56536293e-06 7.02124089e-06 8.16419742e-06 6.31430385e-06
 7.97602843e-06 9.87819567e-06 7.34155901e-06 1.55228172e-05
 6.25208668e-06 1.04473465e-05 2.84123689e-05 3.12558586e-05
 3.69129957e-05 3.30803450e-05 5.65452392e-05 2.83447680e-05
 2.72094385e-05 1.61190237e-05 3.64268126e-05 3.64967527e-05
 1.98453836e-05 4.72411048e-05 8.08579061e-05 8.58478597e-05
 6.30443756e-05 6.77950447e-05 4.83966178e-05 6.39331120e-05
 3.05194189e-05 8.33740924e-05 6.23263113e-05 4.49385407e-05
 3.85981075e-05 2.74956492e-05 3.97997537e-05 2.92922923e-05
 5.93622790e-05 2.42405949e-05 4.27390914e-05 2.69320153e-05
 6.06818685e-05 1.22760830e-04 9.19162412e-05 2.73483984e-05
 4.96157627e-05 4.20199322e-05 4.11950605e-05 3.78367804e-05
 3.66755849e-05 2.14281117e-05 3.84608757e-05 2.63301572e-05
 2.18979567e-05 2.69479006e-05 3.01709788e-05 3.62252795e-05
 3.12361262e-05 6.84402694e-05 3.04452096e-05 1.76162393e-05
 1.44620644e-05 2.55496107e-05 2.97878159e-05 2.93166177e-05
 2.29313882e-05 4.09053864e-05 3.58880170e-05 2.09979098e-05
 1.85057634e-05 8.13868701e-06 9.42866518e-06 1.44779087e-05
 1.55340331e-05 1.78771752e-05 2.22435174e-05 1.64803041e-05
 2.65775725e-05 1.71568099e-05 1.32017994e-05 1.65676865e-05
 1.59742358e-05 1.04775536e-05 2.20756647e-05 3.12075827e-05
 9.46377349e-06 1.04827341e-05 1.22524752e-05 1.63127443e-05
 9.03423188e-06 4.23264692e-06 8.85141708e-06 6.05795913e-06
 5.10221253e-06 5.53631435e-06 6.77706294e-06 2.01364619e-05
 1.47737010e-05 2.77566573e-06 2.79641540e-06 5.07215691e-06
 6.24306813e-06 1.88423473e-06 2.95817949e-06 2.88332194e-06
 5.89706178e-06 3.86928195e-06 3.16762362e-06 3.92312131e-06
 3.68624865e-06 1.57732757e-06 1.66671668e-06 1.84851433e-06
 2.54448082e-06 2.23878988e-06 2.28580734e-06 2.03069681e-06
 2.27334863e-06 2.07088328e-06 1.81507301e-06 1.79315339e-06
 2.13526255e-06 1.84510316e-06 2.72846114e-06 2.40328154e-06
 3.87575938e-06 1.74970046e-06 4.56010775e-06 3.68032852e-06
 6.02853879e-06 4.56310090e-06 2.44690932e-06 2.97877409e-06
 2.83425175e-06 1.47231788e-06 1.19518847e-06 1.37212044e-06
 1.36982396e-06 8.67258677e-07 1.35644621e-06 1.01846081e-06
 4.14831760e-07 3.30171588e-07 3.05859203e-07 3.70155789e-07
 3.59740540e-07 5.43815474e-07 1.01924127e-06 5.18819434e-07
 7.92395269e-07 1.26519353e-06 2.68467318e-07 1.22669476e-07]
[2.2862166e-07 2.7997029e-07 4.6756986e-07 5.3544619e-07 5.5498151e-07
 5.2681395e-07 5.6389342e-07 6.8582216e-07 4.1662614e-07 7.6969377e-07
 1.0106761e-06 1.0834137e-06 5.9137813e-07 9.9671013e-07 1.7629353e-06
 1.2724021e-06 2.5537963e-06 2.5271227e-06 1.3426070e-06 3.6415029e-06
 2.0932457e-06 2.7089145e-06 1.7922131e-06 2.0724744e-06 1.3416620e-06
 1.0842299e-06 1.1868782e-06 1.8093425e-06 1.0023796e-06 1.7566399e-06
 2.1357207e-06 2.8278864e-06 1.3401208e-06 9.2444679e-07 1.3183632e-06
 1.2972624e-06 2.1886081e-06 2.4605567e-06 1.9132285e-06 2.0759310e-06
 2.0680629e-06 2.3196985e-06 1.8717124e-06 1.5951231e-06 2.5039760e-06
 2.1008705e-06 2.1600108e-06 3.2836506e-06 3.3300121e-06 1.5731057e-06
 3.4597172e-06 3.3673798e-06 3.9558322e-06 2.1884189e-06 2.5461768e-06
 3.0112039e-06 1.5821415e-06 5.5959877e-06 6.5818804e-06 5.6661124e-06
 3.5681849e-06 3.5323974e-06 3.5034966e-06 4.2631059e-06 7.2269195e-06
 4.0599184e-06 3.3307122e-06 4.0315758e-06 4.6400769e-06 4.5319007e-06
 3.1056782e-06 7.3694259e-06 5.8234268e-06 6.9861576e-06 8.6333202e-06
 8.4259182e-06 8.8419874e-06 1.5519230e-05 1.2721634e-05 1.3115062e-05
 1.2592747e-05 1.7114879e-05 1.5056726e-05 5.1864303e-05 1.5477164e-05
 5.1888423e-05 1.9253081e-05 1.9395566e-05 2.8815592e-05 3.3170178e-05
 2.7544891e-05 5.4954911e-05 3.8785864e-05 4.5680092e-05 4.9269700e-05
 6.4977932e-05 4.1330015e-05 9.1356131e-05 1.4984822e-04 3.5421934e-05
 2.8589950e-05 3.2965498e-05 5.4347969e-05 3.6005691e-05 3.4409026e-05
 4.5311474e-05 3.5246387e-05 3.3456559e-05 5.5866709e-05 4.0818137e-05
 1.2969920e-04 5.9705282e-05 5.1692739e-05 2.5502477e-05 4.3873766e-05
 4.6433968e-05 3.3641907e-05 2.7955501e-05 8.7264147e-05 8.4812898e-05
 3.8842962e-05 2.8863602e-05 2.5951129e-05 2.8644137e-05 2.0503290e-05
 3.1139058e-05 2.4041910e-05 2.7987493e-05 3.8326416e-05 2.8844865e-05
 3.7155776e-05 4.2337462e-05 2.3152121e-05 2.3737201e-05 3.8666625e-05
 2.1024025e-05 3.2037307e-05 3.0446628e-05 1.8287150e-05 3.2310938e-05
 1.5720803e-05 2.0276459e-05 1.3610376e-05 1.8751873e-05 2.7782080e-05
 1.3065978e-05 3.1923937e-05 1.8688615e-05 2.5330621e-05 1.3629108e-05
 1.6156744e-05 2.0718471e-05 2.5542215e-05 1.8356526e-05 3.2721826e-05
 1.1306099e-05 2.6673666e-05 8.1382241e-06 8.6489708e-06 9.0209869e-06
 6.6095549e-06 4.5314896e-06 1.1795761e-05 9.4404850e-06 6.8646787e-06
 3.4786128e-06 1.6533799e-05 1.1536671e-05 2.9688933e-06 3.2136015e-06
 4.0505406e-06 6.5209897e-06 3.4803361e-06 6.1452465e-06 5.3384301e-06
 4.5516199e-06 1.6353564e-06 2.9412874e-06 3.9393817e-06 4.9774126e-06
 2.6099551e-06 3.3384813e-06 2.4496674e-06 2.4415033e-06 2.1694170e-06
 2.1993444e-06 2.7989797e-06 2.6964490e-06 2.5003985e-06 2.0788918e-06
 2.7682788e-06 1.9010801e-06 2.3938917e-06 2.1860503e-06 1.8020727e-06
 3.5199255e-06 1.6482714e-06 2.5663983e-06 1.9606878e-06 1.7523404e-06
 3.3626036e-06 4.0074733e-06 2.8399418e-06 2.3757073e-06 3.5427292e-06
 1.6594098e-06 1.5736379e-06 1.2217436e-06 8.8735550e-07 1.0865789e-06
 1.0480622e-06 7.7706119e-07 4.4600588e-07 8.5040460e-07 4.1861435e-07
 3.5726256e-07 1.4493197e-06 6.5170042e-07 1.1896931e-06 9.0444991e-07
 8.0844120e-07 7.0048515e-07 2.0341035e-07 2.0286058e-07]
[2.72210940e-07 4.66701977e-07 9.66398716e-07 4.04559870e-07
 5.07738150e-07 3.74147248e-07 3.99450045e-07 4.46772646e-07
 5.15257796e-07 6.37567780e-07 4.50257318e-07 7.03608919e-07
 9.67539449e-07 6.89096112e-07 9.37105085e-07 1.16408944e-06
 2.76059723e-06 1.81826817e-06 1.16561739e-06 2.30478076e-06
 2.42202577e-06 1.53853671e-06 2.01947500e-06 1.41250803e-06
 1.28082593e-06 1.23817756e-06 9.08099366e-07 8.54664165e-07
 6.68464452e-07 8.19190120e-07 1.07777521e-06 8.23343328e-07
 1.49150867e-06 9.16559372e-07 1.21199344e-06 1.99694318e-06
 1.85853457e-06 1.73635442e-06 1.64440678e-06 9.29910357e-07
 9.45206693e-07 8.31228590e-07 1.22679501e-06 1.43594559e-06
 1.48661036e-06 8.35763331e-07 8.50125161e-07 1.77207130e-06
 1.79093661e-06 1.74447757e-06 1.77329093e-06 1.89239051e-06
 3.10924406e-06 1.56773865e-06 3.14674230e-06 2.91132892e-06
 2.27729220e-06 2.61005584e-06 4.73214095e-06 5.59911177e-06
 3.66574454e-06 3.31111983e-06 4.53002440e-06 2.18508194e-06
 6.05090599e-06 4.52674203e-06 4.28012891e-06 7.05403045e-06
 6.16912303e-06 1.81943085e-06 2.06474942e-06 3.84511395e-06
 3.53305336e-06 5.51856101e-06 5.13531586e-06 1.04802175e-05
 9.36084598e-06 6.36234518e-06 7.77892910e-06 1.59523988e-05
 1.26263039e-05 1.61149601e-05 1.78861374e-05 1.78104037e-05
 2.17480701e-05 2.93575231e-05 2.26568463e-05 1.42255549e-05
 1.56932674e-05 2.58484633e-05 2.11802890e-05 3.66997810e-05
 3.31334995e-05 4.62598000e-05 1.07633874e-04 2.52986410e-05
 3.84467603e-05 4.23984457e-05 2.92342065e-05 3.10141077e-05
 1.93780706e-05 2.29062043e-05 2.37311451e-05 1.85815134e-05
 2.01438415e-05 2.41342841e-05 1.92250391e-05 3.06223992e-05
 3.84860032e-05 4.41238953e-05 9.93285503e-05 4.22058110e-05
 2.43365648e-05 2.97790193e-05 5.48514945e-05 4.39337928e-05
 5.06963115e-05 5.36127191e-05 2.98549257e-05 4.20410106e-05
 4.34124522e-05 3.96402065e-05 5.15881511e-05 3.64237931e-05
 1.40727489e-05 2.36520518e-05 1.28955298e-05 3.85026506e-05
 1.76433332e-05 2.56173225e-05 4.89409103e-05 2.81613902e-05
 1.94068107e-05 1.39051917e-05 1.57838604e-05 3.58518591e-05
 2.90574844e-05 3.08740819e-05 2.22056933e-05 3.02823191e-05
 2.09557184e-05 8.82335098e-06 1.25475053e-05 1.31672541e-05
 2.16755125e-05 1.38398509e-05 1.18358685e-05 1.26535388e-05
 1.05693280e-05 2.27208529e-05 2.13116782e-05 3.06752481e-05
 1.57421364e-05 1.69408995e-05 1.55536964e-05 1.47448036e-05
 1.89024759e-05 6.20114815e-06 1.00897078e-05 6.18439071e-06
 4.45055048e-06 3.49336369e-06 5.69408212e-06 2.85873261e-06
 2.81062034e-06 2.48252786e-06 4.01944271e-06 2.93117614e-06
 4.22845187e-06 2.79986580e-06 5.19065497e-06 3.95552024e-06
 3.20897902e-06 1.94744848e-06 2.87183138e-06 3.64101902e-06
 1.80202971e-06 4.92526442e-06 6.06104595e-06 3.51400809e-06
 2.16671401e-06 1.97755230e-06 2.52463087e-06 2.85687634e-06
 1.14897944e-06 1.69452539e-06 2.33714559e-06 2.00520458e-06
 2.14372494e-06 1.53355256e-06 1.72213197e-06 1.94237214e-06
 1.14082150e-06 2.27536316e-06 2.98098826e-06 2.41301200e-06
 1.27696001e-06 1.38180906e-06 3.81320751e-06 3.34206766e-06
 3.25235033e-06 3.18527873e-06 2.16818171e-06 4.84590464e-06
 3.92733318e-06 3.91527510e-06 1.57909471e-06 7.09316225e-07
 1.00780198e-06 1.33561889e-06 8.21700212e-07 6.32671913e-07
 5.95916106e-07 3.65576170e-07 7.23937774e-07 4.01981339e-07
 5.84136728e-07 4.72652545e-07 4.20478045e-07 1.30800765e-06
 1.31900754e-06 4.18811283e-07 3.76967336e-07 1.27470614e-07]
[1.91573619e-07 1.89296372e-07 6.53213363e-07 4.57243488e-07
 3.83768338e-07 5.27935583e-07 3.35882390e-07 3.37275196e-07
 5.03081139e-07 4.90296770e-07 9.02261888e-07 8.70272231e-07
 7.11282894e-07 8.97031612e-07 1.36343749e-06 1.29594355e-06
 1.26848113e-06 2.75689604e-06 1.77733216e-06 2.25535769e-06
 2.04893900e-06 2.34946697e-06 1.97426971e-06 1.89767343e-06
 1.19287017e-06 1.33029425e-06 1.20508719e-06 1.32207560e-06
 1.10445137e-06 7.09652852e-07 2.00815271e-06 8.51062453e-07
 8.91587376e-07 1.16845615e-06 2.04536036e-06 2.08308234e-06
 1.48137769e-06 1.55412397e-06 1.28134707e-06 1.09651239e-06
 1.07957078e-06 1.30809224e-06 1.12619239e-06 1.56477461e-06
 3.93081154e-06 4.00820045e-06 1.79031360e-06 1.98000612e-06
 1.83971395e-06 2.01649004e-06 2.97008478e-06 3.11363056e-06
 3.55553289e-06 1.62937056e-06 2.47542857e-06 2.35224252e-06
 1.52938355e-06 2.45468686e-06 3.55473708e-06 5.85911721e-06
 3.85207704e-06 7.35505500e-06 7.42780821e-06 3.79814719e-06
 3.49777929e-06 3.75847389e-06 2.88069737e-06 2.87076909e-06
 5.43867509e-06 2.22354788e-06 3.26094118e-06 4.83767190e-06
 5.19966488e-06 4.81102325e-06 6.13783595e-06 8.22401307e-06
 8.26802625e-06 1.18148018e-05 1.02786880e-05 2.11087245e-05
 9.28781810e-06 1.29706541e-05 2.34347117e-05 2.63118345e-05
 1.81307569e-05 1.46823049e-05 2.94333277e-05 1.59210595e-05
 1.55272191e-05 3.19651626e-05 1.27837702e-05 1.50493061e-05
 2.04823973e-05 2.68755120e-05 2.37080949e-05 4.19858807e-05
 1.89002258e-05 3.35686964e-05 3.75873460e-05 3.55002267e-05
 4.21141303e-05 3.63453473e-05 4.24925383e-05 3.52744210e-05
 3.27596244e-05 1.20763862e-05 4.81930329e-05 3.34156903e-05
 2.57063948e-05 5.41050249e-05 3.62715837e-05 2.88006850e-05
 4.98283225e-05 2.26424527e-05 3.93220180e-05 2.65822910e-05
 3.76054231e-05 3.70556663e-05 2.21611936e-05 2.74687536e-05
 2.56925723e-05 2.87382336e-05 4.60585979e-05 3.60580052e-05
 2.10564594e-05 1.64842495e-05 1.84598503e-05 4.05574065e-05
 3.26271802e-05 2.30831865e-05 2.68371296e-05 2.19674257e-05
 1.94578442e-05 1.16650745e-05 1.43837069e-05 2.78618481e-05
 1.15781377e-05 1.09380935e-05 1.10085375e-05 1.98300295e-05
 1.49869238e-05 7.23179255e-06 1.91517975e-05 2.18252408e-05
 1.68030729e-05 1.46304783e-05 9.96479866e-06 1.28845595e-05
 8.03593866e-06 1.36105273e-05 1.70596923e-05 1.59542560e-05
 2.45418923e-05 9.22352774e-06 1.55883117e-05 2.46792824e-05
 1.08207250e-05 7.97260600e-06 7.31678711e-06 5.15116517e-06
 5.97611734e-06 4.17403589e-06 4.87262196e-06 4.77929780e-06
 2.61521450e-06 1.96501719e-06 4.78491302e-06 2.70224450e-06
 3.04852870e-06 1.57524698e-06 6.09702147e-06 2.62562185e-06
 2.45456317e-06 1.95104371e-06 3.50907862e-06 2.03523359e-06
 1.82971178e-06 3.77954916e-06 2.77867480e-06 3.08011204e-06
 2.26393058e-06 1.94995323e-06 2.02713341e-06 1.43803629e-06
 1.55260784e-06 1.84657131e-06 1.97487657e-06 1.85111855e-06
 1.06484833e-06 1.88523109e-06 1.64180267e-06 2.44630405e-06
 1.73774561e-06 1.91176196e-06 3.54228973e-06 1.63629500e-06
 1.19260619e-06 2.04354251e-06 3.64281459e-06 4.25479311e-06
 1.76075855e-06 3.23155723e-06 2.60755110e-06 4.57173701e-06
 1.05993115e-06 1.59392732e-06 9.55955670e-07 8.37810148e-07
 6.20194101e-07 5.35342451e-07 6.53128780e-07 6.09762594e-07
 4.59975269e-07 6.26193980e-07 8.86248756e-07 1.17979005e-06
 3.34074088e-07 7.18206365e-07 6.21357458e-07 9.28387863e-07
 2.13226963e-06 5.70651366e-07 6.13846737e-07 2.37685242e-07]
[1.67045599e-07 4.79335768e-07 5.54632436e-07 9.29389387e-07
 5.43896419e-07 4.24943352e-07 4.61111767e-07 5.14147473e-07
 3.24392801e-07 7.16891691e-07 1.13228577e-06 7.70490885e-07
 1.02871138e-06 8.81085555e-07 9.84122494e-07 7.83054645e-07
 2.20448305e-06 1.62026311e-06 2.56464591e-06 1.82593965e-06
 4.20784909e-06 2.02843330e-06 3.84424902e-06 1.57466820e-06
 1.82184920e-06 1.23902907e-06 1.06478581e-06 1.36480787e-06
 9.28976476e-07 1.05792492e-06 1.15397199e-06 1.59405988e-06
 9.21237188e-07 1.03611899e-06 1.53452493e-06 1.89757111e-06
 1.14088914e-06 1.12738928e-06 2.58250316e-06 1.61372316e-06
 2.02782030e-06 1.69952489e-06 2.28117688e-06 2.26965426e-06
 2.15684099e-06 7.69253575e-07 2.22367112e-06 2.79738265e-06
 2.02699061e-06 2.17605907e-06 4.84767952e-06 2.33343326e-06
 1.75944467e-06 1.93968594e-06 2.97645420e-06 2.61926948e-06
 2.25634062e-06 4.07359812e-06 2.12643431e-06 2.52581503e-06
 2.97058068e-06 3.92902757e-06 8.82289987e-06 6.85211353e-06
 3.60594163e-06 2.67710425e-06 5.27772681e-06 4.42659393e-06
 9.06497735e-06 3.13805617e-06 4.31438957e-06 5.47269337e-06
 4.43407816e-06 9.26386292e-06 7.18560841e-06 8.95319317e-06
 1.11624804e-05 6.24512359e-06 2.51472356e-05 1.62736178e-05
 1.24481048e-05 2.66438128e-05 1.45662416e-05 2.02340070e-05
 1.16715528e-05 2.29728521e-05 1.40013208e-05 2.61224286e-05
 2.90844764e-05 2.64066202e-05 3.07307746e-05 2.52608079e-05
 1.70357162e-05 3.71505630e-05 3.00655392e-05 3.31810334e-05
 4.03832128e-05 2.51551446e-05 2.99454041e-05 5.20440808e-05
 5.51780249e-05 4.05917635e-05 3.04718615e-05 2.45448027e-05
 4.49885265e-05 2.20450092e-05 3.91018584e-05 4.22801641e-05
 2.21915525e-05 2.62205576e-05 9.62553822e-05 4.21376899e-05
 6.16854886e-05 2.52684204e-05 4.40446929e-05 3.13751625e-05
 1.41064529e-05 1.70921649e-05 3.74034789e-05 2.88651518e-05
 2.61806927e-05 1.50439273e-05 4.02874175e-05 1.69048744e-05
 1.86358047e-05 1.82479798e-05 2.47815715e-05 2.34992713e-05
 2.89932268e-05 2.27800265e-05 3.18068196e-05 2.34330128e-05
 2.55386749e-05 1.05039135e-05 2.28035879e-05 1.52824705e-05
 2.01591483e-05 2.68466010e-05 4.21096338e-05 2.35227217e-05
 1.38959185e-05 1.07546593e-05 1.64418361e-05 1.49437874e-05
 1.28928004e-05 1.67013040e-05 1.66822429e-05 2.18106361e-05
 1.14643162e-05 6.96442066e-06 1.61819571e-05 1.98326288e-05
 2.42768947e-05 3.80786405e-05 3.04138684e-05 1.44917749e-05
 1.18233411e-05 1.31963488e-05 1.13119268e-05 9.16984663e-06
 8.80965035e-06 7.12863221e-06 7.26575263e-06 4.46832382e-06
 4.46429840e-06 5.59744649e-06 4.03059130e-06 4.00901854e-06
 3.20003073e-06 2.28376598e-06 2.04030107e-06 3.63404092e-06
 2.23581742e-06 1.51658708e-06 2.49832442e-06 1.16368312e-06
 2.17747288e-06 2.27250530e-06 1.51972336e-06 1.90602350e-06
 3.97741087e-06 2.20827997e-06 2.92028403e-06 2.11787642e-06
 1.74516697e-06 2.20922880e-06 2.73409023e-06 2.56046974e-06
 2.06516006e-06 2.55104692e-06 2.60987872e-06 2.45416845e-06
 2.37026416e-06 2.27752503e-06 2.81092139e-06 2.03546324e-06
 2.70248347e-06 2.75789193e-06 4.65332278e-06 3.89467414e-06
 4.23599113e-06 2.48248580e-06 1.71885449e-06 1.74450304e-06
 1.98202019e-06 8.77894024e-07 1.27667056e-06 1.10435894e-06
 1.39256497e-06 1.23984353e-06 1.34695847e-06 9.31268914e-07
 6.31508158e-07 3.09516139e-07 6.20950004e-07 3.71430815e-07
 4.87684986e-07 6.27261329e-07 1.22557674e-06 1.48197614e-06
 2.19567210e-06 1.16094543e-06 1.16111016e-06 4.26421735e-07]
[2.8419933e-07 1.7458439e-07 3.9910694e-07 6.0305211e-07 3.2908861e-07
 3.4918807e-07 2.8152212e-07 6.2476357e-07 9.9197439e-07 9.3729773e-07
 1.1279651e-06 6.5544305e-07 1.2441669e-06 7.1172957e-07 1.2492752e-06
 1.5397641e-06 1.7142816e-06 1.6776213e-06 3.6078152e-06 1.4501661e-06
 3.6221347e-06 2.1448257e-06 2.0217442e-06 2.3875391e-06 1.7024640e-06
 1.4101041e-06 1.7502521e-06 1.3916568e-06 1.1984807e-06 1.1986060e-06
 1.2835263e-06 2.2813838e-06 1.7547063e-06 1.5963586e-06 1.8807742e-06
 1.7794326e-06 1.3813387e-06 1.2453498e-06 2.3189830e-06 1.7852996e-06
 3.2135076e-06 1.4332760e-06 1.9930287e-06 1.9867850e-06 2.2567963e-06
 2.0529312e-06 2.0468588e-06 2.3054922e-06 4.8232664e-06 2.5381751e-06
 3.7917587e-06 2.5935040e-06 3.4168779e-06 1.4323826e-06 2.0701120e-06
 1.9173808e-06 2.6611281e-06 2.4064759e-06 2.9451492e-06 7.7523773e-06
 2.5850120e-06 1.0674787e-05 6.9931043e-06 6.2995819e-06 5.2327046e-06
 5.0393141e-06 6.1873893e-06 3.9294546e-06 6.5186341e-06 3.9480715e-06
 6.7418428e-06 7.0468682e-06 8.2744737e-06 5.1951515e-06 6.8932354e-06
 1.8074077e-05 1.2474612e-05 4.7923731e-06 1.4746630e-05 1.8004963e-05
 2.2080114e-05 2.1434449e-05 2.0730222e-05 3.7477799e-05 2.3139897e-05
 1.1865045e-05 1.7302254e-05 2.6896661e-05 2.6140964e-05 2.2067541e-05
 3.8173799e-05 3.1678239e-05 4.9804861e-05 4.2107175e-05 8.7970424e-05
 4.5820310e-05 2.7042515e-05 2.5992427e-05 3.8997518e-05 5.1270134e-05
 3.4388908e-05 1.9376763e-05 3.1293370e-05 7.1796712e-05 3.6608519e-05
 2.7427681e-05 3.9689312e-05 3.0578663e-05 3.7787020e-05 4.0879404e-05
 5.8043879e-05 4.9452181e-05 7.3849464e-05 3.6839949e-05 3.3087297e-05
 5.0840561e-05 4.7669830e-05 3.2307067e-05 2.9267050e-05 2.4833507e-05
 4.2884978e-05 5.1878804e-05 4.6508601e-05 2.1360780e-05 1.7439659e-05
 2.7739346e-05 5.0462666e-05 2.2260438e-05 4.2733027e-05 2.3594490e-05
 2.5814799e-05 4.2436634e-05 2.3371860e-05 2.6425201e-05 1.3834827e-05
 1.9319708e-05 1.7021031e-05 1.4100333e-05 3.8846702e-05 2.4434012e-05
 1.1792169e-05 1.0198786e-05 1.2996242e-05 1.3815152e-05 9.2221808e-06
 7.9848623e-06 1.2453485e-05 1.6589483e-05 9.5695186e-06 1.0372013e-05
 1.8858578e-05 2.1082235e-05 1.8480578e-05 1.5864553e-05 1.5532778e-05
 1.8076080e-05 2.1895228e-05 8.8873467e-06 1.3440781e-05 8.9450577e-06
 6.8615300e-06 6.0445054e-06 4.2028423e-06 6.3291259e-06 4.5104930e-06
 2.8397562e-06 3.8578542e-06 5.2734481e-06 2.1826488e-06 2.4065132e-06
 2.4404264e-06 3.7945658e-06 1.7658859e-06 1.4083274e-06 2.4425294e-06
 4.2384168e-06 2.6431451e-06 3.8047783e-06 3.3886254e-06 2.5334057e-06
 1.7605006e-06 3.6497922e-06 2.2486531e-06 2.8322063e-06 1.4228035e-06
 1.5422805e-06 1.0999973e-06 2.2008926e-06 1.9785059e-06 2.2898278e-06
 2.4284971e-06 3.3371959e-06 3.1872698e-06 2.0129287e-06 1.7772591e-06
 2.2212985e-06 1.8305672e-06 1.7978468e-06 6.0445018e-06 3.7289908e-06
 4.9285309e-06 2.4940721e-06 3.1254260e-06 2.7442381e-06 1.8321138e-06
 1.1755108e-06 1.4896995e-06 1.8709792e-06 1.2957398e-06 9.6016299e-07
 1.2723203e-06 1.4480856e-06 5.6360875e-07 5.8336542e-07 1.2263739e-06
 8.6907397e-07 8.3391109e-07 6.0015344e-07 8.0965725e-07 2.2171882e-06
 1.5182189e-06 8.8618339e-07 9.2594479e-07 9.7373402e-07]
[4.03605696e-07 3.83457603e-07 2.34845459e-07 3.02899224e-07
 2.32539108e-07 2.56785796e-07 6.60134845e-07 6.95231790e-07
 6.78092022e-07 7.08919572e-07 5.66646975e-07 6.40062410e-07
 8.45645275e-07 5.96140751e-07 1.49420509e-06 1.61986372e-06
 2.03324998e-06 1.51347967e-06 1.71791817e-06 1.48254105e-06
 2.07798098e-06 1.51325912e-06 2.29105899e-06 1.69390671e-06
 1.86588431e-06 1.74918603e-06 2.27355872e-06 1.16866465e-06
 6.99280861e-07 8.50760728e-07 1.67941437e-06 1.06117784e-06
 1.61981632e-06 1.95551183e-06 2.33342280e-06 1.81928647e-06
 1.78441258e-06 1.96068072e-06 1.49596599e-06 2.41583462e-06
 2.81903499e-06 1.18475157e-06 2.97230144e-06 1.93729124e-06
 8.10415315e-07 1.30044225e-06 1.84602231e-06 2.25753047e-06
 1.26451789e-06 2.12064401e-06 3.66084100e-06 2.53922985e-06
 2.54408883e-06 2.12267719e-06 1.91304207e-06 2.66708844e-06
 3.64786592e-06 5.91547223e-06 4.55444706e-06 3.09148800e-06
 5.28799728e-06 6.31483499e-06 4.28256999e-06 3.58217244e-06
 5.23392873e-06 3.91044114e-06 3.39985013e-06 3.86414695e-06
 6.02471982e-06 2.71848444e-06 2.74391209e-06 3.72506543e-06
 4.99235966e-06 3.51275867e-06 8.98139024e-06 1.33441390e-05
 8.03643616e-06 5.61265051e-06 1.26441619e-05 1.48130712e-05
 1.52808807e-05 1.20958975e-05 1.97586287e-05 1.22451720e-05
 1.54332029e-05 2.32855800e-05 1.67993021e-05 2.25734348e-05
 2.30364622e-05 2.03143463e-05 4.85222517e-05 2.49762506e-05
 3.46931374e-05 4.14450005e-05 2.89262243e-05 2.97045772e-05
 3.13967794e-05 1.77924685e-05 2.09541558e-05 3.79495650e-05
 2.16171993e-05 2.37376462e-05 2.44747862e-05 2.53565013e-05
 3.40957849e-05 2.89272339e-05 2.86245777e-05 2.39821984e-05
 4.27083032e-05 4.90039929e-05 3.35022960e-05 3.72207251e-05
 6.24542590e-05 4.50182597e-05 3.23603454e-05 4.93943771e-05
 2.41611560e-05 2.05746383e-05 2.55678442e-05 3.41689447e-05
 5.72868412e-05 5.80932137e-05 2.23407496e-05 4.24697791e-05
 3.47564601e-05 3.05698049e-05 3.90090827e-05 2.13717431e-05
 2.37194545e-05 4.48082828e-05 2.73303503e-05 2.16847202e-05
 1.41497958e-05 1.32429705e-05 1.80380175e-05 1.75174719e-05
 1.45708209e-05 1.32783798e-05 2.22116196e-05 2.02618921e-05
 1.71375468e-05 1.43629195e-05 8.78174251e-06 1.17392583e-05
 9.03965065e-06 6.48887408e-06 6.53380266e-06 1.48041463e-05
 1.16247056e-05 7.16258137e-06 8.20146943e-06 6.83305188e-06
 2.42193946e-05 2.61304758e-05 1.75231271e-05 9.31400155e-06
 1.01145952e-05 9.71107966e-06 9.12983523e-06 1.14052245e-05
 3.76989624e-06 6.09008066e-06 4.36870050e-06 3.69237728e-06
 7.96957738e-06 2.20328616e-06 3.05264530e-06 4.73311502e-06
 1.88056003e-06 2.25411804e-06 2.93204562e-06 3.42217550e-06
 2.89418426e-06 1.42082160e-06 1.96334099e-06 2.30160299e-06
 1.95517782e-06 2.44877106e-06 2.34353388e-06 1.61829132e-06
 2.10818303e-06 1.79808103e-06 1.38607572e-06 1.43084583e-06
 1.08163181e-06 1.98415569e-06 1.21882090e-06 1.89165166e-06
 2.17805155e-06 1.27003671e-06 1.61366745e-06 1.77603704e-06
 1.41126202e-06 1.15821217e-06 1.88749664e-06 3.73796956e-06
 2.08363531e-06 2.15194291e-06 1.96071346e-06 2.75263278e-06
 3.59774936e-06 2.30051091e-06 3.10037490e-06 4.13503494e-06
 2.50569315e-06 1.53346491e-06 2.85882493e-06 7.79282800e-07
 1.13521901e-06 1.04327751e-06 9.64352353e-07 1.12495275e-06
 5.63380979e-07 3.72783319e-07 5.81806432e-07 8.86439466e-07
 6.12243241e-07 3.45988070e-07 3.78229885e-07 8.46141290e-07
 8.26930375e-07 1.91018148e-06 9.83918653e-07 3.89302613e-07]
[2.0214789e-07 3.3622325e-07 6.9821618e-07 3.1186963e-07 3.6359043e-07
 2.4238247e-07 5.0267704e-07 5.0832307e-07 5.8314600e-07 6.5700198e-07
 7.6116584e-07 6.8437083e-07 8.6081508e-07 6.7820361e-07 1.1444781e-06
 2.5817747e-06 2.6012119e-06 1.3880307e-06 1.6547332e-06 2.0005102e-06
 2.5849320e-06 2.4947076e-06 1.6600089e-06 1.8302504e-06 1.9457514e-06
 1.9319230e-06 2.1885610e-06 1.9225877e-06 1.0348697e-06 1.4427843e-06
 1.6385638e-06 2.0021794e-06 1.8726481e-06 1.9730157e-06 3.0178023e-06
 1.3725597e-06 1.2092785e-06 1.4479488e-06 1.3925275e-06 1.6437571e-06
 1.0491107e-06 1.2122280e-06 1.5545251e-06 2.0960815e-06 1.4015973e-06
 1.3212913e-06 1.5972155e-06 2.0414816e-06 9.2177106e-07 2.0617833e-06
 3.3537801e-06 4.2426036e-06 3.0946212e-06 1.7437011e-06 2.5028410e-06
 2.5253692e-06 2.0460971e-06 4.6007949e-06 2.1873700e-06 4.0568825e-06
 4.6669770e-06 4.4625544e-06 2.9984715e-06 4.5856136e-06 3.1065763e-06
 3.3766457e-06 4.8471838e-06 4.4349617e-06 3.6414096e-06 2.9282176e-06
 5.8561468e-06 4.0707514e-06 9.4234556e-06 7.2685125e-06 6.0670732e-06
 8.6030914e-06 9.0591939e-06 1.1604369e-05 1.9163437e-05 1.7443630e-05
 1.1570060e-05 3.0808613e-05 1.5457297e-05 1.5313541e-05 1.4118073e-05
 1.2645760e-05 1.5105271e-05 1.3516950e-05 1.8339759e-05 2.1155471e-05
 3.5793662e-05 3.2935441e-05 3.4794361e-05 3.3946690e-05 3.1598451e-05
 3.4471712e-05 3.5896708e-05 3.2076419e-05 4.2141615e-05 2.6363947e-05
 2.6539346e-05 1.8760626e-05 2.3393173e-05 3.3183434e-05 3.3462344e-05
 3.3626839e-05 3.1283431e-05 3.4167722e-05 4.2740070e-05 4.3130651e-05
 5.7050416e-05 5.5621666e-05 6.6827801e-05 2.6580325e-05 5.6460438e-05
 3.1282460e-05 2.0973828e-05 2.1805050e-05 2.6060376e-05 3.3120348e-05
 3.4894525e-05 4.0962012e-05 2.1609894e-05 3.1950280e-05 2.1247217e-05
 2.6708993e-05 1.6343147e-05 2.4763389e-05 1.4016376e-05 2.4785501e-05
 1.7568482e-05 2.6009597e-05 1.8983455e-05 1.3525551e-05 1.8447863e-05
 1.2433426e-05 1.2336310e-05 1.8218489e-05 1.4379496e-05 1.5706875e-05
 1.5939935e-05 7.3141218e-06 8.4003486e-06 7.7096411e-06 7.0677888e-06
 8.8401739e-06 1.6329564e-05 1.5719890e-05 1.3709020e-05 9.0518452e-06
 1.5662352e-05 9.3451354e-06 1.2160893e-05 1.7087696e-05 1.1708819e-05
 1.0879423e-05 1.1695367e-05 1.1609921e-05 1.2034488e-05 7.3320975e-06
 4.1429612e-06 3.6095214e-06 1.0478400e-05 8.2376464e-06 6.7467731e-06
 2.7451104e-06 3.6771187e-06 2.3196824e-06 2.5472145e-06 2.7149970e-06
 4.4732606e-06 4.1458288e-06 1.5856120e-06 1.7845508e-06 1.7102857e-06
 1.6906646e-06 1.7339880e-06 1.9611205e-06 2.1861349e-06 1.7386632e-06
 1.6957406e-06 1.1716282e-06 8.8248549e-07 1.2804562e-06 1.8312036e-06
 1.6630962e-06 2.0430566e-06 2.6470573e-06 2.1897790e-06 2.0294844e-06
 1.6178823e-06 2.4895098e-06 2.2890692e-06 2.0671771e-06 2.3586999e-06
 2.0938965e-06 1.9076722e-06 1.6587600e-06 3.5058347e-06 1.9697186e-06
 2.3992559e-06 2.1843771e-06 3.6296476e-06 2.3600148e-06 4.4004687e-06
 1.9401793e-06 1.3889571e-06 1.3877849e-06 1.1137793e-06 1.2191911e-06
 4.9806448e-07 6.9689924e-07 4.7490062e-07 4.3858245e-07 4.1354011e-07
 6.5087102e-07 8.8021153e-07 8.4329548e-07 9.0738399e-07 8.2174392e-07
 5.9104968e-07 3.6359958e-07 2.2866705e-07 1.7495563e-07]
[2.27741694e-07 3.15139658e-07 8.51984453e-07 3.42014488e-07
 2.62995428e-07 6.14162389e-07 6.82284565e-07 4.28478728e-07
 9.34860793e-07 6.67202642e-07 1.21306368e-06 1.35655193e-06
 6.39858342e-07 1.30666842e-06 1.83556676e-06 1.42450438e-06
 1.58674447e-06 3.54743611e-06 2.29766601e-06 2.93615381e-06
 3.22699816e-06 2.51901702e-06 5.24269717e-06 2.93448443e-06
 2.28065892e-06 1.54383531e-06 1.34775746e-06 1.90516619e-06
 2.35746347e-06 1.28892941e-06 1.41888052e-06 1.46862783e-06
 1.24289716e-06 1.59782576e-06 1.63266611e-06 2.43627096e-06
 1.31382183e-06 1.68919667e-06 1.94780546e-06 1.03784475e-06
 1.40224404e-06 1.47381559e-06 1.82257781e-06 3.77605647e-06
 1.91240224e-06 1.70970031e-06 2.83410577e-06 2.81962457e-06
 1.82959502e-06 1.78069786e-06 2.74671152e-06 2.87612784e-06
 2.22579001e-06 2.27580199e-06 2.41688008e-06 1.14433988e-06
 1.96625001e-06 2.03073228e-06 3.23073368e-06 3.65042183e-06
 3.61243178e-06 3.62480318e-06 5.37819278e-06 2.41979865e-06
 3.96498672e-06 3.81761447e-06 8.58599469e-06 4.96615758e-06
 6.14746750e-06 4.68841654e-06 4.73049249e-06 4.08773803e-06
 5.99867190e-06 3.78989080e-06 6.54443966e-06 7.83614541e-06
 8.45695013e-06 1.03595667e-05 2.08931888e-05 2.54006009e-05
 9.82951406e-06 4.18190648e-05 3.15451871e-05 2.66514489e-05
 2.55627892e-05 2.82306883e-05 1.67368144e-05 1.13672249e-05
 2.70851251e-05 2.46304535e-05 2.72094112e-05 3.03331399e-05
 2.83412282e-05 3.51837843e-05 5.19503192e-05 4.24155041e-05
 2.94679030e-05 3.17699341e-05 5.45789117e-05 2.11095121e-05
 3.44001492e-05 1.91134004e-05 3.15883844e-05 5.96526552e-05
 3.53886244e-05 2.26750435e-05 5.35938598e-05 3.64070984e-05
 6.94631672e-05 4.27055311e-05 5.04832460e-05 5.28278288e-05
 5.14797284e-05 4.24786158e-05 2.93090070e-05 3.53513060e-05
 6.04053894e-05 3.51639428e-05 3.74740303e-05 7.70392871e-05
 6.42202576e-05 2.38373468e-05 6.56352204e-05 3.47252208e-05
 1.98669313e-05 2.29712386e-05 3.64137268e-05 3.32965574e-05
 1.26652130e-05 1.90599167e-05 2.98881732e-05 2.48081924e-05
 1.51438171e-05 9.44401199e-06 1.56426922e-05 2.01828661e-05
 1.90752162e-05 2.17843990e-05 2.64275386e-05 1.06306798e-05
 1.59053125e-05 6.97464338e-06 9.07869435e-06 8.50316155e-06
 1.28673819e-05 1.12203952e-05 1.10933352e-05 2.31621361e-05
 1.18934295e-05 1.21527091e-05 2.40820536e-05 2.12539326e-05
 1.87336173e-05 1.26597297e-05 2.09008413e-05 2.10872749e-05
 1.17371483e-05 6.66556116e-06 1.10497285e-05 3.86078636e-06
 7.12676456e-06 4.38699317e-06 6.43464818e-06 6.04167644e-06
 3.87578484e-06 3.11345752e-06 3.12762586e-06 2.72542161e-06
 2.94407505e-06 2.51935239e-06 2.37086488e-06 3.20949425e-06
 1.82641486e-06 3.01712225e-06 3.52592474e-06 3.59928345e-06
 2.93532571e-06 3.58780653e-06 1.07405378e-06 2.60975071e-06
 2.93558492e-06 1.10465396e-06 1.52207542e-06 1.81409484e-06
 1.41646615e-06 2.52121276e-06 2.67377686e-06 3.29179488e-06
 2.90854678e-06 2.03279069e-06 4.35226821e-06 4.17431465e-06
 2.58405976e-06 2.68083090e-06 2.60881984e-06 2.44978469e-06
 1.99674309e-06 2.65976792e-06 2.45075103e-06 3.10130054e-06
 3.58627335e-06 1.83677014e-06 4.16809007e-06 4.62475600e-06
 1.52266091e-06 1.72199998e-06 8.97179461e-07 7.65130665e-07
 6.40936889e-07 1.16578565e-06 1.75418643e-06 1.17182128e-06
 6.81859831e-07 3.31026257e-07 4.71459401e-07 7.59727072e-07
 8.12720884e-07 8.71948203e-07 7.89234775e-07 7.57053783e-07
 9.96644303e-07 5.03191131e-07 4.09420210e-07 4.27961737e-07]
[3.20192498e-07 2.80786281e-07 5.20862443e-07 5.57580620e-07
 2.52191882e-07 2.09116365e-07 4.00693210e-07 9.58140276e-07
 8.89898786e-07 7.29187320e-07 1.21391736e-06 1.56733722e-06
 7.48520222e-07 1.43222417e-06 1.67678115e-06 1.45009562e-06
 1.08519225e-06 2.08829556e-06 1.99770830e-06 4.33072591e-06
 2.89368836e-06 1.67891801e-06 4.29966394e-06 1.74713023e-06
 2.22169979e-06 1.27702140e-06 2.29903003e-06 2.46203922e-06
 1.86824582e-06 1.36408505e-06 1.32954210e-06 1.83658995e-06
 1.26928205e-06 1.39278279e-06 1.71187150e-06 1.91855747e-06
 1.67853614e-06 1.57477518e-06 1.54037627e-06 2.95068162e-06
 1.97643931e-06 2.81374491e-06 2.33321839e-06 3.33044795e-06
 1.59083049e-06 1.30200488e-06 2.06190020e-06 1.76131050e-06
 1.51295660e-06 1.88533477e-06 1.97507575e-06 4.30604678e-06
 2.79564688e-06 1.58536102e-06 3.08054950e-06 4.67220570e-06
 1.89444506e-06 2.67222367e-06 4.57382839e-06 2.60530373e-06
 3.64535731e-06 4.30431737e-06 3.61192906e-06 3.33497223e-06
 3.15789293e-06 4.48805940e-06 6.01756756e-06 1.02347185e-05
 9.33356478e-06 3.46419597e-06 5.95934534e-06 9.17135822e-06
 7.67907659e-06 3.99993587e-06 1.03223729e-05 9.77187301e-06
 1.14824870e-05 1.28669271e-05 1.78536975e-05 2.09954742e-05
 1.04245382e-05 2.32035545e-05 1.82722597e-05 3.32334494e-05
 2.83747086e-05 1.44700598e-05 4.48888932e-05 2.07230769e-05
 1.34890979e-05 2.33392057e-05 4.08498781e-05 4.42985329e-05
 3.98802040e-05 3.52026327e-05 2.25906206e-05 2.31942158e-05
 2.53436101e-05 2.82113488e-05 2.99700769e-05 3.51251620e-05
 4.69716033e-05 3.34922042e-05 3.35778641e-05 3.49079382e-05
 3.64902298e-05 2.85720253e-05 4.11921465e-05 4.23116180e-05
 3.02682110e-05 5.87502327e-05 5.24105417e-05 6.76389973e-05
 5.72303834e-05 3.32879899e-05 6.10620264e-05 5.15335705e-05
 5.72358003e-05 4.60602569e-05 6.09877752e-05 5.66672534e-05
 1.88820468e-05 4.09480017e-05 6.35771648e-05 2.19970316e-05
 1.80377410e-05 2.98393552e-05 2.90341122e-05 1.65215333e-05
 1.45614649e-05 2.12794548e-05 1.53478377e-05 1.53431192e-05
 1.15938847e-05 1.29271675e-05 1.67928374e-05 1.21565145e-05
 2.07973353e-05 1.14240502e-05 1.76031972e-05 2.18237692e-05
 1.38243595e-05 1.03171324e-05 8.29997134e-06 1.15796674e-05
 6.47751085e-06 1.38140194e-05 1.09180864e-05 2.17787583e-05
 1.21675666e-05 1.02229596e-05 2.35741154e-05 1.32287651e-05
 1.29594964e-05 1.63882887e-05 1.05574682e-05 1.92919488e-05
 1.31542447e-05 1.22408665e-05 5.68698306e-06 3.50156301e-06
 8.58103704e-06 5.99042824e-06 4.89965532e-06 3.53132714e-06
 5.15782085e-06 3.78604477e-06 2.98329792e-06 4.93855896e-06
 1.35526079e-06 2.75208936e-06 2.74568811e-06 2.23235725e-06
 1.38988241e-06 1.76602714e-06 2.85145711e-06 2.27419264e-06
 2.56575254e-06 3.85764861e-06 3.23242398e-06 2.45881370e-06
 1.78060725e-06 1.99148531e-06 2.85348028e-06 1.30117166e-06
 1.49534935e-06 3.30625767e-06 2.31790204e-06 2.08504935e-06
 1.64259245e-06 1.29125976e-06 2.28872727e-06 3.09121492e-06
 3.22483197e-06 3.06427751e-06 3.93283744e-06 2.19244635e-06
 1.62109620e-06 1.62577464e-06 3.21711354e-06 5.30146417e-06
 5.29784802e-06 3.67348821e-06 3.34426659e-06 3.71487772e-06
 1.19899403e-06 1.65178210e-06 9.35582477e-07 1.59191325e-06
 1.21404275e-06 1.90138815e-06 1.17274499e-06 8.61560466e-07
 7.38248616e-07 4.07464739e-07 5.65699565e-07 8.64444871e-07
 7.47098284e-07 1.03345349e-06 7.29723752e-07 8.02996965e-07
 5.76435411e-07 6.96125142e-07 6.16480690e-07 4.73000597e-07]
[1.29341970e-07 2.36093229e-07 6.35532729e-07 6.53639688e-07
 2.62045518e-07 1.57374402e-07 3.12613679e-07 7.12394751e-07
 7.60287833e-07 7.48197635e-07 1.02247725e-06 9.78856519e-07
 9.04547562e-07 7.72721307e-07 1.70017529e-06 1.25178929e-06
 1.11848260e-06 1.61903847e-06 2.87587250e-06 2.37672043e-06
 2.74853301e-06 1.94842960e-06 5.04714035e-06 3.25506176e-06
 2.03356581e-06 1.06564619e-06 9.51403706e-07 8.61849287e-07
 1.64181131e-06 1.41811643e-06 2.38865232e-06 1.47208345e-06
 1.75793139e-06 1.76956007e-06 1.83331804e-06 1.59950969e-06
 1.37374411e-06 9.01384965e-07 1.05477193e-06 1.31082106e-06
 2.43032696e-06 1.86946079e-06 2.23783650e-06 1.35742209e-06
 1.61034313e-06 1.35365462e-06 1.50306698e-06 2.31464742e-06
 2.84089106e-06 1.50908181e-06 2.18375385e-06 3.43469787e-06
 2.01302646e-06 2.06088157e-06 1.31470676e-06 3.04440323e-06
 1.91350227e-06 3.39392204e-06 3.07573259e-06 4.10478469e-06
 3.74838851e-06 4.15407521e-06 3.14963381e-06 2.65146082e-06
 2.16593412e-06 2.48824290e-06 7.20024627e-06 7.29060912e-06
 3.45927037e-06 3.59417777e-06 3.19235983e-06 3.14169120e-06
 3.75808918e-06 3.04987930e-06 6.17379192e-06 1.12118651e-05
 7.28835403e-06 6.31961984e-06 1.04808905e-05 1.08610975e-05
 2.04879252e-05 2.71153458e-05 2.07851972e-05 2.12347513e-05
 1.50666092e-05 2.03673499e-05 1.55896178e-05 3.05896647e-05
 2.40298978e-05 2.24706382e-05 2.73068090e-05 2.97447841e-05
 1.66148657e-05 1.50400992e-05 2.91214819e-05 1.63070054e-05
 2.28319186e-05 1.97780591e-05 4.11213405e-05 3.23541317e-05
 2.86576760e-05 1.54494319e-05 3.79578596e-05 2.96373692e-05
 1.75290788e-05 1.33603799e-05 5.26071635e-05 2.88596220e-05
 5.24744792e-05 3.50744122e-05 9.01424210e-05 3.83780171e-05
 5.49507095e-05 2.30097594e-05 9.62449922e-05 1.02718477e-04
 3.64260704e-05 2.50760859e-05 4.92699000e-05 5.97634898e-05
 1.86858797e-05 6.86149651e-05 4.20326069e-05 1.46599859e-05
 2.57127267e-05 1.06706675e-05 1.63689092e-05 1.33313952e-05
 2.09053978e-05 2.30124733e-05 3.00155352e-05 2.60076831e-05
 1.46756829e-05 1.32780324e-05 1.99676415e-05 2.62372414e-05
 1.68428614e-05 1.05067447e-05 1.58467665e-05 1.35307901e-05
 1.10389956e-05 9.00699706e-06 1.53543806e-05 1.08479389e-05
 1.11754780e-05 6.98244912e-06 1.19309070e-05 9.26559460e-06
 1.13601936e-05 1.56346905e-05 2.01149505e-05 1.56423121e-05
 1.54283734e-05 1.25832403e-05 1.58841121e-05 1.05275576e-05
 1.22190504e-05 8.51535697e-06 7.54763323e-06 7.62286572e-06
 4.84705606e-06 2.20494417e-06 3.89076604e-06 4.52652102e-06
 5.03534511e-06 3.89300976e-06 3.66804875e-06 4.66334268e-06
 2.04022967e-06 2.13284147e-06 4.27508485e-06 2.24164432e-06
 1.57288616e-06 2.18399509e-06 1.08805773e-06 2.12937607e-06
 1.35597850e-06 2.23168877e-06 1.69505108e-06 2.62911431e-06
 1.59915260e-06 1.19295225e-06 2.24048995e-06 2.55942064e-06
 1.30206956e-06 1.90074581e-06 2.73389560e-06 1.13322778e-06
 1.80351674e-06 1.98937619e-06 1.32773505e-06 1.79323160e-06
 1.23323537e-06 1.10625479e-06 1.90155060e-06 1.28307772e-06
 1.56686417e-06 1.86633577e-06 3.34932770e-06 3.68582846e-06
 2.91522451e-06 1.78136963e-06 2.06798245e-06 4.50958987e-06
 1.46091497e-06 1.43445538e-06 8.58284693e-07 1.11837471e-06
 8.23688652e-07 7.88618763e-07 6.68318989e-07 4.64514784e-07
 5.85533598e-07 3.40315495e-07 5.95708400e-07 4.52340743e-07
 3.74577922e-07 3.94583367e-07 4.54874112e-07 4.81865129e-07
 7.14542750e-07 9.46641137e-07 2.69696244e-07 3.59973143e-07]
[1.60331822e-07 2.92638390e-07 3.22106274e-07 5.16518867e-07
 2.08479079e-07 2.20773657e-07 5.82603036e-07 2.60916977e-07
 2.53002696e-07 2.97864176e-07 5.29939996e-07 6.42647422e-07
 6.58256624e-07 8.92417120e-07 1.06168272e-06 1.30877891e-06
 1.47781100e-06 2.65361359e-06 2.71083923e-06 3.19624633e-06
 3.10565497e-06 2.41445082e-06 6.10572397e-06 3.97065605e-06
 2.25474992e-06 1.37941572e-06 9.71854661e-07 1.76580181e-06
 1.21721848e-06 1.36246251e-06 9.13124268e-07 2.31322633e-06
 1.73020874e-06 2.36543974e-06 1.28945896e-06 1.97113400e-06
 2.45570004e-06 8.43368525e-07 1.97993336e-06 2.64828418e-06
 9.03763578e-07 1.61168225e-06 1.65175732e-06 1.74651711e-06
 5.76291086e-07 1.41027579e-06 2.31804984e-06 3.52114239e-06
 2.37314885e-06 1.69603788e-06 2.86328850e-06 3.74628121e-06
 1.42789816e-06 1.89103878e-06 2.05502283e-06 3.17433296e-06
 2.57504689e-06 1.75283628e-06 2.91061065e-06 3.36253197e-06
 3.33366006e-06 3.45329067e-06 2.61774881e-06 2.16206627e-06
 2.60629554e-06 2.65819085e-06 4.74153785e-06 3.86230886e-06
 2.69902171e-06 5.09895472e-06 4.89346212e-06 4.24072596e-06
 5.07992945e-06 5.07826417e-06 4.84791099e-06 9.09146092e-06
 6.71459793e-06 2.18429850e-05 1.46786369e-05 1.42578019e-05
 2.90229455e-05 2.22929521e-05 2.54549759e-05 1.29167629e-05
 1.46624870e-05 1.45938175e-05 2.29154975e-05 4.80130584e-05
 2.72411471e-05 2.77710988e-05 2.22819799e-05 1.95584180e-05
 1.90751653e-05 2.73348196e-05 3.81331665e-05 3.24222601e-05
 2.31093727e-05 3.16222577e-05 2.18603691e-05 2.45158008e-05
 5.20002213e-05 2.49244695e-05 3.88951776e-05 2.28556692e-05
 1.61150874e-05 1.93422838e-05 2.27958662e-05 1.97408826e-05
 5.28128694e-05 4.84971715e-05 2.76514165e-05 3.17436825e-05
 4.25668150e-05 6.54649557e-05 3.45860390e-05 5.37823544e-05
 5.06135657e-05 2.85621863e-05 4.42116725e-05 3.23461827e-05
 4.99421039e-05 6.10758434e-05 6.39138962e-05 5.36572588e-05
 4.73441069e-05 1.70370749e-05 1.35839728e-05 1.55137041e-05
 3.52187308e-05 9.26904322e-05 4.00643876e-05 1.40894344e-05
 1.23370664e-05 1.36627968e-05 9.70885685e-06 2.82735946e-05
 2.41962643e-05 9.02403463e-06 1.19824517e-05 2.10250200e-05
 6.59313946e-06 7.25740028e-06 1.76547928e-05 2.33017581e-05
 1.31162014e-05 2.16286771e-05 1.58694183e-05 1.10384599e-05
 1.19695533e-05 1.00235711e-05 3.11353178e-05 1.77217316e-05
 4.76594732e-06 1.32088244e-05 1.00787120e-05 2.18103087e-05
 1.03846969e-05 7.34514106e-06 5.44834302e-06 9.74074919e-06
 7.97712892e-06 9.06851983e-06 5.46936963e-06 8.38612232e-06
 4.63579772e-06 3.54003896e-06 4.21516279e-06 3.42411840e-06
 3.22106280e-06 3.25669157e-06 1.80461245e-06 1.95578900e-06
 1.58257592e-06 2.09621362e-06 2.58981277e-06 2.71198519e-06
 1.54746647e-06 2.99024600e-06 2.37892277e-06 2.35975608e-06
 1.34899892e-06 1.16214130e-06 2.57983265e-06 2.85016336e-06
 1.79553956e-06 9.74141699e-07 2.18740411e-06 1.79031815e-06
 1.98619523e-06 1.68535655e-06 1.49399818e-06 1.42269630e-06
 1.91082472e-06 1.35604603e-06 1.27790497e-06 1.38355279e-06
 1.60611910e-06 1.44488024e-06 4.32359730e-06 3.54822623e-06
 2.19619596e-06 2.47249136e-06 3.10845485e-06 4.33210289e-06
 1.72753141e-06 1.38435416e-06 1.33545188e-06 9.53891117e-07
 9.76064712e-07 4.20938477e-07 4.12978892e-07 7.87142596e-07
 4.35825314e-07 2.38922780e-07 4.23464598e-07 7.56370866e-07
 5.22239020e-07 4.85067915e-07 4.44226231e-07 6.28754663e-07
 8.15074372e-07 6.80088817e-07 2.37616078e-07 3.62961856e-07]
[3.66511216e-07 7.13467841e-07 5.19561866e-07 4.89344416e-07
 5.68835105e-07 5.49163303e-07 7.32214801e-07 6.42163116e-07
 3.58797450e-07 2.30289700e-07 7.12006397e-07 1.07244398e-06
 6.88068724e-07 9.81719154e-07 1.97342956e-06 2.32540333e-06
 1.91653794e-06 2.14529041e-06 1.90807191e-06 6.02633600e-06
 3.81219547e-06 4.16168905e-06 7.28852910e-06 3.95622601e-06
 3.42826274e-06 1.73830415e-06 2.88347655e-06 1.69755037e-06
 1.22770825e-06 2.53980511e-06 2.65228209e-06 3.62594619e-06
 2.60300362e-06 2.44458170e-06 1.65356960e-06 1.57911143e-06
 2.14169154e-06 2.03541208e-06 2.55780378e-06 3.05001959e-06
 1.70673775e-06 1.95525240e-06 1.45789670e-06 2.30729893e-06
 2.06718482e-06 1.82571796e-06 2.86913291e-06 2.64311234e-06
 2.94981874e-06 3.65288361e-06 2.75580737e-06 2.15048590e-06
 2.83937425e-06 1.85324586e-06 2.74745548e-06 1.44675448e-06
 1.41689497e-06 2.99114686e-06 4.65858056e-06 5.94015683e-06
 4.04013190e-06 4.53151870e-06 5.14158864e-06 2.59664102e-06
 3.34815718e-06 3.59973023e-06 7.71987834e-06 7.21000606e-06
 3.34637116e-06 3.33929188e-06 4.78107040e-06 4.72647434e-06
 6.55316444e-06 4.45557771e-06 6.58813951e-06 1.21622334e-05
 7.47767990e-06 2.07749054e-05 3.44424006e-05 1.97564950e-05
 2.04712069e-05 2.28745193e-05 6.70789086e-05 4.30717191e-05
 1.81488413e-05 9.03669934e-06 2.65387844e-05 2.54266688e-05
 2.37281365e-05 2.25071417e-05 3.51346062e-05 3.82516555e-05
 2.45837746e-05 5.67232637e-05 4.01818797e-05 2.94064212e-05
 1.94228505e-05 3.04872137e-05 4.31438784e-05 3.60065314e-05
 2.92984769e-05 2.33892370e-05 6.06296526e-05 2.37553450e-05
 2.85419610e-05 1.74717734e-05 1.79536928e-05 3.15960715e-05
 5.57791027e-05 7.38404560e-05 3.12868760e-05 4.53012653e-05
 4.53223511e-05 1.19852986e-04 1.07267791e-04 6.56246848e-05
 4.92939762e-05 3.90265377e-05 8.17543987e-05 1.23448131e-04
 6.77168355e-05 5.11904327e-05 3.80306737e-05 4.03847262e-05
 1.41822338e-05 1.42581703e-05 2.17175930e-05 3.42515414e-05
 3.43057036e-05 4.15997929e-05 2.81550601e-05 1.55580146e-05
 4.61611598e-05 1.12564367e-05 1.17139525e-05 5.76292814e-06
 1.95096054e-05 1.37659690e-05 2.40677036e-05 1.44549331e-05
 1.07546794e-05 1.12167327e-05 2.24893301e-05 1.85924928e-05
 9.94057973e-06 8.20792138e-06 2.28620265e-05 1.98532107e-05
 1.90027604e-05 3.00985557e-05 4.63884608e-05 3.72074137e-05
 1.62248416e-05 1.67476519e-05 1.33388339e-05 1.42787794e-05
 9.87242765e-06 6.60122032e-06 9.94088350e-06 8.19075922e-06
 6.11688802e-06 5.38294125e-06 4.49068693e-06 8.46440980e-06
 5.03217461e-06 7.39571760e-06 5.16732325e-06 5.13871419e-06
 4.11634846e-06 3.09665597e-06 2.52070072e-06 3.42283579e-06
 2.40286749e-06 2.01578837e-06 3.80561983e-06 4.47741104e-06
 3.83977522e-06 2.31238664e-06 4.03144986e-06 2.80806512e-06
 2.50363678e-06 1.59219144e-06 2.18078981e-06 3.03579941e-06
 1.53152666e-06 1.46723960e-06 2.45027059e-06 1.41778219e-06
 1.00588102e-06 1.24346468e-06 2.47299567e-06 2.96845246e-06
 2.57243050e-06 2.05703691e-06 1.80350798e-06 1.75621699e-06
 1.92898392e-06 1.00206728e-06 5.58875263e-06 3.22523010e-06
 3.64433231e-06 2.76796277e-06 4.41346083e-06 3.31801698e-06
 1.51576353e-06 1.27737940e-06 2.47767730e-06 1.26934708e-06
 1.30977162e-06 1.76353126e-06 1.51056349e-06 1.02297054e-06
 7.40819132e-07 9.40803830e-07 4.70027686e-07 6.12772794e-07
 5.89934928e-07 4.33725972e-07 8.50425693e-07 1.12071950e-06
 1.06718801e-06 1.71321074e-06 3.84901142e-07 2.82122187e-07]
[2.77495900e-07 4.03620788e-07 3.60825794e-07 1.08615006e-06
 4.07998783e-07 2.63374488e-07 4.28110070e-07 4.73354618e-07
 5.14808903e-07 5.56212683e-07 8.15209148e-07 8.30637930e-07
 9.75735929e-07 9.79458832e-07 8.60154216e-07 2.38250936e-06
 1.23292023e-06 2.75551270e-06 6.47702609e-06 2.85020110e-06
 5.07333289e-06 4.32628985e-06 5.24721827e-06 2.92654227e-06
 2.46331206e-06 1.34748473e-06 1.43849377e-06 3.07279311e-06
 3.46421552e-06 1.98705516e-06 2.98998953e-06 3.76972071e-06
 4.75513116e-06 4.70178929e-06 3.65898154e-06 2.29818693e-06
 1.48268191e-06 1.57511624e-06 2.34336494e-06 2.91766628e-06
 2.45657225e-06 2.50481116e-06 2.83897680e-06 4.86433191e-06
 1.38546341e-06 2.93897097e-06 2.46275249e-06 3.00336274e-06
 4.02484284e-06 2.58757973e-06 3.68109090e-06 2.90956632e-06
 2.85258648e-06 5.03740785e-06 3.94774588e-06 3.13753594e-06
 2.59953026e-06 2.81857797e-06 4.84272459e-06 5.16121827e-06
 7.04275953e-06 3.43799843e-06 3.90474634e-06 4.05697619e-06
 3.31615388e-06 5.31719888e-06 5.50999948e-06 8.46222520e-06
 4.44209172e-06 6.23319147e-06 5.11399412e-06 7.06386027e-06
 4.70825444e-06 3.90809055e-06 1.22148331e-05 1.34003722e-05
 1.44489859e-05 1.42447971e-05 3.11763361e-05 2.10875496e-05
 5.04545606e-05 2.75157508e-05 2.84309699e-05 3.49815055e-05
 2.16526460e-05 2.24710329e-05 5.76299244e-05 3.25483816e-05
 3.62985593e-05 5.43030583e-05 2.74460563e-05 5.96556347e-05
 3.95257521e-05 5.58912143e-05 5.45493785e-05 4.67023747e-05
 4.94634260e-05 3.79788944e-05 4.99442067e-05 3.15165271e-05
 4.05768806e-05 1.86027919e-05 3.69558620e-05 2.24770483e-05
 2.79201486e-05 3.32067611e-05 2.23328698e-05 5.09719430e-05
 5.48280659e-05 4.57163696e-05 4.45058649e-05 7.93379950e-05
 4.42523196e-05 8.07605029e-05 1.05725543e-04 5.87452851e-05
 9.56171425e-05 4.81206807e-05 6.50197107e-05 1.06343425e-04
 6.17883125e-05 5.67105490e-05 2.73553087e-05 3.76173521e-05
 3.25040528e-05 4.38236457e-05 4.40232361e-05 4.12194240e-05
 3.08550807e-05 6.75840929e-05 3.62882092e-05 6.33379896e-05
 4.10526991e-05 1.54832269e-05 1.94567529e-05 1.12205262e-05
 2.39487781e-05 2.37665790e-05 1.45038748e-05 1.49837606e-05
 1.50649021e-05 9.23552034e-06 1.51043141e-05 1.24966609e-05
 1.02532440e-05 1.04835135e-05 2.04516127e-05 1.65217534e-05
 8.96680831e-06 2.53419475e-05 1.81376399e-05 9.40828832e-05
 1.78087957e-05 2.88782085e-05 9.18954265e-06 1.37091438e-05
 2.37812692e-05 1.62115030e-05 1.22967695e-05 2.18056248e-05
 5.67422285e-06 5.60844092e-06 9.61438218e-06 5.58562851e-06
 2.84869907e-06 6.33001173e-06 5.18609113e-06 4.74915350e-06
 6.10099823e-06 5.06837250e-06 3.90938703e-06 2.55413306e-06
 3.71247825e-06 2.30985847e-06 4.35805487e-06 4.17168440e-06
 5.42986891e-06 3.48116077e-06 3.61427533e-06 3.77541642e-06
 2.63595189e-06 1.22412439e-06 1.64900678e-06 2.97172232e-06
 1.86949489e-06 2.37980657e-06 3.11015356e-06 2.57422471e-06
 1.18796629e-06 1.38157964e-06 1.83247266e-06 3.39768235e-06
 2.07915491e-06 2.34728918e-06 2.13396493e-06 1.95827874e-06
 2.13462931e-06 1.60390721e-06 4.17085312e-06 5.67933375e-06
 1.90406024e-06 3.39736016e-06 3.18882644e-06 3.70250632e-06
 4.72048805e-06 1.89112700e-06 1.57169541e-06 1.31861634e-06
 1.15271393e-06 1.05968468e-06 2.33609649e-06 1.33558024e-06
 8.89023966e-07 5.93630887e-07 5.97343330e-07 7.03903595e-07
 7.58064743e-07 5.66578876e-07 8.66338894e-07 7.46226306e-07
 9.40821565e-07 1.66105917e-06 5.24334382e-07 2.61617430e-07]
[3.72422733e-07 5.93754464e-07 8.51156528e-07 8.65688889e-07
 3.29689811e-07 4.53219258e-07 3.09737061e-07 2.97209482e-07
 5.75324464e-07 4.93945834e-07 6.57141925e-07 9.16852059e-07
 5.07028687e-07 7.60911519e-07 1.44200965e-06 2.51955157e-06
 1.50779033e-06 1.86153818e-06 3.13207693e-06 4.51353981e-06
 3.66377390e-06 3.59270484e-06 3.49909897e-06 4.08211781e-06
 3.38226255e-06 2.78751645e-06 3.42644285e-06 1.85401620e-06
 2.60357569e-06 1.09153973e-06 2.61918899e-06 2.30226192e-06
 3.10704968e-06 2.87529565e-06 3.32064519e-06 3.66818972e-06
 2.46368927e-06 1.76317837e-06 4.49983600e-06 2.82777432e-06
 2.03389732e-06 1.63553921e-06 1.60049819e-06 3.96471705e-06
 1.99212877e-06 1.69155010e-06 1.75059313e-06 3.64222615e-06
 2.25161170e-06 2.40514169e-06 3.61063758e-06 2.85351848e-06
 2.95509267e-06 3.07420055e-06 5.64790344e-06 2.62799790e-06
 2.68530152e-06 3.00728175e-06 3.62184142e-06 4.30626051e-06
 2.87901889e-06 4.28147905e-06 4.36728305e-06 3.92157153e-06
 3.23021936e-06 3.63604704e-06 3.90251807e-06 9.43884152e-06
 3.28275019e-06 2.44010971e-06 4.68215694e-06 4.84717930e-06
 6.24756285e-06 6.63394485e-06 1.03558295e-05 1.34894262e-05
 1.05849977e-05 1.79130529e-05 2.10552007e-05 2.48372089e-05
 1.42598192e-05 2.71497720e-05 2.94577767e-05 2.00244358e-05
 2.00350551e-05 1.91442959e-05 3.13382261e-05 2.47294247e-05
 2.47907719e-05 5.46471420e-05 3.15872785e-05 1.72300333e-05
 4.60295123e-05 2.89823365e-05 4.14821843e-05 3.91556496e-05
 2.66631323e-05 4.16946605e-05 5.29921417e-05 2.89875752e-05
 2.32477814e-05 2.03697073e-05 2.78062216e-05 2.86916675e-05
 3.70943599e-05 9.75106013e-05 5.22314986e-05 1.07971944e-04
 3.10823489e-05 2.27308410e-05 6.76305499e-05 6.40494909e-05
 4.24568389e-05 5.91908938e-05 7.69280960e-05 3.64970510e-05
 3.53100149e-05 4.46975901e-05 1.12229121e-04 3.92145848e-05
 7.00193923e-05 5.51641897e-05 3.21336229e-05 3.41018313e-05
 2.52621994e-05 1.76388130e-05 2.60057550e-05 2.23276584e-05
 3.73140792e-05 6.18521444e-05 1.26030527e-05 2.10808066e-05
 2.75976490e-05 1.24110438e-05 2.04477128e-05 1.03351113e-05
 1.27167305e-05 1.04302408e-05 1.75151999e-05 1.83139728e-05
 1.28777856e-05 8.77612274e-06 1.64325229e-05 2.09823429e-05
 8.76184731e-06 1.09085240e-05 1.80835432e-05 1.69673185e-05
 1.27031553e-05 7.98669771e-06 7.44866047e-05 8.67879789e-05
 4.14198439e-05 1.19476763e-05 2.86230916e-05 2.20834136e-05
 2.31316153e-05 1.11083764e-05 2.06846944e-05 1.82721051e-05
 7.57183807e-06 7.45346006e-06 8.09254561e-06 6.66983578e-06
 4.96364009e-06 5.78799200e-06 6.43301655e-06 4.33804780e-06
 3.71185320e-06 3.84837904e-06 3.93849723e-06 3.77752895e-06
 2.56300177e-06 2.19835988e-06 5.57733074e-06 2.67289101e-06
 3.75645845e-06 1.67798055e-06 3.39570215e-06 2.60062484e-06
 2.49737082e-06 1.41067449e-06 1.23530356e-06 2.80640120e-06
 2.34225558e-06 1.98894736e-06 1.97720260e-06 1.03792604e-06
 1.24973076e-06 2.26073257e-06 2.42070814e-06 3.07469350e-06
 3.50365167e-06 2.64835307e-06 1.73530634e-06 2.47346816e-06
 1.90396884e-06 1.42027341e-06 2.84254043e-06 3.62061019e-06
 2.02403203e-06 2.84992348e-06 6.94651317e-06 6.89745639e-06
 2.81423422e-06 2.21749929e-06 1.86784325e-06 1.42653573e-06
 9.60601369e-07 1.06711650e-06 1.84101043e-06 1.16903141e-06
 8.22411096e-07 4.87556463e-07 5.95588631e-07 5.66232700e-07
 4.93838343e-07 8.27695828e-07 6.41772658e-07 4.98338466e-07
 9.24377957e-07 6.35749643e-07 2.48521587e-07 1.74580308e-07]
[3.65686219e-07 5.18249010e-07 3.37824531e-07 5.78610411e-07
 6.47971603e-07 6.18671550e-07 5.13419138e-07 7.17944204e-07
 5.41558904e-07 9.31366742e-07 6.80134008e-07 8.27326630e-07
 9.58265900e-07 6.26962276e-07 1.43974330e-06 1.92863104e-06
 1.04839398e-06 2.49807727e-06 2.35402581e-06 3.59679348e-06
 2.80754580e-06 2.81345797e-06 3.82730423e-06 4.97165775e-06
 2.19569097e-06 3.74475098e-06 2.94267011e-06 1.85606848e-06
 1.68995064e-06 1.67167002e-06 1.90478920e-06 2.12314603e-06
 2.82604992e-06 4.05374931e-06 3.16418846e-06 2.72375314e-06
 2.85253077e-06 2.30911678e-06 1.36550159e-06 2.88760953e-06
 2.62784488e-06 1.81022722e-06 2.06393383e-06 4.86201270e-06
 4.02060823e-06 1.44522653e-06 2.61729315e-06 2.94523420e-06
 3.03091042e-06 2.39206679e-06 3.67044709e-06 4.01430452e-06
 1.87671606e-06 5.08820449e-06 2.30940896e-06 4.34478943e-06
 2.83975282e-06 3.33832691e-06 4.36046503e-06 4.06387562e-06
 3.70057455e-06 5.96632117e-06 2.72480133e-06 3.17955414e-06
 6.60729756e-06 4.12944655e-06 4.26583165e-06 7.92381525e-06
 3.27184785e-06 4.86459749e-06 9.80757704e-06 8.86826456e-06
 7.50025174e-06 6.95703238e-06 6.40198641e-06 1.37838624e-05
 8.70967324e-06 1.48980425e-05 2.53320977e-05 2.66278785e-05
 3.05733884e-05 3.06755064e-05 2.02794745e-05 3.25362744e-05
 2.18298392e-05 2.54137703e-05 1.64603607e-05 3.84984269e-05
 4.91460487e-05 4.49791660e-05 2.77306099e-05 3.30548501e-05
 3.31370029e-05 2.67197775e-05 3.89029956e-05 3.65951673e-05
 2.80835229e-05 3.99688688e-05 4.20872784e-05 3.09939242e-05
 2.18592322e-05 3.01472410e-05 2.47405242e-05 3.72631366e-05
 4.95847307e-05 4.99796261e-05 5.34817118e-05 4.73937835e-05
 3.89902089e-05 4.31797671e-05 8.36008330e-05 7.90254198e-05
 6.06228423e-05 9.88580505e-05 4.46982922e-05 6.43179155e-05
 5.93269760e-05 4.21562581e-05 3.85169988e-05 5.19710993e-05
 3.90105706e-05 4.16627263e-05 2.38384000e-05 5.90607415e-05
 1.42590397e-05 3.37421043e-05 3.45164772e-05 3.06717848e-05
 4.40811891e-05 2.34220879e-05 1.83677366e-05 2.29327215e-05
 3.13165692e-05 1.81524101e-05 1.70630901e-05 1.29550290e-05
 1.09895909e-05 1.04182081e-05 1.22789252e-05 9.13029453e-06
 1.34964466e-05 1.55663856e-05 2.41041616e-05 2.69581651e-05
 1.08165805e-05 7.71938994e-06 2.08141446e-05 1.09298489e-05
 1.59268366e-05 1.76619687e-05 3.02393510e-05 2.61329824e-05
 4.64374207e-05 9.38112407e-06 1.30537810e-05 1.50233464e-05
 1.45625172e-05 8.21424328e-06 2.70743058e-05 1.50298520e-05
 5.64470474e-06 6.02249384e-06 6.81906704e-06 5.28610644e-06
 6.18493732e-06 6.09563131e-06 5.91754770e-06 4.23057691e-06
 4.07671541e-06 5.27743578e-06 3.43057832e-06 3.62853666e-06
 3.15032412e-06 3.06432798e-06 9.61423484e-06 4.41334168e-06
 2.57538522e-06 4.46796912e-06 2.41849898e-06 4.98903091e-06
 5.80419510e-06 2.46480909e-06 1.78546497e-06 1.12602970e-06
 1.18767230e-06 2.60510001e-06 1.31413719e-06 2.51724532e-06
 1.27453677e-06 1.69134330e-06 3.69238546e-06 3.45606600e-06
 5.03996171e-06 3.45354874e-06 2.33077731e-06 3.45907938e-06
 1.92114680e-06 3.00034776e-06 2.57390639e-06 1.92349353e-06
 1.69353950e-06 2.86330464e-06 2.91115612e-06 4.27535224e-06
 2.17460570e-06 2.05428910e-06 1.60264483e-06 2.97833117e-06
 1.92878747e-06 7.27300687e-07 9.02050033e-07 1.33141100e-06
 7.87050340e-07 4.74189250e-07 5.52744552e-07 4.31195076e-07
 6.45550926e-07 6.74870023e-07 6.76992101e-07 1.31327715e-06
 2.18911396e-07 3.05231794e-07 2.47165929e-07 1.33740414e-07]
[3.6325648e-07 4.1037541e-07 7.1856158e-07 8.3999703e-07 4.5427348e-07
 4.6699003e-07 3.0077300e-07 1.8402220e-07 4.5968139e-07 4.7312884e-07
 6.6606799e-07 6.8623086e-07 1.0363665e-06 1.0332826e-06 1.2228852e-06
 1.3761246e-06 1.4258630e-06 1.4291445e-06 1.9999916e-06 2.4849367e-06
 2.5080635e-06 2.6327561e-06 2.9577802e-06 4.0783320e-06 2.3848199e-06
 2.2277250e-06 2.4884851e-06 2.7218659e-06 2.1014343e-06 2.6207729e-06
 2.2775164e-06 2.9727955e-06 2.1630474e-06 3.4987627e-06 3.1798545e-06
 4.0209488e-06 3.2959933e-06 2.8098784e-06 4.2204947e-06 6.5912895e-06
 3.8405265e-06 2.6759042e-06 2.0824250e-06 3.8279336e-06 2.4904987e-06
 3.3387460e-06 2.4971473e-06 3.9887468e-06 2.9977991e-06 4.2272977e-06
 6.8352097e-06 5.1697862e-06 4.0549294e-06 6.6720036e-06 5.7575212e-06
 4.9243977e-06 5.6578160e-06 3.7899583e-06 3.7980456e-06 3.9594279e-06
 4.1740186e-06 3.6022793e-06 9.0724679e-06 6.8647678e-06 9.0945605e-06
 6.3486482e-06 6.7144015e-06 7.0576039e-06 7.2276034e-06 3.9469237e-06
 5.2598939e-06 7.9178471e-06 9.2875116e-06 4.9967898e-06 7.6810493e-06
 6.3620732e-06 1.3906673e-05 1.4293783e-05 1.9099129e-05 3.1444881e-05
 2.2686150e-05 3.1992371e-05 2.7970278e-05 2.3761166e-05 2.2468817e-05
 1.8626268e-05 2.0103720e-05 2.0503663e-05 3.5059889e-05 3.5863395e-05
 4.9291888e-05 5.7696237e-05 6.3945699e-05 5.0727122e-05 4.0803192e-05
 1.9105888e-05 4.8861610e-05 4.1922020e-05 4.1676267e-05 5.8689911e-05
 1.4282125e-05 2.0544823e-05 2.8107424e-05 4.1074516e-05 3.3910968e-05
 3.4085300e-05 4.5593679e-05 2.5910946e-05 2.7321310e-05 3.8135313e-05
 1.4336880e-04 7.0216724e-05 5.7442365e-05 3.5993875e-05 9.9459234e-05
 7.2778246e-05 7.7868601e-05 6.9620495e-05 7.6408942e-05 7.9204205e-05
 8.9854759e-05 3.3272423e-05 6.3152831e-05 2.9599454e-05 3.1300951e-05
 3.3419175e-05 2.5457399e-05 4.0779898e-05 2.5101059e-05 2.5471481e-05
 2.1553931e-05 2.9869736e-05 1.5384905e-05 1.8698162e-05 1.3624951e-05
 2.7965720e-05 2.1800772e-05 1.1920853e-05 1.8176899e-05 1.7142889e-05
 1.4926775e-05 1.1523737e-05 1.3248759e-05 3.9300485e-05 1.4570199e-05
 8.4053436e-06 1.4129905e-05 1.4959638e-05 1.6250249e-05 1.5033856e-05
 3.4985773e-05 1.3406520e-05 1.4231989e-05 2.2571714e-05 1.5930318e-05
 2.2113389e-05 3.5353540e-05 1.1849566e-05 2.0494061e-05 1.4800146e-05
 1.2393023e-05 1.0196546e-05 1.4795859e-05 7.5757875e-06 4.5893726e-06
 6.0209932e-06 5.0537296e-06 3.9080401e-06 5.1196271e-06 5.4125753e-06
 5.1942538e-06 5.3980184e-06 3.0036936e-06 3.0197023e-06 3.6003610e-06
 5.6264143e-06 3.0844221e-06 5.8264654e-06 3.4940124e-06 2.7918516e-06
 3.5228215e-06 1.1536204e-06 2.5340212e-06 3.2967721e-06 1.8998968e-06
 1.8627164e-06 1.3862458e-06 2.1248766e-06 1.7105991e-06 1.2211630e-06
 2.1865044e-06 2.9759683e-06 3.9856609e-06 3.3723638e-06 4.1255662e-06
 3.8216112e-06 5.8466308e-06 3.1100153e-06 3.3598724e-06 6.2811523e-06
 2.3907066e-06 2.4657909e-06 2.4896287e-06 2.7129579e-06 1.8361471e-06
 1.6452855e-06 2.5743466e-06 1.6416374e-06 1.4592848e-06 1.0932016e-06
 1.1051324e-06 1.2914492e-06 9.9751071e-07 6.5926935e-07 7.3216444e-07
 6.5359183e-07 8.4923221e-07 6.0389146e-07 6.4692040e-07 1.9846059e-06
 9.5300351e-07 3.0766708e-07 4.7860641e-07 2.1331071e-07]
[4.8541153e-07 5.0901758e-07 8.4497651e-07 9.7568807e-07 6.4163987e-07
 3.3560696e-07 2.5413470e-07 4.0396489e-07 4.4681823e-07 6.1597473e-07
 6.7428738e-07 8.9301074e-07 6.7217314e-07 6.7877505e-07 1.7008656e-06
 1.6363401e-06 1.7387860e-06 8.7347615e-07 2.0716468e-06 1.8343923e-06
 1.8111513e-06 1.8234674e-06 4.8485435e-06 4.3847722e-06 3.1425700e-06
 2.6178850e-06 2.5845841e-06 2.1190804e-06 2.1970334e-06 2.1308197e-06
 2.1386320e-06 2.6317828e-06 3.0101282e-06 2.8040522e-06 2.8064003e-06
 2.6393334e-06 2.2280167e-06 4.3974073e-06 4.9174109e-06 3.3156523e-06
 3.4675495e-06 7.2514472e-06 7.5110843e-06 3.0117226e-06 1.5240288e-06
 2.2021457e-06 3.3372069e-06 5.0101498e-06 4.5403117e-06 3.0745759e-06
 4.9537225e-06 7.5294629e-06 4.2521533e-06 2.6104565e-06 5.5081873e-06
 6.0532802e-06 4.3556342e-06 6.2907907e-06 3.4286677e-06 6.4678920e-06
 3.9103470e-06 3.1891805e-06 6.4534447e-06 6.9733337e-06 5.1572738e-06
 4.7943067e-06 6.1041173e-06 4.1936878e-06 8.8808965e-06 6.6985626e-06
 5.9056583e-06 4.8108955e-06 6.7463734e-06 5.6153644e-06 5.1361590e-06
 1.7584711e-05 1.7488264e-05 4.0501018e-05 6.2556377e-05 3.7783509e-05
 2.1180387e-05 3.2617012e-05 2.6175978e-05 2.3945069e-05 2.3843981e-05
 1.5659709e-05 1.3654727e-05 2.6575328e-05 1.8402676e-05 3.4159311e-05
 6.9815535e-05 5.9435046e-05 5.0979026e-05 2.6577773e-05 3.7985174e-05
 4.2816962e-05 8.9913163e-05 3.6081303e-05 5.9569418e-05 4.5500932e-05
 3.2354295e-05 1.2317567e-05 3.4813715e-05 7.4035059e-05 3.7011854e-05
 5.3690277e-05 2.2281483e-05 5.4395718e-05 3.9175527e-05 2.7516127e-05
 5.3577864e-05 8.8639361e-05 5.3951055e-05 6.9601687e-05 5.7609072e-05
 9.3892544e-05 6.2125808e-05 7.2194511e-05 6.2688807e-05 1.1228890e-04
 1.0957554e-04 8.0416590e-05 5.1871084e-05 1.5563074e-04 3.2791835e-05
 2.8043325e-05 7.4077347e-05 1.5645335e-05 2.8071367e-05 2.2474238e-05
 3.0179670e-05 1.2633773e-05 1.2291009e-05 1.8005923e-05 2.0702784e-05
 1.6913993e-05 1.5098554e-05 2.0498263e-05 1.4590042e-05 1.2684140e-05
 9.7730990e-06 9.8187329e-06 2.8300698e-05 2.4119325e-05 3.1490588e-05
 1.0070711e-05 1.7278504e-05 1.4408798e-05 3.3049924e-05 7.4969680e-06
 1.1537046e-05 2.0242369e-05 8.4797339e-06 1.5341293e-05 1.7817505e-05
 1.8261995e-05 1.5291653e-05 1.5178702e-05 1.2033262e-05 1.1695818e-05
 1.3177708e-05 9.7154962e-06 1.2079278e-05 1.4896080e-05 6.0631660e-06
 4.8469587e-06 7.6573460e-06 9.0623062e-06 5.5311270e-06 5.8861756e-06
 5.4646621e-06 4.5460865e-06 2.2905244e-06 2.5104302e-06 2.7290350e-06
 5.7711691e-06 3.4142467e-06 4.0968075e-06 5.0910021e-06 2.1526760e-06
 3.2308708e-06 1.6951568e-06 2.1601563e-06 3.3774952e-06 2.6631303e-06
 1.5121541e-06 3.3641356e-06 2.3705536e-06 1.6527453e-06 3.3499127e-06
 1.8930132e-06 4.8113543e-06 3.6718031e-06 7.1660579e-06 5.2888331e-06
 2.2882375e-06 3.8376252e-06 3.6361359e-06 4.1813250e-06 8.6688842e-06
 3.0489200e-06 2.6465179e-06 2.1161984e-06 2.5904453e-06 2.7788262e-06
 2.0815287e-06 2.3320790e-06 1.4031119e-06 1.3842977e-06 1.1786279e-06
 1.5122818e-06 1.1537121e-06 7.0399847e-07 6.5394914e-07 6.3716533e-07
 1.0198378e-06 8.3518103e-07 7.6673672e-07 7.4983177e-07 8.5336939e-07
 6.2796551e-07 3.9277634e-07 4.5778441e-07 1.7633646e-07]
[2.65945147e-07 4.55063088e-07 6.18137392e-07 4.12973122e-07
 6.63905837e-07 2.68424031e-07 6.03577519e-07 4.65282852e-07
 3.68038997e-07 4.09235412e-07 7.28968473e-07 8.97513758e-07
 7.17957846e-07 7.68885172e-07 1.46970081e-06 1.49329469e-06
 1.69090708e-06 9.83108862e-07 1.41689395e-06 1.16014485e-06
 2.86152886e-06 2.07216522e-06 2.95825998e-06 3.46315460e-06
 3.46676893e-06 2.22708536e-06 1.90835340e-06 2.80677887e-06
 1.80724339e-06 2.15273144e-06 1.49304253e-06 1.81545329e-06
 2.30550381e-06 1.96805809e-06 2.24266000e-06 2.99635485e-06
 3.27816542e-06 2.57534703e-06 3.02700869e-06 2.59691774e-06
 5.94672792e-06 4.64021196e-06 4.27163786e-06 4.03258809e-06
 4.49432900e-06 2.94778260e-06 2.64371988e-06 3.20349341e-06
 3.15639295e-06 3.22093069e-06 3.77840411e-06 7.47354716e-06
 4.72368311e-06 4.01493662e-06 4.43461840e-06 6.26200199e-06
 2.73957926e-06 2.75862385e-06 4.57129181e-06 5.12768202e-06
 2.78524999e-06 2.67643281e-06 2.95579957e-06 5.01926843e-06
 3.97618714e-06 7.67693655e-06 4.22464154e-06 3.93169512e-06
 3.85159683e-06 5.78609388e-06 5.85154930e-06 4.44181160e-06
 3.61165803e-06 5.01984550e-06 7.91382627e-06 1.26007171e-05
 3.08286071e-05 1.76979083e-05 1.72991913e-05 6.37318735e-05
 2.07523281e-05 1.99888891e-05 2.10288472e-05 1.98237594e-05
 2.29021607e-05 1.44050355e-05 1.55937832e-05 2.30650712e-05
 2.09149875e-05 2.61797759e-05 1.88342510e-05 1.99979931e-05
 5.14375242e-05 1.83599204e-05 3.33117678e-05 2.37209479e-05
 2.40920835e-05 2.26991197e-05 3.34500692e-05 2.73196838e-05
 2.36184551e-05 1.33203075e-05 4.45183578e-05 5.14150743e-05
 5.07991354e-05 2.44433104e-05 4.43086901e-05 3.03756970e-05
 4.82161086e-05 4.41268930e-05 3.67375033e-05 5.77556784e-05
 4.81066927e-05 6.57759010e-05 5.18246707e-05 4.88032128e-05
 6.57183118e-05 4.20406686e-05 7.07585932e-05 6.98636650e-05
 9.52447372e-05 1.22462865e-04 8.08016848e-05 4.34197900e-05
 3.13103810e-05 2.07229168e-05 2.51428846e-05 2.92131954e-05
 2.44597613e-05 1.66801128e-05 1.26127024e-05 3.32777090e-05
 2.59547160e-05 1.64019602e-05 2.19217745e-05 2.34399977e-05
 1.65109468e-05 2.19619105e-05 1.30377039e-05 1.12362150e-05
 1.38481455e-05 5.88867397e-06 1.90826231e-05 1.93685173e-05
 9.25003314e-06 6.85059285e-06 1.37457309e-05 2.36995384e-05
 1.57294908e-05 2.07413013e-05 1.86250654e-05 1.07156038e-05
 6.76985883e-06 1.30932340e-05 1.78999253e-05 1.69144241e-05
 1.37685356e-05 8.30180852e-06 2.09504378e-05 1.56272199e-05
 1.25686092e-05 6.07396987e-06 3.99869214e-06 1.03248385e-05
 7.91210732e-06 6.37878793e-06 4.13449516e-06 5.88917237e-06
 6.42815212e-06 5.53742348e-06 3.25199107e-06 3.74664342e-06
 2.71631689e-06 2.94955339e-06 2.60722459e-06 3.37288952e-06
 3.87833825e-06 3.40183919e-06 3.71557394e-06 1.36053211e-06
 1.79165772e-06 1.77680249e-06 1.69128134e-06 2.06376239e-06
 2.04671414e-06 1.23160703e-06 1.18200205e-06 1.00130137e-06
 1.28248087e-06 1.04123740e-06 2.42596684e-06 3.78651043e-06
 2.32192860e-06 2.54658721e-06 5.26409212e-06 4.22021003e-06
 4.57184842e-06 2.11551173e-06 3.27665111e-06 3.98263001e-06
 5.62625246e-06 9.21510491e-07 2.34731465e-06 2.72050897e-06
 2.95453469e-06 1.85024601e-06 1.55647797e-06 1.10427584e-06
 9.49650996e-07 1.25670817e-06 1.61397656e-06 8.70184351e-07
 1.00490513e-06 4.35861381e-07 8.18051831e-07 8.28894827e-07
 1.03611330e-06 9.10658230e-07 5.03991259e-07 5.16095270e-07
 3.43567422e-07 2.64693369e-07 2.41196972e-07 1.59219425e-07]
[2.72952747e-07 3.90166633e-07 6.29488341e-07 4.04930034e-07
 4.51668569e-07 2.42581933e-07 3.93598839e-07 3.27841093e-07
 4.12089463e-07 5.97206338e-07 5.45806245e-07 6.09219626e-07
 9.84142389e-07 1.12682073e-06 1.14848638e-06 8.32747276e-07
 1.36679591e-06 1.03553896e-06 1.74739398e-06 3.04046989e-06
 1.51486745e-06 4.15046043e-06 3.47925629e-06 3.58716193e-06
 2.73159890e-06 2.66854545e-06 2.30626824e-06 2.32088132e-06
 2.00945578e-06 9.80109348e-07 1.24082362e-06 2.81189455e-06
 2.37615927e-06 1.38922678e-06 1.52372513e-06 2.56505223e-06
 3.84705527e-06 2.07704875e-06 2.60259571e-06 5.67065945e-06
 6.99583279e-06 3.54959502e-06 2.57270972e-06 4.10743769e-06
 2.96818166e-06 4.43022327e-06 5.46294677e-06 2.58043474e-06
 3.86566626e-06 3.34851734e-06 6.04377419e-06 8.55978124e-06
 5.39520761e-06 5.34336141e-06 4.28794601e-06 5.18827665e-06
 2.24043333e-06 3.37040024e-06 2.82935684e-06 3.92514585e-06
 3.38889845e-06 2.87826788e-06 4.38944107e-06 4.29471356e-06
 3.71084820e-06 2.99713247e-06 2.73809633e-06 6.71684938e-06
 4.72298188e-06 7.27840097e-06 5.79297330e-06 5.56081568e-06
 5.58099646e-06 3.47966329e-06 5.69455051e-06 3.26972554e-06
 7.89320165e-06 1.58195890e-05 1.95684697e-05 5.57597814e-05
 1.40223210e-05 3.02078533e-05 1.81900014e-05 2.36538981e-05
 1.54568297e-05 2.07870780e-05 3.03423203e-05 3.47452587e-05
 2.91170636e-05 3.81195459e-05 2.72946872e-05 2.29595698e-05
 2.93268240e-05 2.35371317e-05 2.12048253e-05 2.14803749e-05
 2.31779468e-05 3.16652695e-05 3.04858313e-05 1.93490905e-05
 1.67759426e-05 1.18682947e-05 3.10944124e-05 2.94231268e-05
 3.01901691e-05 2.67108171e-05 5.54948601e-05 5.85537964e-05
 2.78803036e-05 5.16933214e-05 2.95996579e-05 3.55865450e-05
 4.62115677e-05 3.84665909e-05 3.86760330e-05 4.24914942e-05
 4.06374347e-05 6.39904538e-05 5.17263106e-05 3.05975009e-05
 6.49356080e-05 5.27307238e-05 3.72417417e-05 6.14233068e-05
 5.45244839e-05 3.35432087e-05 2.72706693e-05 2.99938602e-05
 1.68303486e-05 2.74716822e-05 1.36250756e-05 3.51845338e-05
 2.63819384e-05 1.17203044e-05 1.35349837e-05 2.93943067e-05
 2.00191062e-05 1.83019929e-05 2.08592337e-05 1.31504867e-05
 3.12045995e-05 6.65162906e-06 7.83722953e-06 1.49733814e-05
 1.24058615e-05 7.59649629e-06 1.28921447e-05 1.18368371e-05
 1.44809119e-05 9.55207088e-06 8.62283923e-06 1.90064220e-05
 8.53403526e-06 1.75363894e-05 1.01144187e-05 1.38277246e-05
 1.67527742e-05 1.03543962e-05 1.70073599e-05 1.44354954e-05
 1.45553495e-05 8.20797050e-06 5.67892675e-06 9.86647228e-06
 9.05039269e-06 5.35650179e-06 4.36232995e-06 7.31069349e-06
 3.92367610e-06 3.82828102e-06 2.90220828e-06 6.58831732e-06
 3.18338789e-06 2.25632016e-06 2.21948767e-06 3.13479109e-06
 1.38410894e-06 1.55743180e-06 2.07982794e-06 2.63378274e-06
 1.16929743e-06 1.26717021e-06 1.84571127e-06 2.11182828e-06
 1.86940815e-06 1.76369542e-06 9.55091878e-07 1.74989373e-06
 1.12195187e-06 1.28360409e-06 2.69222187e-06 3.88771696e-06
 1.58119713e-06 2.33876403e-06 2.76492733e-06 4.90281946e-06
 2.68631993e-06 5.85758107e-06 5.79031939e-06 5.64828952e-06
 2.44268040e-06 3.45066587e-06 3.57533099e-06 2.93812445e-06
 1.94841346e-06 1.93213123e-06 2.37786003e-06 8.01365957e-07
 6.85391512e-07 9.59139015e-07 1.15669434e-06 8.74815669e-07
 7.16071554e-07 7.09715380e-07 1.37449751e-06 6.99962129e-07
 5.93524362e-07 3.90292371e-07 7.32912952e-07 3.80442003e-07
 4.69142293e-07 2.18848115e-07 2.32325689e-07 1.27169770e-07]
[2.49049663e-07 5.89552315e-07 6.48959542e-07 5.11667679e-07
 5.45694434e-07 4.07222160e-07 9.01887745e-07 9.11516338e-07
 7.28349903e-07 6.56259260e-07 1.13375268e-06 7.34316757e-07
 8.35844219e-07 8.73691249e-07 1.27252679e-06 1.19883430e-06
 1.29670241e-06 7.13072723e-07 2.59601006e-06 1.22658207e-06
 2.31241324e-06 4.68512690e-06 3.40488737e-06 3.47132050e-06
 2.76825631e-06 2.35788048e-06 3.68266114e-06 4.82235873e-06
 2.87318676e-06 1.57169359e-06 1.94610379e-06 2.50200605e-06
 2.86492559e-06 2.83930694e-06 1.81250232e-06 3.69473787e-06
 2.93530843e-06 3.17828108e-06 3.78277559e-06 3.33004277e-06
 1.19260121e-05 3.97487020e-06 2.91642732e-06 8.09198173e-06
 6.64007894e-06 2.70301393e-06 6.03385479e-06 4.87930811e-06
 4.70340456e-06 3.07565460e-06 5.85768294e-06 5.73707484e-06
 4.74662374e-06 5.79614471e-06 8.69652376e-06 4.75965953e-06
 8.27412896e-06 4.42766122e-06 5.87732939e-06 6.58976705e-06
 4.34365393e-06 3.24764551e-06 4.32178285e-06 3.00961688e-06
 5.81529457e-06 2.96888265e-06 4.76306241e-06 5.84282134e-06
 4.50491325e-06 2.98580085e-06 6.28519956e-06 7.01805448e-06
 3.22305982e-06 3.98843258e-06 8.29856708e-06 7.80232858e-06
 8.76938611e-06 8.65726088e-06 3.16561673e-05 4.13242997e-05
 1.74021752e-05 2.37155964e-05 1.64979156e-05 1.61771150e-05
 1.83970078e-05 3.31869160e-05 2.15417913e-05 2.29206926e-05
 2.85121441e-05 2.76448536e-05 4.93092957e-05 5.69330878e-05
 3.43135944e-05 3.16139885e-05 3.02549397e-05 3.16612459e-05
 2.85537099e-05 2.11213719e-05 3.15752877e-05 3.41710547e-05
 2.70227520e-05 5.02400617e-05 6.00442872e-05 3.88162189e-05
 4.07129301e-05 1.82088097e-05 7.47371596e-05 6.06088724e-05
 3.78366130e-05 6.21169165e-05 5.51768280e-05 6.53908719e-05
 4.85196833e-05 5.17647277e-05 6.66860651e-05 4.27397172e-05
 5.37100386e-05 7.62857744e-05 1.66655984e-04 7.17618459e-05
 1.10740286e-04 6.76918062e-05 7.28301166e-05 4.73227010e-05
 7.84072181e-05 5.08434750e-05 5.31069127e-05 4.48670435e-05
 1.99829701e-05 1.44988007e-05 6.28724229e-05 1.77403326e-05
 1.84768669e-05 1.96645669e-05 1.95547182e-05 1.53997771e-05
 2.42156912e-05 6.06929680e-05 5.13053674e-05 7.65261721e-05
 6.05925125e-05 2.65577310e-05 1.36073822e-05 3.40043443e-05
 8.44635997e-06 7.82788993e-06 1.06268344e-05 9.39687834e-06
 1.45750646e-05 2.48950182e-05 1.07190963e-05 1.18426251e-05
 3.49084476e-05 2.42966798e-05 1.39000622e-05 2.76146948e-05
 8.14910345e-06 1.11063300e-05 1.02363874e-05 1.70692820e-05
 2.18988444e-05 1.33795365e-05 1.58697585e-05 1.28173169e-05
 8.97837435e-06 7.71766736e-06 6.04929892e-06 6.20327728e-06
 5.66332665e-06 6.18061267e-06 6.13375641e-06 6.20273249e-06
 3.16082946e-06 1.49286552e-06 2.79152914e-06 3.20644108e-06
 3.37021811e-06 3.07254663e-06 4.35444599e-06 3.38543055e-06
 2.93702942e-06 2.08407641e-06 3.15594320e-06 5.58997044e-06
 2.70523174e-06 1.17801528e-06 2.69483303e-06 2.10232542e-06
 1.75097205e-06 2.09757695e-06 3.12400539e-06 2.36471601e-06
 2.79709570e-06 2.10965300e-06 3.68277938e-06 4.18787158e-06
 2.68911026e-06 8.02551676e-06 4.13359066e-06 3.76376738e-06
 3.36200651e-06 3.36083122e-06 2.68625058e-06 2.70291912e-06
 3.75341256e-06 1.18848345e-06 3.78897744e-06 1.95274970e-06
 1.62561639e-06 1.11582494e-06 1.89380137e-06 1.53866597e-06
 9.47750493e-07 1.23614507e-06 9.94343850e-07 8.95699316e-07
 9.31765214e-07 7.67383597e-07 1.20039988e-06 1.25084659e-06
 6.89010903e-07 2.29120943e-07 1.92355287e-07 4.04225233e-07]
[2.66398729e-07 5.05708101e-07 5.82727353e-07 5.10559687e-07
 6.56833606e-07 6.15491842e-07 6.76851414e-07 5.89994158e-07
 6.98835720e-07 1.15026523e-06 1.11056272e-06 1.45553577e-06
 1.52128371e-06 9.68815129e-07 1.37131440e-06 2.28932618e-06
 2.20892048e-06 9.61095793e-07 1.90488799e-06 2.90052412e-06
 1.85538011e-06 1.90401317e-06 4.57773604e-06 4.48096716e-06
 2.50904463e-06 2.28407816e-06 4.66295978e-06 2.66287134e-06
 4.04556567e-06 2.67507698e-06 1.95856046e-06 3.53214978e-06
 4.29242073e-06 4.64390678e-06 3.05481149e-06 3.60269883e-06
 2.14065699e-06 2.51514643e-06 8.28331213e-06 1.20375162e-05
 5.45334296e-06 6.17736805e-06 6.40188409e-06 5.66210883e-06
 5.10325617e-06 3.72192267e-06 6.06260801e-06 6.17367323e-06
 3.15372563e-06 4.11317751e-06 4.92540266e-06 9.97132065e-06
 5.80780033e-06 7.29433259e-06 1.10732108e-05 9.22405070e-06
 9.08207130e-06 5.08103039e-06 5.47657328e-06 5.11742519e-06
 6.18634112e-06 2.65710855e-06 3.63383219e-06 4.05336550e-06
 5.12005272e-06 3.74465913e-06 3.88229364e-06 3.91396861e-06
 2.36127016e-06 3.64565608e-06 8.30451700e-06 5.12771885e-06
 3.03749698e-06 5.18487286e-06 6.62264756e-06 2.04068110e-05
 1.39301455e-05 1.28835973e-05 1.56499391e-05 2.05011511e-05
 2.61409605e-05 2.45994452e-05 3.18331768e-05 1.39168660e-05
 2.38522844e-05 5.11467224e-05 1.80910738e-05 4.40261028e-05
 4.22766752e-05 6.77541902e-05 3.38286300e-05 4.64608456e-05
 5.71991150e-05 2.79836022e-05 3.13787205e-05 3.77075085e-05
 3.72342874e-05 2.77635718e-05 3.07563860e-05 2.07821049e-05
 4.97642613e-05 3.98202101e-05 5.89423980e-05 7.05582497e-05
 4.58401046e-05 4.44768484e-05 4.50790139e-05 9.25420391e-05
 3.28702699e-05 4.66673409e-05 7.51134939e-05 7.90538688e-05
 5.22972223e-05 6.55801487e-05 6.38857018e-05 1.12259972e-04
 4.51406704e-05 4.50272164e-05 6.37247940e-05 1.15069830e-04
 1.24714526e-04 6.29548085e-05 6.57736600e-05 7.44692879e-05
 3.40927909e-05 4.76266723e-05 2.65383333e-05 3.83269107e-05
 3.73420226e-05 1.71841002e-05 4.86743120e-05 2.50918256e-05
 1.61175176e-05 1.88750564e-05 2.05471388e-05 2.06125169e-05
 1.11485615e-05 4.49628715e-05 1.59164210e-05 5.50523400e-05
 2.89786931e-05 2.07442117e-05 1.24697754e-05 2.40894387e-05
 1.30997105e-05 1.54101745e-05 2.25192289e-05 1.33458607e-05
 9.18431761e-06 1.25122824e-05 1.54753743e-05 2.29976085e-05
 2.74721242e-05 2.27814598e-05 4.57872047e-05 2.74749018e-05
 1.58097610e-05 1.57056402e-05 1.06581838e-05 2.06722325e-05
 2.35385105e-05 2.09232439e-05 2.05010529e-05 1.11037298e-05
 7.87597310e-06 7.29912608e-06 9.81302310e-06 6.52212248e-06
 4.88811247e-06 3.09820643e-06 7.26318467e-06 5.14410021e-06
 3.03185993e-06 2.30358296e-06 4.90366983e-06 4.20335755e-06
 2.49351910e-06 5.47176614e-06 4.55599411e-06 3.35373079e-06
 4.38980760e-06 3.08191920e-06 4.09337963e-06 1.94447193e-06
 2.01770195e-06 2.27313240e-06 2.00225077e-06 3.39310009e-06
 3.59598380e-06 2.55272539e-06 2.91848664e-06 2.26618431e-06
 3.23896961e-06 5.33159482e-06 3.54311919e-06 4.00921226e-06
 4.35380980e-06 4.81477446e-06 5.17232320e-06 3.18940442e-06
 3.64908806e-06 2.86961699e-06 3.79780613e-06 4.07241168e-06
 2.50123958e-06 2.18687478e-06 2.98968712e-06 2.01451508e-06
 1.66402754e-06 2.41730822e-06 2.86620866e-06 1.95385360e-06
 9.17115301e-07 1.28127158e-06 9.51082029e-07 1.06825655e-06
 5.92416484e-07 7.45415491e-07 1.21029416e-06 1.29968794e-06
 5.24313634e-07 4.67184577e-07 2.07820449e-07 4.10696344e-07]
[2.98737149e-07 5.79490461e-07 6.24579911e-07 4.41985463e-07
 6.16642239e-07 1.84431670e-07 5.20062770e-07 7.47313095e-07
 5.09110976e-07 5.81345546e-07 9.48009131e-07 6.58743375e-07
 9.53637937e-07 1.22701988e-06 1.28163617e-06 1.53176097e-06
 1.02318563e-06 1.37256757e-06 1.50835046e-06 2.44744933e-06
 2.91559718e-06 1.49093694e-06 2.72086777e-06 4.22720905e-06
 2.80567770e-06 2.24662722e-06 4.61149921e-06 4.31423950e-06
 2.84434100e-06 1.25365079e-06 4.00502677e-06 5.03875572e-06
 2.82006476e-06 3.93855180e-06 2.53642997e-06 2.73569549e-06
 1.92381071e-06 3.05236972e-06 2.79833125e-06 5.03352430e-06
 4.19391699e-06 5.86591705e-06 7.92074297e-06 4.84516704e-06
 5.56042278e-06 2.89797390e-06 5.46516276e-06 5.63258482e-06
 4.27929353e-06 7.47771264e-06 6.60466139e-06 9.85156021e-06
 7.53930226e-06 5.35211257e-06 1.16293622e-05 8.33557533e-06
 1.04881428e-05 5.38023960e-06 6.04590650e-06 3.28471469e-06
 6.39458494e-06 3.99401006e-06 3.83736324e-06 2.82453198e-06
 4.09807762e-06 2.45034948e-06 4.71283374e-06 5.15938837e-06
 5.19619925e-06 3.76411003e-06 6.44778493e-06 5.41350528e-06
 7.53689892e-06 4.93572179e-06 8.39659060e-06 6.99472957e-06
 8.63595869e-06 1.16829078e-05 1.31145289e-05 1.68355964e-05
 1.14278018e-05 1.72663968e-05 3.16819533e-05 2.13751973e-05
 1.99345322e-05 2.33926567e-05 1.41663913e-05 1.83178836e-05
 2.03965246e-05 2.24842588e-05 4.47675848e-05 5.51700214e-05
 4.52799723e-05 3.38997670e-05 3.78291152e-05 2.98733121e-05
 4.83513177e-05 2.55831910e-05 3.24461907e-05 4.17060655e-05
 1.80123352e-05 3.13601886e-05 6.55987533e-05 7.73467691e-05
 6.89455992e-05 6.27034242e-05 1.12008616e-04 6.87772481e-05
 4.17130650e-05 3.34525284e-05 6.59085417e-05 3.44925902e-05
 5.41545451e-05 5.26807889e-05 6.30441427e-05 7.94290827e-05
 3.78320547e-05 5.20068570e-05 8.22961229e-05 1.62395023e-04
 7.85630182e-05 7.41568656e-05 9.10687741e-05 6.52435338e-05
 4.05741630e-05 3.13645542e-05 2.59211101e-05 2.01840685e-05
 2.07899775e-05 1.17581394e-05 3.74555093e-05 2.38018310e-05
 1.06380294e-05 9.77441687e-06 1.64842932e-05 2.20028360e-05
 1.78860209e-05 2.82489364e-05 1.92492607e-05 2.36164778e-05
 2.18872465e-05 1.65559122e-05 1.78862265e-05 4.80650988e-06
 9.03644104e-06 7.15410215e-06 9.55731684e-06 1.20167306e-05
 9.88748070e-06 1.84874571e-05 1.20382365e-05 1.71975498e-05
 1.68789920e-05 1.93140513e-05 1.49853977e-05 8.77533603e-06
 1.15256944e-05 1.02061904e-05 2.41650832e-05 1.12441303e-05
 1.62101442e-05 2.94363435e-05 2.15682394e-05 1.23582204e-05
 6.32084993e-06 6.26118481e-06 7.74097225e-06 4.55973668e-06
 5.51656058e-06 2.07984499e-06 2.86083718e-06 3.94256494e-06
 3.86700594e-06 2.36656001e-06 2.94852293e-06 2.48020910e-06
 4.69905763e-06 3.93748951e-06 1.83178429e-06 4.49813342e-06
 2.01092348e-06 1.89900163e-06 2.59961348e-06 2.51993947e-06
 1.42386671e-06 3.44354180e-06 2.90098978e-06 2.71959175e-06
 2.73851697e-06 2.33944797e-06 1.71817135e-06 1.77368145e-06
 3.10105679e-06 3.10405744e-06 5.15321699e-06 8.51319783e-06
 4.40304348e-06 4.18377022e-06 6.51704977e-06 6.90551360e-06
 2.24647715e-06 2.28261433e-06 3.48176377e-06 4.76634841e-06
 3.31274691e-06 1.94059589e-06 4.15814111e-06 2.53860867e-06
 1.32339210e-06 1.94035101e-06 2.48454785e-06 1.30911974e-06
 1.37255029e-06 9.91664024e-07 1.19297545e-06 9.46840828e-07
 5.70949908e-07 7.97522432e-07 5.64332652e-07 6.99974919e-07
 3.82138325e-07 3.25618799e-07 3.48266070e-07 1.51410703e-07]
[2.26253675e-07 5.09929464e-07 5.13390489e-07 2.83418132e-07
 2.62322004e-07 2.55683091e-07 7.20098569e-07 1.04196306e-06
 1.20958396e-06 8.53463632e-07 9.44184194e-07 7.45308853e-07
 9.41136761e-07 1.54743032e-06 9.17962780e-07 1.38362805e-06
 1.26827308e-06 1.64260109e-06 1.47507126e-06 2.68821645e-06
 2.89839159e-06 2.37633867e-06 2.44628677e-06 4.87992429e-06
 2.07742801e-06 2.22724452e-06 2.37042741e-06 6.41538281e-06
 4.05154606e-06 2.40219811e-06 3.88745138e-06 3.00688203e-06
 2.95768950e-06 5.03432739e-06 2.64445157e-06 3.21896914e-06
 3.89501201e-06 3.97313806e-06 4.10692746e-06 6.92068670e-06
 4.00898170e-06 8.58441399e-06 7.45243187e-06 5.00143278e-06
 4.09055065e-06 3.42881140e-06 4.36532173e-06 6.87342254e-06
 5.23011477e-06 7.65745062e-06 6.63661604e-06 7.05207867e-06
 8.65575748e-06 7.81218932e-06 1.74142206e-05 1.05714835e-05
 7.74273667e-06 8.33502509e-06 6.43976591e-06 7.87330373e-06
 6.84075349e-06 4.44110765e-06 5.14817839e-06 4.07702964e-06
 4.30102864e-06 4.96578059e-06 4.21506547e-06 4.86435465e-06
 4.13172666e-06 5.31119304e-06 5.47724130e-06 4.24068776e-06
 4.23582105e-06 4.18488708e-06 6.27102918e-06 8.05379113e-06
 8.95889298e-06 2.39958663e-05 1.59478059e-05 2.85104998e-05
 1.70402873e-05 5.20048379e-05 2.06700133e-05 1.54823447e-05
 1.20721261e-05 1.19240985e-05 3.14836107e-05 2.78410389e-05
 4.77342692e-05 3.21299121e-05 2.84282924e-05 4.10371140e-05
 3.42495368e-05 3.53187643e-05 3.65287597e-05 4.06704239e-05
 4.59422990e-05 4.08880405e-05 3.80459860e-05 2.50773246e-05
 1.52159055e-05 1.80460502e-05 4.49890686e-05 1.06614250e-04
 5.82746579e-05 1.07074018e-04 8.90427618e-05 7.61879273e-05
 2.72838788e-05 4.36370174e-05 8.39728818e-05 1.16757037e-04
 6.90144079e-05 8.99645020e-05 1.34180285e-04 1.04277242e-04
 8.14496889e-05 4.85263190e-05 5.78438885e-05 4.90531056e-05
 5.75405138e-05 8.51051809e-05 7.08058433e-05 8.87331917e-05
 3.37073434e-05 4.68531252e-05 3.36307021e-05 2.48502238e-05
 2.25177082e-05 1.07209407e-05 2.27160926e-05 2.43290033e-05
 1.81754240e-05 2.62804806e-05 1.54647878e-05 3.31334522e-05
 4.55222907e-05 3.33434436e-05 7.28509476e-05 5.31200349e-05
 3.33840871e-05 2.17006163e-05 1.81766645e-05 1.69557115e-05
 1.30956214e-05 9.26455232e-06 1.82170734e-05 1.39804970e-05
 1.38261566e-05 1.06063808e-05 1.14517634e-05 1.33520662e-05
 1.28526362e-05 1.33770300e-05 2.91481119e-05 2.29064754e-05
 1.16436495e-05 1.31846100e-05 1.34471038e-05 1.29734544e-05
 1.25722081e-05 1.06873849e-05 2.13704679e-05 2.17507240e-05
 1.19636679e-05 7.46281694e-06 6.19294724e-06 5.29942145e-06
 3.97975464e-06 3.31503838e-06 3.38366408e-06 5.37191454e-06
 4.79207438e-06 3.82603821e-06 2.26943598e-06 2.74408444e-06
 6.05738614e-06 2.31865056e-06 2.27372675e-06 4.70815803e-06
 1.65847086e-06 1.32425077e-06 5.12660927e-06 2.68088320e-06
 1.63947936e-06 3.41904070e-06 1.67699125e-06 1.71958072e-06
 1.39792883e-06 1.68069835e-06 2.25948338e-06 3.74834781e-06
 4.23747179e-06 2.27584087e-06 3.79568269e-06 3.17845479e-06
 3.02517833e-06 3.43417742e-06 7.15235728e-06 3.69601798e-06
 4.30402724e-06 3.33302705e-06 5.08161065e-06 5.29306408e-06
 3.37944016e-06 2.63948732e-06 1.24307519e-06 1.36146093e-06
 1.25254758e-06 1.81152370e-06 2.22551466e-06 1.87676585e-06
 1.35864991e-06 9.32950115e-07 9.43815337e-07 1.20161042e-06
 1.01239550e-06 8.09129631e-07 6.37599612e-07 5.43619251e-07
 4.36566410e-07 9.91820230e-07 4.65339696e-07 1.15205523e-07]
[5.39717746e-07 8.86957650e-07 8.02260786e-07 5.60606111e-07
 3.39288675e-07 4.82109272e-07 6.44195950e-07 7.96270854e-07
 6.77262733e-07 4.44880214e-07 1.24137557e-06 1.12978648e-06
 7.57146097e-07 1.43447141e-06 1.39372844e-06 2.13217209e-06
 1.31177819e-06 1.07438564e-06 1.80690438e-06 3.68105975e-06
 1.81927737e-06 2.38649682e-06 2.72628313e-06 4.72273496e-06
 2.82577912e-06 1.88241893e-06 4.59629155e-06 3.06343532e-06
 4.36315395e-06 5.25362566e-06 4.54905421e-06 3.96144651e-06
 6.84412362e-06 5.71192459e-06 5.98544466e-06 6.32343517e-06
 4.08280312e-06 4.34101048e-06 6.13473821e-06 7.74882301e-06
 4.72929923e-06 8.50477045e-06 5.58988904e-06 6.11036739e-06
 9.45854117e-06 3.99905321e-06 5.49841570e-06 8.98955750e-06
 9.16270892e-06 7.89518981e-06 8.95445828e-06 4.65625271e-06
 5.90834452e-06 6.93352422e-06 1.30511989e-05 1.12263542e-05
 1.38181285e-05 1.04662322e-05 8.56004317e-06 8.00818179e-06
 4.40760186e-06 7.66674566e-06 5.89665069e-06 8.39281347e-06
 6.66738924e-06 8.96315851e-06 7.92334959e-06 7.99018380e-06
 6.39972723e-06 5.23968265e-06 5.87845716e-06 6.80283529e-06
 5.55736733e-06 4.05195487e-06 4.40386748e-06 6.37126277e-06
 5.07327150e-06 1.28166512e-05 2.26973134e-05 1.81715714e-05
 7.34233981e-05 1.21373532e-05 3.55464690e-05 2.21352602e-05
 1.70697367e-05 1.49202633e-05 2.29379530e-05 3.40633960e-05
 3.38838909e-05 4.73825021e-05 5.15470419e-05 1.28649612e-04
 3.94678391e-05 3.15291218e-05 5.46668452e-05 9.69589819e-05
 6.37963603e-05 7.50318941e-05 7.58548340e-05 3.94875642e-05
 2.93115518e-05 6.23688029e-05 2.21774972e-05 2.94674173e-05
 4.57719107e-05 7.00432865e-05 7.23111152e-05 7.77671739e-05
 4.62150492e-05 4.47138555e-05 1.08182467e-04 7.41799522e-05
 6.94749760e-05 7.34937712e-05 9.13729018e-05 5.39974099e-05
 1.23502308e-04 1.48024366e-04 1.88230086e-04 6.19843995e-05
 8.43406669e-05 7.31059772e-05 8.64912290e-05 6.23203014e-05
 5.03558549e-05 2.69832180e-05 3.60093472e-05 3.06262846e-05
 1.04633946e-05 2.06250043e-05 2.01347739e-05 1.80437437e-05
 3.27794405e-05 3.53806718e-05 2.19377889e-05 3.55608936e-05
 3.08950403e-05 3.23890745e-05 3.89030356e-05 9.93686626e-06
 1.37133311e-05 1.66343762e-05 1.12680891e-05 8.52788162e-06
 1.42029994e-05 6.81972051e-06 2.17867128e-05 2.55196046e-05
 1.78018472e-05 1.49916987e-05 1.00871666e-05 1.03366110e-05
 1.87910173e-05 2.92485056e-05 4.29948523e-05 2.22608214e-05
 1.21238672e-05 1.77437323e-05 1.86060497e-05 1.66660739e-05
 2.01322637e-05 2.37891018e-05 1.63916575e-05 1.57262821e-05
 1.69228751e-05 1.33878539e-05 7.66185531e-06 5.79550806e-06
 4.18871241e-06 3.34716719e-06 4.62466369e-06 4.00224280e-06
 5.32005106e-06 4.21048435e-06 5.22971823e-06 3.38850055e-06
 2.76649121e-06 1.82493875e-06 1.77502341e-06 2.57206375e-06
 2.05038509e-06 3.39455505e-06 3.65460005e-06 2.97140014e-06
 2.91403740e-06 3.67663620e-06 1.98048406e-06 3.04172499e-06
 1.78038715e-06 2.35837183e-06 3.74326919e-06 2.66639199e-06
 2.36548090e-06 2.04713228e-06 2.77829736e-06 3.47629134e-06
 4.18859418e-06 2.80008840e-06 6.63658057e-06 5.64725133e-06
 2.84547991e-06 3.59253795e-06 3.79675907e-06 3.67638609e-06
 2.76260039e-06 2.82931001e-06 1.44984142e-06 2.04651474e-06
 1.84482781e-06 1.69837892e-06 1.70694932e-06 1.54039947e-06
 9.26475025e-07 8.00163946e-07 7.38489177e-07 5.75950310e-07
 1.39678525e-06 1.14220654e-06 1.82363272e-06 1.06461289e-06
 7.17183354e-07 1.08273423e-06 5.00210319e-07 3.58149549e-07]
[3.02176431e-07 5.52335450e-07 7.62288607e-07 3.66168621e-07
 3.90662194e-07 4.21653198e-07 3.90336112e-07 8.26332780e-07
 6.97436860e-07 7.44330293e-07 7.67474376e-07 9.50773710e-07
 1.02539036e-06 9.69093549e-07 1.80971836e-06 1.80692871e-06
 1.69456450e-06 1.08915322e-06 2.99284329e-06 1.91470758e-06
 1.85474698e-06 2.50414109e-06 5.68851692e-06 4.49270874e-06
 3.05260187e-06 2.65127983e-06 4.39257701e-06 6.60223168e-06
 3.60497074e-06 5.56795567e-06 6.39497512e-06 6.09286735e-06
 3.11382132e-06 7.11477560e-06 7.20518437e-06 5.69467011e-06
 4.20996321e-06 4.96654457e-06 4.40568101e-06 5.52634447e-06
 6.47019397e-06 5.81661197e-06 1.00183943e-05 1.25852321e-05
 8.28691554e-06 4.52450377e-06 4.07685548e-06 6.16714351e-06
 9.22450545e-06 6.13851216e-06 8.40548910e-06 5.53613927e-06
 1.29769423e-05 9.17221314e-06 1.75221940e-05 9.86838040e-06
 7.40275937e-06 1.14132881e-05 6.57134842e-06 8.77120056e-06
 8.78177434e-06 4.31514172e-06 4.43104773e-06 8.70608619e-06
 7.27200177e-06 5.64371703e-06 7.73697684e-06 7.51160542e-06
 7.67604161e-06 3.41196210e-06 6.45342834e-06 5.26738449e-06
 5.45649664e-06 6.36418736e-06 7.53852373e-06 4.95892664e-06
 4.54565634e-06 1.43838215e-05 4.09433851e-05 1.32267860e-05
 5.25254400e-05 4.85334895e-05 1.71173542e-05 3.97021795e-05
 2.41796861e-05 1.30529397e-05 1.98994658e-05 2.84551261e-05
 3.46592460e-05 3.15034304e-05 2.36946526e-05 1.76009435e-05
 2.02054052e-05 4.26376319e-05 9.43168197e-05 7.05359635e-05
 5.52999263e-05 7.79408947e-05 8.50265133e-05 7.31839464e-05
 4.69795341e-05 5.01529976e-05 3.34280157e-05 8.18407498e-05
 3.19047795e-05 5.08837220e-05 5.34761057e-05 3.71916794e-05
 3.40292863e-05 7.66534286e-05 7.84388103e-05 6.81060192e-05
 4.08749729e-05 9.92822097e-05 1.75489709e-04 9.58066303e-05
 7.03089972e-05 7.44482022e-05 4.37282724e-05 6.13356315e-05
 6.26315305e-05 5.42783127e-05 6.57285054e-05 3.28206770e-05
 2.29176530e-05 3.69581503e-05 4.84407683e-05 2.41668149e-05
 2.15936107e-05 2.70648507e-05 2.48720480e-05 2.71262743e-05
 1.91370400e-05 1.75710175e-05 1.58611947e-05 2.02254487e-05
 2.84393300e-05 2.93761859e-05 4.45642509e-05 2.37842542e-05
 1.29689579e-05 1.54885001e-05 5.95232768e-06 1.55186990e-05
 1.10053688e-05 8.24731524e-06 1.11048384e-05 9.43411305e-06
 1.28477013e-05 1.19111573e-05 2.35042880e-05 1.82049098e-05
 2.01744188e-05 2.18638834e-05 1.85526424e-05 4.51054184e-05
 2.17938596e-05 1.14666864e-05 2.69039028e-05 2.50442681e-05
 2.71395566e-05 3.37871752e-05 6.07591755e-06 1.36385061e-05
 1.06212610e-05 1.27210660e-05 8.31227862e-06 7.42341399e-06
 4.14835995e-06 2.94735310e-06 2.62055596e-06 3.45596141e-06
 3.16367186e-06 3.18856723e-06 2.22807466e-06 4.44944590e-06
 2.96289249e-06 1.82813403e-06 2.18505033e-06 3.18427988e-06
 3.62824289e-06 2.49035497e-06 2.22854692e-06 3.14765998e-06
 4.02211981e-06 2.41096745e-06 1.65845120e-06 2.19355093e-06
 1.91628510e-06 2.43871864e-06 2.04305161e-06 7.24089114e-06
 2.86455793e-06 3.11063559e-06 3.28603437e-06 6.65689959e-06
 2.72456850e-06 4.26885208e-06 1.05119279e-05 5.01540353e-06
 4.43848012e-06 4.91388755e-06 2.72491820e-06 3.02367152e-06
 2.57440729e-06 2.92200207e-06 2.93937751e-06 1.54782390e-06
 3.24875600e-06 2.06352956e-06 1.93540313e-06 1.52530868e-06
 1.06326399e-06 1.74528930e-06 1.00621116e-06 1.79057145e-06
 1.18667003e-06 1.65143217e-06 1.63899313e-06 1.27173723e-06
 9.12745747e-07 9.53232131e-07 5.07345590e-07 4.20540459e-07]
[4.25230070e-07 6.38231086e-07 1.96265773e-07 3.15985062e-07
 4.12631380e-07 8.85040208e-07 7.59639022e-07 5.42671955e-07
 4.69853461e-07 7.13758880e-07 6.24237884e-07 4.65480952e-07
 7.50425897e-07 5.82088660e-07 9.84479129e-07 1.41746250e-06
 3.02686271e-06 2.29887132e-06 2.80988115e-06 3.05795197e-06
 1.82499105e-06 2.77947424e-06 2.31462786e-06 2.43964428e-06
 3.83312181e-06 3.03359775e-06 2.05355468e-06 2.58533851e-06
 6.17847945e-06 2.15884052e-06 3.55451334e-06 3.07580262e-06
 4.57672604e-06 3.36505855e-06 9.42935367e-06 5.82364328e-06
 5.35561639e-06 5.08898120e-06 7.17231205e-06 5.91787648e-06
 9.39799702e-06 5.31047772e-06 7.34918285e-06 1.42319668e-05
 5.70479779e-06 5.09844313e-06 4.92120762e-06 6.36225150e-06
 6.40762164e-06 3.24108692e-06 7.48976299e-06 1.03329576e-05
 1.04130777e-05 8.89402691e-06 8.51413552e-06 1.53677629e-05
 8.56821407e-06 7.31642876e-06 9.57441171e-06 6.47124443e-06
 6.28346925e-06 4.49739218e-06 8.61023273e-06 3.90008563e-06
 4.51173810e-06 4.98340387e-06 5.98726319e-06 4.63653896e-06
 4.95455561e-06 3.21057814e-06 6.11560745e-06 6.74634202e-06
 3.58998454e-06 5.57081285e-06 3.32358195e-06 4.29195188e-06
 8.04978299e-06 1.03255470e-05 1.09825023e-05 4.31708941e-05
 1.25107617e-05 1.78337450e-05 2.47670523e-05 2.94205329e-05
 1.30422513e-05 2.32781185e-05 1.54282898e-05 2.01088478e-05
 2.96622366e-05 2.24381711e-05 2.39781511e-05 4.54913716e-05
 3.27703347e-05 2.54249535e-05 4.45302394e-05 6.57156488e-05
 2.75352959e-05 3.16536134e-05 8.62760426e-05 4.47350467e-05
 3.41427767e-05 3.39670696e-05 1.34945994e-05 3.28324859e-05
 2.39905930e-05 3.72745089e-05 7.77278037e-05 4.57615133e-05
 7.99702902e-05 3.56925302e-05 3.67571374e-05 5.71171367e-05
 4.67965547e-05 3.26460831e-05 9.65930158e-05 8.15979147e-05
 7.53440327e-05 5.26103977e-05 4.12023073e-05 6.63535320e-05
 4.00160498e-05 3.71499227e-05 3.87625732e-05 1.67709095e-05
 1.81579817e-05 1.99441110e-05 6.26511610e-05 4.99648486e-05
 4.43687313e-05 1.74823617e-05 1.55347207e-05 1.86411817e-05
 1.21004896e-05 1.30361659e-05 1.69868508e-05 2.96686758e-05
 2.03203599e-05 1.86399193e-05 1.72060627e-05 9.41152211e-06
 1.15907269e-05 5.98629777e-06 6.56045268e-06 1.32498672e-05
 1.11044001e-05 8.48303807e-06 2.20579532e-05 3.06809634e-05
 1.73904627e-05 6.29444003e-06 1.58351395e-05 1.70604380e-05
 1.18375347e-05 1.92906828e-05 1.22021838e-05 9.67753749e-06
 1.60294130e-05 8.32649675e-06 1.39779813e-05 2.06252735e-05
 2.39679157e-05 1.61483913e-05 1.79239087e-05 1.19253245e-05
 1.94656986e-05 7.40642872e-06 6.34728303e-06 8.69267660e-06
 3.32214518e-06 2.40953455e-06 3.68275619e-06 3.84995474e-06
 2.89977447e-06 2.69637235e-06 3.55722182e-06 2.11461975e-06
 2.06830259e-06 1.47942535e-06 1.47567698e-06 1.69626207e-06
 1.39953829e-06 1.53477049e-06 2.41501243e-06 2.68088229e-06
 4.52362701e-06 1.97233317e-06 2.64696905e-06 2.59622698e-06
 1.67066128e-06 2.86080990e-06 3.50995379e-06 1.83965346e-06
 1.99182682e-06 2.33222067e-06 2.98269333e-06 3.06740571e-06
 2.12419877e-06 4.86684394e-06 3.69361874e-06 3.04828609e-06
 4.03528475e-06 3.52454936e-06 4.53539906e-06 2.65784024e-06
 2.49048367e-06 1.32748517e-06 2.13167164e-06 2.57778424e-06
 1.97504801e-06 1.10294934e-06 1.13854207e-06 1.17559659e-06
 1.01240641e-06 1.66411826e-06 1.10414783e-06 2.12187183e-06
 2.03256127e-06 1.84302792e-06 1.07477990e-06 7.75859291e-07
 1.01238311e-06 8.07850085e-07 9.46288139e-07 4.37421221e-07]
[2.81709532e-07 4.24376481e-07 5.55278859e-07 4.73324917e-07
 8.40028861e-07 7.67900985e-07 8.78337971e-07 5.14056694e-07
 6.78639935e-07 3.76060285e-07 3.32835413e-07 4.72071292e-07
 7.02849832e-07 1.47183846e-06 1.52564428e-06 1.10713972e-06
 1.44609896e-06 1.60269485e-06 2.81724510e-06 2.79733626e-06
 2.64842151e-06 2.94893448e-06 2.08850111e-06 4.16295188e-06
 2.51825054e-06 1.22106735e-06 2.46911736e-06 3.34842048e-06
 1.94922723e-06 2.07810444e-06 3.86964894e-06 3.14666772e-06
 3.29297541e-06 2.35112270e-06 6.13402199e-06 5.09344727e-06
 4.63785318e-06 8.52495850e-06 7.20353501e-06 5.91150092e-06
 6.06037656e-06 6.58254567e-06 1.07393071e-05 2.01061175e-05
 9.29840007e-06 8.20982132e-06 7.66647736e-06 9.88746615e-06
 6.39013751e-06 3.10416613e-06 8.41099973e-06 1.12143816e-05
 1.29195168e-05 1.59988722e-05 1.52750454e-05 8.76136255e-06
 7.86244527e-06 1.08608283e-05 8.42090685e-06 1.10760702e-05
 7.20736944e-06 6.00624799e-06 4.90010643e-06 4.55088366e-06
 5.64757102e-06 4.88249634e-06 3.98486554e-06 3.33938647e-06
 2.50674861e-06 3.46808042e-06 3.86274405e-06 4.55509780e-06
 5.47188938e-06 3.94239214e-06 8.17312593e-06 5.18530078e-06
 4.70886016e-06 5.95578422e-06 1.74612596e-05 1.67333965e-05
 1.46542525e-05 1.56577153e-05 9.07466801e-06 3.54251133e-05
 1.41158052e-05 2.40134395e-05 2.12563173e-05 1.73507578e-05
 1.91223717e-05 2.88967422e-05 1.87867790e-05 3.46304842e-05
 2.59937860e-05 3.41758350e-05 3.47153946e-05 4.02013939e-05
 7.42251577e-05 8.56772895e-05 5.38458007e-05 3.47795212e-05
 2.57999509e-05 3.00497923e-05 3.48932153e-05 3.59474252e-05
 2.78713760e-05 4.20031902e-05 5.02514449e-05 4.35724469e-05
 2.24410396e-05 3.50809969e-05 3.72421491e-05 5.37450287e-05
 4.70254163e-05 2.25389085e-05 5.06934593e-05 4.86743229e-05
 6.61983213e-05 4.15535360e-05 6.38048296e-05 4.23188794e-05
 3.59449332e-05 3.73121911e-05 2.82699966e-05 3.20429135e-05
 2.76668743e-05 2.13341282e-05 1.97743429e-05 1.36802009e-05
 1.65543515e-05 2.45085448e-05 3.22308661e-05 2.90013504e-05
 9.82565416e-06 3.33820462e-05 2.02012543e-05 1.59059891e-05
 1.48975623e-05 3.31724768e-05 2.44983657e-05 1.28270503e-05
 9.29972157e-06 4.78282664e-06 7.87481986e-06 1.69494870e-05
 1.35970995e-05 1.20606046e-05 1.86371999e-05 2.43099876e-05
 1.18293583e-05 1.63026689e-05 1.06864563e-05 1.56933693e-05
 1.08112772e-05 1.14168006e-05 1.11804402e-05 1.42565077e-05
 1.30782073e-05 1.11539521e-05 7.74836190e-06 1.81618361e-05
 1.93707729e-05 1.24447261e-05 2.89009240e-05 2.50166140e-05
 2.03352120e-05 1.23855352e-05 8.12553844e-06 1.03163757e-05
 4.68822191e-06 4.39552741e-06 4.95861877e-06 3.73760236e-06
 3.11670306e-06 3.54300778e-06 4.57666465e-06 6.06055937e-06
 2.44135913e-06 2.72287093e-06 1.94385916e-06 1.98050770e-06
 1.35541177e-06 1.72034800e-06 2.42890451e-06 2.53754820e-06
 2.59390890e-06 1.71282727e-06 2.44070520e-06 1.89579805e-06
 2.25627105e-06 1.60967159e-06 2.22712220e-06 1.85955503e-06
 2.36848541e-06 1.76587855e-06 3.49588845e-06 4.26024280e-06
 1.85119279e-06 5.70501606e-06 3.89544539e-06 8.48223590e-06
 1.90797186e-06 5.86204305e-06 2.40458007e-06 1.49327900e-06
 2.49020741e-06 2.95341101e-06 4.98185227e-06 3.54513281e-06
 1.32799642e-06 1.36387246e-06 2.47615480e-06 2.50352969e-06
 1.69143107e-06 1.00565353e-06 2.32727530e-06 4.08830738e-06
 2.91544461e-06 1.40247846e-06 1.20552397e-06 1.06597156e-06
 9.58566943e-07 8.15770306e-07 4.76754821e-07 2.95537035e-07]
[4.00155727e-07 4.51468168e-07 1.04979756e-06 5.69488918e-07
 4.97426186e-07 4.28166317e-07 5.82262430e-07 7.54635494e-07
 1.30496426e-06 7.26379142e-07 6.65469315e-07 6.16215345e-07
 7.11328823e-07 6.18816955e-07 1.42243789e-06 1.83190093e-06
 1.65075210e-06 2.39375936e-06 4.55553482e-06 2.75699517e-06
 1.51651955e-06 2.17992329e-06 2.50945800e-06 2.92558889e-06
 2.28060549e-06 1.81042094e-06 3.65510891e-06 3.72147861e-06
 3.92223183e-06 2.49673508e-06 6.83014923e-06 3.93606160e-06
 7.11360190e-06 3.45139870e-06 6.25644861e-06 5.96888685e-06
 6.77278013e-06 8.33417926e-06 6.09772178e-06 4.10193934e-06
 5.16055297e-06 5.41398140e-06 1.32731175e-05 9.36039305e-06
 6.23000051e-06 8.05303262e-06 1.40247021e-05 9.30548322e-06
 4.58224667e-06 6.21252411e-06 1.56283295e-05 1.36205199e-05
 8.82047880e-06 1.24141252e-05 1.07851438e-05 1.30640183e-05
 1.14673348e-05 9.03328601e-06 1.35434784e-05 1.23132695e-05
 8.77059483e-06 8.90125011e-06 8.00226735e-06 7.91909133e-06
 7.74017371e-06 4.08250207e-06 7.04109107e-06 6.91094237e-06
 1.19188335e-05 3.21229345e-06 7.03835940e-06 4.67139034e-06
 4.91099581e-06 6.22901644e-06 7.31058390e-06 7.01314502e-06
 4.73326872e-06 1.13111209e-05 2.76922510e-05 2.03794170e-05
 1.66278023e-05 1.37325305e-05 2.88386054e-05 4.05862775e-05
 2.55979339e-05 1.76434987e-05 2.16298777e-05 2.33191404e-05
 3.48802023e-05 1.45626991e-05 2.40958343e-05 2.47258140e-05
 2.34712516e-05 4.70094528e-05 6.70128138e-05 6.01876236e-05
 5.66587369e-05 9.27774599e-05 1.04897888e-04 3.52264069e-05
 1.80063998e-05 2.33852770e-05 4.46883787e-05 2.81964749e-05
 6.01234678e-05 6.13464217e-05 4.71854764e-05 1.22692029e-04
 7.12878173e-05 3.85468047e-05 7.12708061e-05 4.95472486e-05
 2.62736703e-05 5.21811198e-05 4.71064559e-05 3.06961192e-05
 5.43520000e-05 4.19622047e-05 5.89877345e-05 4.22348385e-05
 2.59035751e-05 2.17188081e-05 5.05025782e-05 3.20066465e-05
 1.53091205e-05 2.88150986e-05 1.57630475e-05 1.88660051e-05
 1.65319761e-05 2.48094821e-05 3.03172947e-05 2.04813114e-05
 1.11037516e-05 2.25018885e-05 3.32494856e-05 2.52820955e-05
 2.31952145e-05 8.89155581e-06 2.27841392e-05 1.98192211e-05
 1.26598416e-05 1.32819259e-05 1.49678162e-05 1.15908579e-05
 1.34299917e-05 1.62095876e-05 1.68331899e-05 1.45820741e-05
 1.73456338e-05 1.40845405e-05 1.19640063e-05 2.04773660e-05
 3.10660507e-05 1.80453171e-05 1.80321294e-05 1.08652976e-05
 1.47141955e-05 1.38690548e-05 2.52873087e-05 3.41415616e-05
 4.26830957e-05 1.09957791e-05 1.73079807e-05 3.06132497e-05
 1.51304121e-05 1.01776250e-05 8.34428829e-06 7.91570255e-06
 1.21382445e-05 6.76396894e-06 2.91585889e-06 3.08757285e-06
 4.48781657e-06 2.67959331e-06 4.00849558e-06 5.33681077e-06
 3.34109063e-06 3.49606375e-06 3.42846192e-06 2.65451149e-06
 3.28061901e-06 2.17372576e-06 4.37139033e-06 2.25248277e-06
 3.05719436e-06 2.14328998e-06 5.96412656e-06 4.00956105e-06
 2.09800078e-06 1.69864245e-06 2.01962280e-06 3.37335882e-06
 2.71140857e-06 4.76225205e-06 6.18450531e-06 3.11558210e-06
 3.32211607e-06 1.62634740e-06 2.86917771e-06 3.97105396e-06
 3.19085143e-06 7.73534975e-06 3.31914816e-06 4.63697688e-06
 5.49679999e-06 2.93594235e-06 2.78817674e-06 3.08493532e-06
 2.39056658e-06 2.35754464e-06 2.29170587e-06 1.25565850e-06
 1.72739362e-06 2.02846468e-06 2.22281528e-06 1.79830124e-06
 1.24632879e-06 1.81686357e-06 1.53709755e-06 8.88845079e-07
 8.15523833e-07 8.61124136e-07 5.84824363e-07 5.53666553e-07]
[2.41025845e-07 8.28363227e-07 8.95477967e-07 8.07967126e-07
 6.22417872e-07 3.53143491e-07 7.27057113e-07 1.06771597e-06
 5.18385889e-07 7.71401290e-07 8.98008977e-07 1.04968967e-06
 1.02546630e-06 1.17820480e-06 1.28383499e-06 1.07692404e-06
 1.78234075e-06 2.02290971e-06 2.53134453e-06 3.00130364e-06
 1.93297524e-06 4.37704966e-06 3.96059113e-06 2.54146585e-06
 1.99283613e-06 1.79644815e-06 5.15219972e-06 2.96592157e-06
 3.47241189e-06 2.62677599e-06 4.89928152e-06 2.70707892e-06
 3.42761018e-06 6.42562918e-06 5.30309853e-06 4.77625190e-06
 9.06331297e-06 5.47034870e-06 7.08448852e-06 1.42969357e-05
 7.16260683e-06 8.19027173e-06 1.24135004e-05 9.86002851e-06
 7.83878841e-06 6.32068850e-06 6.23111418e-06 1.03150196e-05
 1.61822099e-05 1.26359000e-05 1.92411408e-05 2.22957042e-05
 3.03252546e-05 1.33730637e-05 2.47629632e-05 1.55680154e-05
 2.17246361e-05 2.47260759e-05 2.37371041e-05 2.14354677e-05
 8.03422517e-06 9.95410574e-06 5.59787804e-06 9.52390656e-06
 8.20351397e-06 1.20198602e-05 6.70376767e-06 8.16691954e-06
 5.61245497e-06 6.36077266e-06 8.99007136e-06 5.26123631e-06
 5.82474740e-06 4.64217737e-06 7.78649610e-06 5.20711410e-06
 6.65725202e-06 6.30847762e-06 2.06715831e-05 3.02175267e-05
 1.76531121e-05 1.93820524e-05 2.85264268e-05 2.29333837e-05
 1.66452955e-05 2.16294375e-05 1.88105696e-05 2.00873001e-05
 1.96321798e-05 2.50168760e-05 2.07885150e-05 5.02034964e-05
 3.58068610e-05 5.29808749e-05 5.04802410e-05 6.87376087e-05
 1.03184102e-04 9.61212208e-05 9.60494799e-05 1.16427844e-04
 3.85625863e-05 2.98578834e-05 3.94478520e-05 3.22724991e-05
 4.93886000e-05 5.95822057e-05 7.06633582e-05 5.64951079e-05
 7.21056349e-05 2.21921509e-05 3.87233558e-05 6.33281234e-05
 5.36660191e-05 2.52687660e-05 4.53907742e-05 2.86879367e-05
 4.53504908e-05 5.25963260e-05 2.34891431e-05 5.67781062e-05
 3.31409465e-05 2.56340791e-05 2.48917495e-05 3.61787934e-05
 3.54711337e-05 1.84383844e-05 1.68420593e-05 2.98378800e-05
 2.02089777e-05 1.45481999e-05 2.59989592e-05 5.17529734e-05
 3.45178887e-05 1.35926357e-05 1.75029036e-05 2.48747292e-05
 2.23877450e-05 2.37871991e-05 1.10934589e-05 1.32331597e-05
 1.40254733e-05 1.23223990e-05 1.09580678e-05 2.28207937e-05
 1.97284899e-05 1.49265643e-05 1.53490400e-05 1.07542864e-05
 1.04898645e-05 1.65665733e-05 2.28548652e-05 2.09373593e-05
 1.91833296e-05 1.42207273e-05 2.55239811e-05 2.43991799e-05
 2.31783397e-05 1.64902813e-05 1.86642737e-05 3.20319596e-05
 2.31196027e-05 2.50515168e-05 1.10433475e-05 2.89905529e-05
 2.74569611e-05 1.51780214e-05 1.16504261e-05 6.75490583e-06
 8.66403570e-06 7.97344273e-06 7.54843995e-06 4.12253621e-06
 4.76239211e-06 2.59199010e-06 3.74592128e-06 2.84913153e-06
 5.07095683e-06 2.37148720e-06 6.09249537e-06 4.67610880e-06
 2.19401250e-06 3.49618199e-06 2.87845796e-06 3.74311458e-06
 3.64151606e-06 3.89286788e-06 2.29541251e-06 4.44430998e-06
 1.49284858e-06 4.21057166e-06 2.47859111e-06 6.71126736e-06
 3.17137824e-06 2.56695716e-06 4.25312510e-06 5.36464177e-06
 4.79343953e-06 3.45918556e-06 3.70063822e-06 8.14096347e-06
 4.27352461e-06 6.07200172e-06 3.97165923e-06 4.29455577e-06
 5.55103588e-06 2.25008398e-06 3.72311547e-06 3.36298490e-06
 1.78337632e-06 4.44548732e-06 3.16189994e-06 2.97055271e-06
 1.77555069e-06 1.85816134e-06 1.19501794e-06 1.46476305e-06
 1.81493215e-06 1.47675735e-06 1.10883605e-06 1.00868044e-06
 8.50526249e-07 7.16107309e-07 1.36815424e-06 5.25978010e-07]
[1.79504056e-07 3.82441641e-07 7.59595252e-07 3.73166813e-07
 4.30114625e-07 5.63072433e-07 6.08503854e-07 5.58371426e-07
 3.73874997e-07 4.74688903e-07 9.08624770e-07 7.20414448e-07
 7.43745261e-07 7.77898549e-07 1.02509318e-06 1.84163639e-06
 1.66832308e-06 1.54877625e-06 1.79255710e-06 1.48081574e-06
 3.76674507e-06 4.84944803e-06 2.36697656e-06 3.08436756e-06
 2.67798600e-06 3.15113448e-06 2.27917758e-06 2.67633391e-06
 1.40140548e-06 1.85529677e-06 3.87308864e-06 1.79665869e-06
 3.99465216e-06 3.91840103e-06 5.18988099e-06 8.20767036e-06
 3.35154186e-06 3.06986476e-06 4.11201427e-06 5.30978468e-06
 1.01164160e-05 6.74969124e-06 6.92360982e-06 6.63613127e-06
 7.92726769e-06 9.53298149e-06 5.62213245e-06 6.57531200e-06
 1.05355748e-05 1.55625385e-05 1.85802674e-05 1.69162959e-05
 3.80507445e-05 1.10902592e-05 1.55052967e-05 3.30607909e-05
 2.11629977e-05 3.41159321e-05 2.04654298e-05 2.00025679e-05
 5.60909211e-06 7.98405654e-06 1.09734965e-05 9.06562582e-06
 9.48369052e-06 9.30844999e-06 6.21158460e-06 5.50359391e-06
 4.14828583e-06 2.92032496e-06 5.17531817e-06 5.28860619e-06
 6.71908356e-06 3.37591769e-06 6.05474497e-06 4.05077071e-06
 5.70136172e-06 4.70852910e-06 1.01447804e-05 1.70192816e-05
 1.94547320e-05 1.39488693e-05 1.99178230e-05 2.00047343e-05
 1.38406276e-05 1.22541724e-05 1.26306986e-05 1.24144581e-05
 7.55493647e-06 1.53387955e-05 3.90266578e-05 5.57135027e-05
 3.27207017e-05 3.05271096e-05 4.49991603e-05 3.79976009e-05
 5.39290777e-05 5.77075152e-05 9.49043679e-05 3.72735267e-05
 5.28949022e-05 2.33976680e-05 2.84232756e-05 2.43548420e-05
 2.27398068e-05 4.71283674e-05 4.27857412e-05 8.91811287e-05
 3.41690829e-05 1.45808008e-05 4.79724258e-05 5.44020440e-05
 5.76258644e-05 5.06607466e-05 4.88666592e-05 2.88737192e-05
 3.59977021e-05 3.99655110e-05 2.87960520e-05 2.98053110e-05
 2.32276270e-05 2.94192632e-05 1.89354687e-05 3.25189867e-05
 2.32925086e-05 1.74664765e-05 1.85263561e-05 1.21920457e-05
 2.99590520e-05 2.30324658e-05 2.50148751e-05 3.13036326e-05
 2.00832419e-05 1.86902198e-05 1.78773516e-05 1.77777529e-05
 1.54608551e-05 1.74756515e-05 9.07163576e-06 1.76779522e-05
 1.71055144e-05 6.54520272e-06 8.65505353e-06 1.64542635e-05
 1.42198478e-05 1.90335231e-05 1.93470805e-05 2.27767869e-05
 1.13968417e-05 1.07224623e-05 1.18656144e-05 2.72047037e-05
 1.50327760e-05 9.11590723e-06 2.24554078e-05 2.00097347e-05
 1.29481950e-05 1.72740074e-05 2.87275598e-05 3.02713870e-05
 2.03756790e-05 1.72838882e-05 2.50690591e-05 2.62293470e-05
 2.83471654e-05 1.28173051e-05 8.23573100e-06 5.94249286e-06
 7.20963953e-06 7.41127042e-06 6.24467384e-06 7.50510162e-06
 5.92479273e-06 3.39114263e-06 2.95817972e-06 3.24345388e-06
 3.19985588e-06 2.86150066e-06 3.28182705e-06 4.34602725e-06
 2.98256259e-06 2.79165647e-06 2.13774115e-06 2.84105590e-06
 1.97584609e-06 3.09145821e-06 5.16871705e-06 1.89238108e-06
 2.37167774e-06 1.75397270e-06 1.56478893e-06 5.08498351e-06
 2.77920208e-06 3.27033285e-06 5.07228424e-06 3.76203820e-06
 3.47685909e-06 5.47547779e-06 6.17586966e-06 1.10383953e-05
 7.78449248e-06 4.81469897e-06 1.17267082e-05 3.49657353e-06
 3.58986654e-06 2.09987070e-06 3.57607610e-06 3.65155574e-06
 1.46625541e-06 1.37831830e-06 4.54462725e-06 3.41651867e-06
 1.71387694e-06 1.78817061e-06 1.10950907e-06 9.37898164e-07
 1.10030112e-06 1.27918099e-06 2.41348039e-06 1.79674714e-06
 1.22947029e-06 6.97921848e-07 6.88454747e-07 4.11301812e-07]
[2.31388029e-07 6.08455366e-07 5.62333469e-07 4.44597077e-07
 4.98954876e-07 4.04150086e-07 6.56650116e-07 5.76264483e-07
 7.68439065e-07 8.42870747e-07 8.76294735e-07 7.25891823e-07
 5.89697493e-07 1.14654938e-06 1.16885394e-06 1.42792430e-06
 1.39499605e-06 1.07748485e-06 1.15089006e-06 1.97315489e-06
 1.85074452e-06 1.99203464e-06 4.88492651e-06 2.85731699e-06
 2.62769390e-06 3.18525485e-06 2.03248715e-06 5.40338942e-06
 2.41664634e-06 1.73392937e-06 1.67731059e-06 2.59735862e-06
 1.87763726e-06 2.50582639e-06 4.98704685e-06 4.21626874e-06
 2.64415280e-06 5.14550129e-06 3.85465455e-06 8.81515643e-06
 9.39117217e-06 6.05330706e-06 3.43400370e-06 4.07692960e-06
 3.57627891e-06 1.16499823e-05 6.68230859e-06 7.20983780e-06
 7.56490272e-06 9.54295501e-06 1.15239491e-05 1.65226465e-05
 1.34942311e-05 2.78046355e-05 1.83177654e-05 3.55692900e-05
 1.65976107e-05 1.15726798e-05 1.02329432e-05 2.37250515e-05
 1.62338565e-05 1.15682824e-05 9.23960852e-06 1.74778452e-05
 8.95558605e-06 9.47992248e-06 8.68219195e-06 6.69157316e-06
 3.84833083e-06 9.38721769e-06 3.79014909e-06 8.18144235e-06
 7.37093296e-06 4.59710918e-06 3.53603241e-06 5.49620381e-06
 6.04255320e-06 5.52950360e-06 1.03357015e-05 1.13367169e-05
 1.98808120e-05 2.07662542e-05 3.93334885e-05 2.23343177e-05
 1.74821816e-05 9.56526401e-06 8.47547108e-06 2.26810098e-05
 2.67428895e-05 2.15247364e-05 1.62927354e-05 2.91508240e-05
 4.35876718e-05 2.56384719e-05 5.47718664e-05 3.38270729e-05
 2.98029718e-05 4.50152911e-05 8.68050847e-05 5.69125514e-05
 8.37652187e-05 3.48869798e-05 2.25006097e-05 4.05964201e-05
 3.33898461e-05 4.53700595e-05 5.05979806e-05 1.19815144e-04
 6.53160241e-05 4.95461827e-05 6.26171241e-05 8.16578977e-05
 4.98004556e-05 5.10127174e-05 5.11893595e-05 4.83122676e-05
 3.45591288e-05 2.52933969e-05 2.30947535e-05 5.80053202e-05
 3.79548546e-05 2.75779948e-05 2.56223848e-05 2.22312901e-05
 2.48291417e-05 1.79352501e-05 2.35207699e-05 3.58279103e-05
 3.10333817e-05 3.44116270e-05 2.09516802e-05 3.16903279e-05
 3.43160100e-05 1.56280494e-05 1.16683777e-05 9.45988722e-06
 1.83332231e-05 9.23017251e-06 1.09335233e-05 1.67856797e-05
 1.11730142e-05 5.74912110e-06 1.13240012e-05 9.20726961e-06
 1.22149404e-05 2.43292889e-05 1.57223585e-05 1.70721669e-05
 1.24260478e-05 1.44290125e-05 1.35805194e-05 1.78025184e-05
 1.69570139e-05 1.07086234e-05 1.94228323e-05 1.99462211e-05
 2.08647907e-05 1.47659730e-05 1.94959812e-05 2.27080691e-05
 1.76469130e-05 2.60973120e-05 2.57793236e-05 4.34808462e-05
 4.16679250e-05 1.35420851e-05 1.01826272e-05 5.43021770e-06
 5.18153547e-06 6.23350934e-06 5.89101046e-06 5.57376507e-06
 4.70924169e-06 2.87164039e-06 1.47222624e-06 4.12740656e-06
 3.30887997e-06 8.91115724e-06 5.23815470e-06 6.04637717e-06
 5.71493911e-06 4.44892748e-06 6.36049299e-06 1.37723453e-06
 1.35727123e-06 2.86273030e-06 2.47799039e-06 2.84870634e-06
 2.73087153e-06 3.26087252e-06 5.12350607e-06 5.84313284e-06
 3.07839105e-06 4.07422112e-06 5.70881775e-06 2.18945843e-06
 5.21009861e-06 4.23062602e-06 1.56011647e-05 4.01807119e-06
 4.62004027e-06 5.49052356e-06 4.25981580e-06 7.03593969e-06
 3.01554246e-06 2.59266471e-06 3.42710814e-06 2.18521086e-06
 3.04011610e-06 2.14020770e-06 3.13967962e-06 2.13175463e-06
 2.57226566e-06 1.21857249e-06 1.22688914e-06 1.43763884e-06
 2.28525278e-06 1.29043190e-06 2.25642407e-06 1.82009433e-06
 1.45557931e-06 6.89673641e-07 1.88923298e-06 6.23849587e-07]
[3.13768595e-07 5.15225906e-07 6.82137454e-07 8.43407406e-07
 4.62644977e-07 3.83192742e-07 8.91953732e-07 1.05635729e-06
 6.87808267e-07 6.73723719e-07 5.76753735e-07 7.12457052e-07
 6.30938246e-07 8.04877288e-07 9.49619618e-07 1.18412811e-06
 1.18076503e-06 1.33307219e-06 1.56908698e-06 1.44079024e-06
 1.07856943e-06 1.90076844e-06 3.21299581e-06 2.27037776e-06
 2.81675148e-06 4.60082720e-06 4.36914388e-06 2.92578238e-06
 1.49781602e-06 1.64760593e-06 2.37017025e-06 3.24517464e-06
 4.36917117e-06 3.84619671e-06 5.21732863e-06 4.09535369e-06
 4.24741347e-06 4.06604522e-06 1.10278270e-05 8.86208272e-06
 7.11754865e-06 5.31957267e-06 6.30082650e-06 7.61800811e-06
 4.70881469e-06 7.41327267e-06 9.05838624e-06 1.33340327e-05
 1.42290419e-05 1.12068146e-05 1.47563333e-05 2.57265274e-05
 1.41055762e-05 1.13817414e-05 2.51406873e-05 2.43793675e-05
 1.23214995e-05 1.14455297e-05 8.09968424e-06 1.05349163e-05
 1.40305247e-05 9.40847985e-06 1.26543882e-05 1.52856719e-05
 9.14944485e-06 1.11780164e-05 1.19267461e-05 2.13740805e-05
 9.45569991e-06 8.67271228e-06 1.15307676e-05 5.52207302e-06
 1.21260791e-05 6.17394699e-06 1.14644099e-05 1.02124568e-05
 7.30538704e-06 7.75813078e-06 8.83105713e-06 1.52603370e-05
 1.17740665e-05 1.64609373e-05 2.24575560e-05 1.59088049e-05
 1.66757472e-05 1.32352807e-05 1.83540506e-05 1.59625051e-05
 1.80554689e-05 2.15434939e-05 4.03377016e-05 2.07436769e-05
 2.31402573e-05 1.83431493e-05 2.50976973e-05 3.12409211e-05
 4.40282602e-05 3.13542878e-05 6.30346549e-05 5.18538473e-05
 7.15940114e-05 7.40160540e-05 6.87849897e-05 6.62884049e-05
 3.80120509e-05 3.53855030e-05 4.09560053e-05 4.14707465e-05
 5.78670442e-05 3.30467228e-05 6.75333067e-05 9.20854800e-05
 6.24350432e-05 6.22640000e-05 4.93929547e-05 8.28200136e-05
 4.61894706e-05 2.20287020e-05 3.10892610e-05 5.62399691e-05
 2.16725039e-05 2.84620019e-05 3.01991477e-05 1.47679029e-05
 1.77115999e-05 2.80367458e-05 2.78422722e-05 1.64453613e-05
 2.95119753e-05 2.13505991e-05 2.08026413e-05 1.66519476e-05
 2.64277678e-05 2.25964905e-05 2.70604432e-05 2.31474423e-05
 1.27232661e-05 1.14931654e-05 1.14139220e-05 1.23954005e-05
 8.75042224e-06 8.36494655e-06 1.12365715e-05 9.53142808e-06
 7.69844064e-06 1.18588259e-05 1.32935065e-05 8.63538025e-06
 1.33786407e-05 9.20817911e-06 1.81652777e-05 1.91830204e-05
 8.72428427e-06 9.78825483e-06 2.57128868e-05 5.28691780e-05
 2.06848035e-05 1.49105535e-05 2.65087729e-05 2.96159415e-05
 9.66173866e-06 1.06257567e-05 2.08588954e-05 2.90004846e-05
 5.43180468e-05 2.10109774e-05 1.48699446e-05 1.43143361e-05
 5.22972914e-06 8.33224658e-06 5.74471915e-06 8.20909190e-06
 3.43646479e-06 2.86411591e-06 2.65410267e-06 5.79712514e-06
 3.89797833e-06 4.93115613e-06 4.57899341e-06 4.73500086e-06
 2.97952010e-06 3.13148826e-06 5.31564910e-06 1.40405245e-06
 2.23236157e-06 2.95920768e-06 3.95188863e-06 1.46919467e-06
 2.21684195e-06 2.72591205e-06 4.79573509e-06 5.89969159e-06
 3.54988333e-06 5.54590360e-06 9.44811927e-06 5.24712959e-06
 5.20567528e-06 2.75553066e-06 4.08187816e-06 5.74818841e-06
 4.50416564e-06 3.13807345e-06 5.52243773e-06 5.23081917e-06
 6.87859392e-06 2.99795647e-06 3.57870522e-06 1.96615133e-06
 3.22326923e-06 2.46264221e-06 3.12292559e-06 2.28346494e-06
 2.17197362e-06 1.82191832e-06 1.48864490e-06 1.48812421e-06
 2.21580581e-06 2.58666023e-06 2.21276787e-06 3.69951226e-06
 4.11479277e-06 2.08338679e-06 7.42011423e-07 5.70019495e-07]
[2.24116789e-07 4.73152483e-07 3.72174554e-07 9.08127959e-07
 3.99380127e-07 5.73946920e-07 9.07841525e-07 9.52138350e-07
 4.74988383e-07 4.06847761e-07 1.12233272e-06 9.43442956e-07
 8.32653029e-07 9.00046416e-07 1.65516497e-06 1.14711167e-06
 1.30238607e-06 1.69025407e-06 1.87318653e-06 1.54679174e-06
 1.80291954e-06 1.69240809e-06 3.36085691e-06 3.01935211e-06
 4.39791029e-06 4.59937337e-06 3.38592940e-06 2.96172584e-06
 2.91898687e-06 2.13155658e-06 3.37914639e-06 5.58063175e-06
 2.62470826e-06 3.63431536e-06 5.36405605e-06 6.16926263e-06
 3.59073601e-06 3.62085234e-06 2.88076467e-06 6.02470527e-06
 5.85917087e-06 7.27687029e-06 5.66024346e-06 7.87100998e-06
 8.33027025e-06 7.15179704e-06 1.98202852e-05 1.64972134e-05
 1.39452868e-05 1.38248515e-05 1.75025834e-05 1.65742531e-05
 1.11317813e-05 1.71945067e-05 3.39843755e-05 1.70650856e-05
 8.06089338e-06 8.56500174e-06 1.51117320e-05 1.33081749e-05
 1.54019417e-05 8.31405578e-06 9.80377717e-06 1.53881792e-05
 8.12086182e-06 4.93331891e-06 9.07365848e-06 2.40053923e-05
 8.82055701e-06 7.86875989e-06 9.27508427e-06 7.09577762e-06
 1.17964382e-05 8.62290381e-06 7.90462764e-06 1.01050973e-05
 1.17312584e-05 8.21037338e-06 2.25445765e-05 2.02465235e-05
 2.57443589e-05 2.05914603e-05 1.84398941e-05 2.40615682e-05
 1.82494168e-05 2.16945755e-05 2.06069672e-05 1.93898031e-05
 1.61241805e-05 1.17456575e-05 2.00539871e-05 2.99889361e-05
 2.58291548e-05 4.10844332e-05 4.87949583e-05 2.74580452e-05
 3.30971670e-05 5.02959156e-05 3.87127075e-05 7.02861216e-05
 5.49692304e-05 9.80534023e-05 3.50533192e-05 3.69795198e-05
 2.65434719e-05 2.21991886e-05 3.14877507e-05 1.94830700e-05
 3.58079888e-05 3.88159642e-05 6.93855400e-05 4.43937497e-05
 4.73058462e-05 1.07666536e-04 5.19240275e-05 7.99810441e-05
 4.45681617e-05 3.75260242e-05 2.37958739e-05 3.80901656e-05
 2.79324158e-05 1.48189647e-05 2.39304791e-05 1.86513116e-05
 1.38712712e-05 1.68226870e-05 2.22956933e-05 5.64435140e-05
 3.95518473e-05 2.16955468e-05 1.34518168e-05 2.85168953e-05
 3.22459309e-05 1.79479157e-05 3.22369488e-05 4.15041904e-05
 2.39695310e-05 1.54903537e-05 1.10001647e-05 1.02682998e-05
 1.13441301e-05 7.17838338e-06 8.30653426e-06 1.10816372e-05
 1.21369185e-05 1.29693208e-05 1.67076523e-05 1.36937097e-05
 2.92774203e-05 1.41020091e-05 1.66278278e-05 1.60732070e-05
 1.50139904e-05 9.69048142e-06 1.36962599e-05 3.78565710e-05
 1.59170777e-05 1.61635435e-05 2.62271515e-05 1.83758821e-05
 1.86135530e-05 1.64244266e-05 3.14601093e-05 2.25019958e-05
 6.27869595e-05 1.92624357e-05 1.55160378e-05 1.57722625e-05
 6.11947098e-06 8.96599886e-06 5.60304579e-06 6.20321907e-06
 3.71441888e-06 3.93812161e-06 4.29589863e-06 3.52045549e-06
 3.67829966e-06 3.88081889e-06 2.41361749e-06 2.53278131e-06
 2.64537448e-06 2.18286959e-06 1.96342648e-06 1.80119559e-06
 2.83130089e-06 2.20894958e-06 3.22543269e-06 1.93849405e-06
 2.63319293e-06 3.29316367e-06 4.24515656e-06 5.46775891e-06
 3.38878522e-06 4.61150148e-06 9.62810554e-06 7.17734065e-06
 5.53086284e-06 5.84293775e-06 5.22277560e-06 6.28401722e-06
 7.03404658e-06 3.21805851e-06 6.72253236e-06 5.88586772e-06
 1.50640165e-06 4.62416574e-06 5.50324012e-06 2.15411069e-06
 5.96875498e-06 4.20629476e-06 4.33445121e-06 3.42963790e-06
 1.35315622e-06 1.35110133e-06 2.42329770e-06 2.79162487e-06
 2.38149846e-06 1.60722072e-06 1.82722158e-06 3.51606991e-06
 3.37007191e-06 1.52334405e-06 6.62644254e-07 5.28605995e-07]
[4.29655984e-07 5.30517070e-07 4.28438256e-07 6.09015331e-07
 4.78328559e-07 3.21402808e-07 3.75346758e-07 6.36110769e-07
 4.76566953e-07 5.08862456e-07 5.66950860e-07 5.52243932e-07
 1.11422571e-06 5.48139440e-07 9.62598392e-07 7.29686860e-07
 1.11986662e-06 1.06184189e-06 1.54988300e-06 1.18126547e-06
 1.91122967e-06 1.94851850e-06 3.80405277e-06 4.53520806e-06
 4.02672458e-06 6.25121675e-06 2.35860580e-06 4.35650736e-06
 2.81496182e-06 1.46143213e-06 2.06389336e-06 3.06663492e-06
 2.31833542e-06 3.02846979e-06 2.82851829e-06 2.51365714e-06
 2.56444787e-06 3.78790537e-06 5.02637022e-06 3.43777742e-06
 4.13674798e-06 3.40696079e-06 3.59873502e-06 7.96116365e-06
 3.53976952e-06 3.14159934e-06 6.81238635e-06 8.01151327e-06
 6.39043947e-06 5.76543107e-06 1.20236364e-05 1.84928213e-05
 9.12424457e-06 7.18585716e-06 1.10478604e-05 1.36176022e-05
 8.67815379e-06 7.76662364e-06 1.13685965e-05 9.40536211e-06
 1.07378582e-05 4.67427890e-06 9.50494632e-06 1.57967679e-05
 7.78827507e-06 5.94321318e-06 1.43441539e-05 7.37965865e-06
 7.32033732e-06 6.20429864e-06 1.18969156e-05 1.14982440e-05
 8.46753574e-06 6.37976291e-06 8.13473434e-06 1.51786080e-05
 8.24640028e-06 8.77166440e-06 1.19919887e-05 9.21628362e-06
 2.98189752e-05 1.78074242e-05 2.46750515e-05 1.39121030e-05
 7.99912686e-06 1.19950128e-05 1.49253319e-05 1.34657867e-05
 1.14399672e-05 1.46918801e-05 2.34015170e-05 3.24472530e-05
 3.41997220e-05 2.34099043e-05 2.64672253e-05 3.51279123e-05
 2.93390694e-05 2.29083162e-05 4.67540194e-05 6.93249312e-05
 2.55558789e-05 6.01983083e-05 5.16510081e-05 2.78825410e-05
 2.76273258e-05 2.60579982e-05 4.07492080e-05 2.29569068e-05
 2.17363358e-05 3.41905943e-05 5.63007088e-05 4.21978366e-05
 3.85582498e-05 5.04021409e-05 4.05402425e-05 4.88423211e-05
 4.43008212e-05 2.65730268e-05 1.51287750e-05 2.38164430e-05
 1.93452215e-05 2.00510822e-05 1.42414619e-05 3.46131746e-05
 1.96958608e-05 4.41684097e-05 1.45933773e-05 1.97929330e-05
 2.24444175e-05 1.52165667e-05 2.06708883e-05 2.35874613e-05
 1.38738933e-05 1.18108692e-05 8.62753677e-06 1.42721956e-05
 1.98414273e-05 1.38560308e-05 1.12733205e-05 1.05957561e-05
 9.20147068e-06 6.67513086e-06 6.26497786e-06 1.14488603e-05
 7.37620758e-06 1.26178174e-05 2.05681481e-05 1.38067444e-05
 6.68959683e-06 1.29925202e-05 8.76473860e-06 8.97445625e-06
 6.33265654e-06 8.84330893e-06 1.31013176e-05 1.33791873e-05
 1.86458474e-05 9.87890508e-06 1.96666606e-05 1.90216615e-05
 1.41707833e-05 1.43764819e-05 2.40940662e-05 2.73198038e-05
 3.31807714e-05 9.69744087e-06 1.05946046e-05 7.71137638e-06
 5.67726829e-06 5.99606938e-06 3.41278451e-06 5.60969283e-06
 4.60955607e-06 3.22145775e-06 3.98019074e-06 3.38574114e-06
 5.16044020e-06 3.39133999e-06 2.54080396e-06 2.14370698e-06
 3.10038308e-06 1.72405635e-06 1.76923959e-06 2.45914475e-06
 2.51457800e-06 2.31202421e-06 3.68219912e-06 4.64467803e-06
 3.78070399e-06 2.59517856e-06 4.16696321e-06 3.13110945e-06
 5.28928967e-06 5.70047496e-06 1.10176252e-05 5.96920154e-06
 4.92614572e-06 2.72322382e-06 4.41962266e-06 3.17613853e-06
 3.75086893e-06 2.75299976e-06 5.10048221e-06 4.29310830e-06
 3.74568003e-06 2.35688390e-06 2.14950660e-06 1.74996842e-06
 2.57659599e-06 2.71211502e-06 4.00300314e-06 3.48762933e-06
 4.82557016e-06 1.44776629e-06 1.39484291e-06 1.66217751e-06
 1.56247768e-06 8.10545941e-07 1.55798932e-06 1.78285507e-06
 1.92892162e-06 8.06442756e-07 1.08275628e-06 7.87248155e-07]
[2.57821540e-07 2.40694646e-07 3.56952427e-07 3.90110671e-07
 3.43118387e-07 3.95961820e-07 4.06289104e-07 6.21638151e-07
 1.29794842e-06 9.31916645e-07 6.17704700e-07 9.20372713e-07
 1.15226374e-06 3.56021332e-07 6.95724339e-07 9.36759307e-07
 1.15970909e-06 1.25471229e-06 1.32893922e-06 1.89337334e-06
 1.58122418e-06 1.72784405e-06 1.97002805e-06 2.67919972e-06
 1.91872937e-06 2.27238229e-06 3.85816065e-06 2.28362933e-06
 1.88835145e-06 2.02217598e-06 1.38786163e-06 1.15146338e-06
 2.08743313e-06 1.93193250e-06 1.94787003e-06 4.41910970e-06
 1.99887904e-06 1.77954644e-06 2.63352922e-06 3.16357637e-06
 7.09140659e-06 4.41887323e-06 5.53097243e-06 7.38128801e-06
 5.90631453e-06 3.85828343e-06 6.63202445e-06 8.56554743e-06
 7.63146818e-06 9.47422905e-06 1.57413997e-05 7.34595596e-06
 1.30066619e-05 1.15989815e-05 8.29944111e-06 7.44551107e-06
 1.14821742e-05 1.92542775e-05 1.12352727e-05 6.19287448e-06
 7.80657047e-06 6.18314016e-06 7.61318233e-06 9.73563965e-06
 7.60655303e-06 6.41656516e-06 5.21061520e-06 7.94557673e-06
 5.73447551e-06 5.19329797e-06 5.62993728e-06 1.24258768e-05
 6.15509680e-06 4.41871362e-06 6.85173518e-06 7.27364977e-06
 5.42006046e-06 8.30473073e-06 6.77030630e-06 6.13722432e-06
 8.20415971e-06 1.48343888e-05 1.71956508e-05 1.22414394e-05
 1.31895140e-05 1.25885153e-05 2.36391588e-05 2.51780239e-05
 1.30633007e-05 1.54103473e-05 2.46076179e-05 2.54734041e-05
 2.20602251e-05 1.42932668e-05 3.04079931e-05 3.83146507e-05
 2.69472312e-05 2.48240249e-05 2.56785788e-05 5.39051543e-05
 4.80564886e-05 5.90611744e-05 5.29619756e-05 3.96884243e-05
 3.46046618e-05 4.05613209e-05 2.24812538e-05 2.53495291e-05
 1.99973856e-05 2.88085484e-05 2.89651598e-05 3.89365268e-05
 3.50830342e-05 3.42990279e-05 3.19414867e-05 2.86935483e-05
 2.56624826e-05 1.92452299e-05 2.89586042e-05 2.59840508e-05
 1.39559079e-05 2.26529246e-05 3.41149025e-05 1.96240817e-05
 1.92453499e-05 2.18710356e-05 1.56311635e-05 1.58451003e-05
 1.25808801e-05 1.36912704e-05 1.74727957e-05 1.97563095e-05
 9.23660173e-06 2.18661589e-05 2.38929915e-05 1.90538613e-05
 9.57896100e-06 1.00018096e-05 6.27299050e-06 8.81655524e-06
 9.08715083e-06 4.54304245e-06 8.29755390e-06 8.81142842e-06
 9.63087859e-06 8.01239094e-06 1.00479110e-05 5.11314875e-06
 3.68206497e-06 5.19670584e-06 6.17989781e-06 9.68894437e-06
 1.45091426e-05 1.48885038e-05 1.85571571e-05 1.67000326e-05
 2.23893676e-05 2.54292263e-05 2.28040026e-05 2.66420666e-05
 1.89507009e-05 1.73691824e-05 1.96912897e-05 1.90654137e-05
 1.56473598e-05 2.35927309e-05 1.31314009e-05 6.91133255e-06
 9.28530153e-06 5.33091270e-06 9.95475239e-06 7.60341891e-06
 1.11492554e-05 3.84521854e-06 2.91378183e-06 2.97015936e-06
 3.59258661e-06 2.32663115e-06 2.08353526e-06 2.63133984e-06
 1.87398780e-06 2.67516384e-06 2.37310928e-06 2.73828277e-06
 2.52429913e-06 4.42445571e-06 3.52452025e-06 4.19438584e-06
 2.82162478e-06 2.57780744e-06 3.61458933e-06 3.69808436e-06
 1.03323573e-05 3.48598473e-06 8.85242025e-06 6.64215804e-06
 5.13207169e-06 3.99673263e-06 3.79867743e-06 3.85421299e-06
 3.20456752e-06 2.93519292e-06 3.26136592e-06 4.75566776e-06
 4.93265861e-06 4.54398241e-06 4.53727671e-06 1.36110805e-06
 1.52036989e-06 2.34531763e-06 3.38511768e-06 3.75316517e-06
 5.82876055e-06 2.12840587e-06 1.45369438e-06 4.93831749e-06
 2.93429298e-06 1.71701561e-06 1.18960838e-06 2.33133028e-06
 1.17146021e-06 1.94143331e-06 1.31524928e-06 7.76618435e-07]
[1.73662144e-07 2.52712454e-07 5.40370536e-07 5.26295935e-07
 3.93863843e-07 3.58084236e-07 7.61833178e-07 5.97362316e-07
 5.89903777e-07 5.51390201e-07 8.83382029e-07 2.34949312e-06
 7.88211992e-07 6.40927283e-07 6.54017015e-07 8.32778369e-07
 1.13525482e-06 1.20309994e-06 1.62846652e-06 1.74525394e-06
 1.45656475e-06 3.58304419e-06 3.83979068e-06 5.26326448e-06
 2.99848102e-06 3.30309672e-06 5.08009953e-06 2.98986652e-06
 1.83416626e-06 1.76803644e-06 2.78063840e-06 3.05192339e-06
 3.24842790e-06 2.66523580e-06 6.35485594e-06 4.12784038e-06
 4.07782909e-06 2.69599673e-06 4.83698977e-06 4.60619367e-06
 5.89773117e-06 1.07127535e-05 1.35312548e-05 1.15049706e-05
 5.69137592e-06 5.51548374e-06 1.01300038e-05 9.70275232e-06
 5.15294369e-06 1.58440635e-05 1.27399117e-05 1.30291628e-05
 9.80324967e-06 9.05498018e-06 1.70778239e-05 1.09371067e-05
 9.34808031e-06 7.92155970e-06 1.07759843e-05 2.01004095e-05
 8.48208947e-06 5.15993133e-06 1.20714694e-05 9.62879767e-06
 1.16971059e-05 9.47944136e-06 1.00843927e-05 1.41362043e-05
 8.25293682e-06 8.22719267e-06 8.20981950e-06 1.03949378e-05
 4.08041114e-06 5.63398180e-06 2.39768488e-05 8.77292314e-06
 1.59016035e-05 7.17679859e-06 7.98738711e-06 6.91592504e-06
 1.02263812e-05 1.23485561e-05 1.90145547e-05 1.67686030e-05
 1.39433532e-05 1.39554149e-05 1.56187925e-05 1.48853142e-05
 1.60116851e-05 2.75438069e-05 3.17010090e-05 2.34786767e-05
 4.73762775e-05 2.17468641e-05 4.79278788e-05 3.99657511e-05
 3.99049059e-05 2.96503258e-05 7.20465323e-05 3.27825983e-05
 5.81627282e-05 2.34158342e-05 5.50683362e-05 4.00759418e-05
 4.81755269e-05 3.25692345e-05 3.76808857e-05 3.10276591e-05
 4.18418822e-05 2.64624050e-05 7.90282284e-05 5.48613898e-05
 4.46996892e-05 2.05539927e-05 4.29585489e-05 3.35148143e-05
 3.44358814e-05 3.82111139e-05 2.88475476e-05 4.79895061e-05
 2.11543356e-05 2.21856844e-05 2.95926602e-05 1.84547844e-05
 1.39360345e-05 1.75799669e-05 2.29662892e-05 2.99481399e-05
 2.21276623e-05 1.57780978e-05 1.46429011e-05 1.09210096e-05
 2.74181930e-05 2.34416821e-05 1.88777522e-05 4.58764152e-05
 1.74854886e-05 1.08352660e-05 5.13934538e-06 1.17336285e-05
 1.15370349e-05 7.25396376e-06 8.40752637e-06 1.26995865e-05
 8.20290734e-06 1.16738802e-05 1.53544879e-05 1.06129983e-05
 1.26629302e-05 8.89143121e-06 1.01532305e-05 1.06158122e-05
 9.74010254e-06 8.51766981e-06 2.21581358e-05 1.85714725e-05
 2.51876863e-05 2.35759071e-05 1.10698093e-05 2.23401730e-05
 2.24147643e-05 1.88506601e-05 3.42658204e-05 1.76030771e-05
 1.44109690e-05 1.70787462e-05 1.70478870e-05 2.28576246e-05
 1.19212491e-05 6.03239687e-06 6.04945535e-06 5.22334449e-06
 6.24149061e-06 4.36206801e-06 7.46178057e-06 6.68179064e-06
 4.04248794e-06 4.71384828e-06 9.40086738e-06 1.23792488e-05
 2.80743825e-06 4.00812951e-06 3.19788091e-06 4.18555874e-06
 1.87219302e-06 1.66394329e-06 1.89725597e-06 3.17690751e-06
 4.29396641e-06 2.61073978e-06 4.62805519e-06 4.09023642e-06
 5.96126620e-06 4.32408615e-06 7.48424600e-06 5.79469452e-06
 5.14613339e-06 9.02927877e-06 8.64547292e-06 6.73189197e-06
 5.38456152e-06 6.09386188e-06 7.59767136e-06 5.50559207e-06
 8.91368290e-06 3.75716263e-06 4.74899525e-06 2.24339533e-06
 2.94802817e-06 1.60454908e-06 2.89653894e-06 1.37886036e-06
 3.19213518e-06 2.57914144e-06 3.27041266e-06 3.87576574e-06
 1.46741058e-06 2.14684860e-06 1.96044971e-06 2.29596776e-06
 2.05377478e-06 1.27086241e-06 1.36183144e-06 6.06858237e-07]
[2.95152631e-07 2.18449159e-07 5.44676197e-07 7.00607359e-07
 3.10775619e-07 2.60760373e-07 5.31685771e-07 6.49151843e-07
 5.76203604e-07 8.03711373e-07 9.78172352e-07 9.61361479e-07
 7.26574626e-07 7.78790366e-07 5.69973338e-07 1.33491767e-06
 7.67903487e-07 7.42119880e-07 1.20202515e-06 1.11450709e-06
 1.07062590e-06 3.69269401e-06 2.88530305e-06 3.53984274e-06
 3.29148611e-06 2.55859868e-06 3.74206843e-06 1.84863165e-06
 1.64008316e-06 2.70169744e-06 2.74834474e-06 3.03806223e-06
 3.84484383e-06 3.94702556e-06 5.12032784e-06 2.84422254e-06
 3.78224286e-06 3.00364263e-06 3.14734280e-06 6.24988888e-06
 4.03357217e-06 1.41482524e-05 9.02126976e-06 1.06906737e-05
 7.36657239e-06 6.61951572e-06 7.15873784e-06 1.60409218e-05
 1.67514900e-05 9.63751791e-06 1.28822039e-05 2.04733387e-05
 8.60387445e-06 8.22305537e-06 9.87219028e-06 1.00954176e-05
 1.14529976e-05 1.92451062e-05 1.40588354e-05 2.71834269e-05
 9.53483232e-06 4.79457094e-06 9.66324478e-06 1.23221944e-05
 1.12721145e-05 1.63183886e-05 1.47144920e-05 9.97311236e-06
 7.45622356e-06 8.35965784e-06 9.39871916e-06 9.50719277e-06
 8.41883138e-06 1.87795686e-05 1.06896841e-05 1.20083214e-05
 9.03267755e-06 7.73672946e-06 8.89199600e-06 9.94203310e-06
 1.07944261e-05 1.52885768e-05 7.63354547e-06 2.57975644e-05
 1.27684943e-05 1.89233706e-05 1.18937241e-05 1.93773285e-05
 3.82070502e-05 9.85284078e-06 2.37842341e-05 2.49011937e-05
 4.03188496e-05 2.40289683e-05 2.62038866e-05 3.85868079e-05
 2.74208196e-05 3.90642344e-05 3.41918822e-05 4.00126992e-05
 8.21491340e-05 5.14004823e-05 4.43341014e-05 7.49773390e-05
 3.54572803e-05 6.56016855e-05 3.31997908e-05 3.24373905e-05
 3.78409713e-05 1.88590857e-05 3.51307826e-05 5.65204100e-05
 2.62471731e-05 3.45858825e-05 3.45888911e-05 5.48142598e-05
 3.35868099e-05 3.09572024e-05 2.50219400e-05 4.32585475e-05
 2.04864646e-05 1.22759848e-05 1.91876879e-05 1.53982746e-05
 2.90835233e-05 2.06362110e-05 2.24358137e-05 3.89607594e-05
 1.76025296e-05 3.30639778e-05 2.42406222e-05 1.79353210e-05
 2.24833057e-05 2.90416574e-05 1.69829345e-05 3.20720283e-05
 2.70527689e-05 2.23531515e-05 1.39195372e-05 1.02222039e-05
 1.02148988e-05 8.89699459e-06 1.10277660e-05 2.97389252e-05
 8.76381455e-06 9.56686108e-06 7.51530524e-06 1.81311752e-05
 9.00832310e-06 1.16118281e-05 1.01456717e-05 2.15503369e-05
 8.20553487e-06 1.83025386e-05 2.78629686e-05 2.14681950e-05
 2.06968489e-05 1.63882396e-05 1.18458629e-05 2.47612788e-05
 2.01199164e-05 1.97636564e-05 2.34283852e-05 2.05391061e-05
 1.46974053e-05 7.54109215e-06 2.14596748e-05 1.83257198e-05
 1.29596483e-05 7.48437242e-06 4.14967189e-06 1.14167697e-05
 9.95220125e-06 4.79578330e-06 8.23834216e-06 2.09193513e-05
 8.07021206e-06 6.60010528e-06 1.04101682e-05 1.04749006e-05
 3.90330342e-06 8.42641839e-06 5.57503745e-06 2.91428228e-06
 4.32092111e-06 4.77015055e-06 3.75816558e-06 7.43774899e-06
 4.46981312e-06 5.15990496e-06 3.18581328e-06 3.28265264e-06
 2.34230756e-05 5.22631899e-06 8.64120830e-06 1.50816195e-05
 6.79418145e-06 5.15252759e-06 8.35785249e-06 8.16172815e-06
 7.72805743e-06 8.97260088e-06 9.02229749e-06 7.12912924e-06
 8.07297238e-06 5.68014593e-06 4.94672213e-06 5.67314419e-06
 4.76450987e-06 2.86408977e-06 3.17020658e-06 2.06285586e-06
 1.23539974e-06 1.74468005e-06 3.59247588e-06 2.53632675e-06
 2.68308645e-06 2.04006187e-06 1.77296340e-06 2.53470262e-06
 2.18938817e-06 2.62216395e-06 1.73790670e-06 1.87286571e-06]
[1.71991601e-07 4.21272489e-07 6.90375202e-07 2.91463380e-07
 2.44857262e-07 3.64517831e-07 4.91212347e-07 5.22545690e-07
 5.32735498e-07 4.86815168e-07 6.67086169e-07 1.02814943e-06
 5.61371280e-07 4.45148402e-07 7.47046499e-07 7.64734068e-07
 1.19568335e-06 6.47314494e-07 1.68099666e-06 2.14334818e-06
 1.65934898e-06 1.41182898e-06 2.17054480e-06 2.31057675e-06
 2.55038231e-06 3.01465593e-06 1.97534587e-06 1.93140318e-06
 1.21706751e-06 1.27990063e-06 1.24245105e-06 2.15172827e-06
 2.35456582e-06 3.10961991e-06 3.33124808e-06 2.18307741e-06
 4.67147811e-06 3.80551592e-06 5.94604899e-06 6.84132237e-06
 4.50094331e-06 6.06806361e-06 7.73625652e-06 1.60752115e-05
 6.89700028e-06 7.51172774e-06 1.41578239e-05 8.08259665e-06
 9.14671637e-06 6.20934043e-06 8.48840864e-06 9.86548821e-06
 5.44330032e-06 5.10567224e-06 5.52290658e-06 1.00663337e-05
 1.05653553e-05 7.70757924e-06 8.51141795e-06 8.34965249e-06
 6.74427611e-06 4.00829504e-06 1.31116512e-05 6.91286687e-06
 6.97060068e-06 5.40790052e-06 1.17622330e-05 2.12998002e-05
 6.91483001e-06 8.97681366e-06 9.16870613e-06 1.05079607e-05
 7.06599758e-06 6.82680229e-06 9.72873841e-06 1.21755775e-05
 5.37579263e-06 5.24813322e-06 1.00093275e-05 1.01660944e-05
 7.25270547e-06 2.12171599e-05 1.11907211e-05 7.79575566e-06
 1.48738727e-05 1.84271357e-05 1.49370271e-05 1.37901343e-05
 4.01240213e-05 1.96804922e-05 2.33521878e-05 2.79973228e-05
 3.48091671e-05 1.59193860e-05 3.24164102e-05 2.60666329e-05
 3.77346150e-05 4.46959348e-05 4.46726372e-05 4.94737324e-05
 5.35241161e-05 5.11447979e-05 6.64226463e-05 6.04879933e-05
 4.99080306e-05 5.46048977e-05 3.47355490e-05 3.95832030e-05
 7.21045944e-05 3.63084691e-05 8.06335374e-05 6.05180503e-05
 4.36117007e-05 4.45008372e-05 4.19589305e-05 4.04473394e-05
 3.04643690e-05 2.40914578e-05 2.15155942e-05 4.30428590e-05
 3.07784067e-05 2.09884220e-05 2.69485972e-05 2.94695110e-05
 3.14758472e-05 1.31152228e-05 1.38080459e-05 2.84355428e-05
 2.05055549e-05 1.75383520e-05 2.25543481e-05 2.51491820e-05
 1.36860326e-05 1.54760382e-05 1.52487237e-05 1.21781777e-05
 1.81841242e-05 3.16790502e-05 1.94580698e-05 1.31344159e-05
 1.05501858e-05 8.49922344e-06 2.79304641e-06 6.26646806e-06
 9.62589638e-06 5.56381383e-06 1.18041289e-05 1.07431561e-05
 6.21483059e-06 1.39792537e-05 1.62696524e-05 1.13793103e-05
 8.06205117e-06 8.04245701e-06 2.66557017e-05 1.64489447e-05
 1.59489900e-05 1.95682715e-05 1.67553026e-05 1.34474976e-05
 1.63829372e-05 1.84818819e-05 1.78736555e-05 1.03387511e-05
 1.74631277e-05 6.77348135e-06 7.21754668e-06 1.09950606e-05
 9.92880814e-06 9.35374828e-06 4.18749687e-06 6.56924203e-06
 5.69213262e-06 3.13447777e-06 6.74995363e-06 9.78767002e-06
 7.54183066e-06 4.41640668e-06 4.85813689e-06 2.63746074e-06
 1.87202522e-06 1.46523337e-06 5.42675480e-06 4.94456526e-06
 2.46589684e-06 2.93360358e-06 4.41800285e-06 7.13743930e-06
 3.77255833e-06 2.83688473e-06 5.85537964e-06 6.41914994e-06
 1.36330009e-05 8.61670378e-06 1.46254715e-05 9.90164608e-06
 7.20747494e-06 9.01327257e-06 6.77218350e-06 5.89568072e-06
 5.73631996e-06 7.28315717e-06 7.48926686e-06 7.41560734e-06
 7.09113237e-06 5.24814959e-06 2.49710092e-06 2.43521231e-06
 4.02641626e-06 2.67579981e-06 2.35296898e-06 2.16900207e-06
 8.95048061e-07 2.15849627e-06 2.16698186e-06 3.58147304e-06
 3.61889556e-06 2.48766969e-06 5.49121842e-06 2.35741845e-06
 3.15899638e-06 1.97709755e-06 1.38533460e-06 1.35363905e-06]
[1.43216099e-07 3.66091058e-07 6.97383030e-07 3.48473719e-07
 3.72024971e-07 4.18844138e-07 6.49964761e-07 6.24791653e-07
 3.51508419e-07 8.32479884e-07 7.04058778e-07 6.24519714e-07
 7.24798895e-07 4.61093464e-07 2.09044515e-06 1.67535075e-06
 1.96275937e-06 1.35387006e-06 1.90205640e-06 1.29625903e-06
 1.56826138e-06 1.84685052e-06 1.77600270e-06 1.63009042e-06
 2.65415406e-06 2.77562435e-06 2.00052023e-06 1.52590394e-06
 1.30342085e-06 1.93029678e-06 2.69242878e-06 2.79345818e-06
 2.82938890e-06 2.12614282e-06 2.44571038e-06 3.86367719e-06
 4.19048183e-06 3.90674904e-06 7.77577316e-06 6.22561720e-06
 6.33195441e-06 4.24147174e-06 8.68645202e-06 8.26954874e-06
 1.10135343e-05 4.76058221e-06 8.21320555e-06 5.93005961e-06
 9.92813057e-06 8.62212983e-06 1.00481475e-05 1.02375152e-05
 7.50363142e-06 4.57832357e-06 9.23941116e-06 9.26348184e-06
 9.04403350e-06 6.85111081e-06 7.95507003e-06 9.93151207e-06
 7.17093235e-06 3.89717616e-06 5.42706175e-06 6.52096742e-06
 6.31098237e-06 6.06249159e-06 1.14407239e-05 1.81497944e-05
 1.07863843e-05 8.68071220e-06 1.25258957e-05 1.89832026e-05
 1.10990122e-05 8.24331164e-06 1.06721300e-05 7.91923958e-06
 6.60304386e-06 5.18447496e-06 7.33754996e-06 1.22954780e-05
 7.37025630e-06 1.22671190e-05 1.02857566e-05 1.17561212e-05
 2.06763234e-05 1.14960958e-05 1.04097426e-05 1.98429225e-05
 1.18455691e-05 2.20161546e-05 3.51640738e-05 2.97631868e-05
 4.51618216e-05 2.96191338e-05 3.17515187e-05 5.23433737e-05
 2.90591997e-05 4.24623613e-05 3.10579635e-05 4.05927894e-05
 2.50322755e-05 4.21385739e-05 4.11096407e-05 2.00231243e-05
 2.67089781e-05 3.45190638e-05 4.09088570e-05 4.44043217e-05
 4.56247944e-05 3.48266294e-05 3.82732833e-05 2.06606201e-05
 3.11909607e-05 5.30540165e-05 5.09152414e-05 3.38417194e-05
 3.50879454e-05 2.29189118e-05 1.75342866e-05 2.89878863e-05
 3.29590257e-05 1.97884674e-05 1.57908689e-05 2.83697391e-05
 2.38999946e-05 1.94580207e-05 1.11390355e-05 2.10581766e-05
 2.35112529e-05 2.10051021e-05 1.87041369e-05 2.10196540e-05
 1.37840079e-05 6.05473679e-06 2.18596088e-05 1.79077888e-05
 1.52613356e-05 2.64748523e-05 1.52316616e-05 1.30020353e-05
 9.47172612e-06 1.24674343e-05 5.12719998e-06 1.37756078e-05
 6.78575680e-06 1.02110362e-05 1.86292982e-05 6.38151459e-06
 5.29046156e-06 8.67586186e-06 1.28989050e-05 2.16592689e-05
 9.69388293e-06 5.74910518e-06 1.42798599e-05 1.06854350e-05
 8.54064274e-06 1.06465159e-05 1.90438313e-05 1.84110522e-05
 1.17250775e-05 1.20388977e-05 1.37226825e-05 1.38973473e-05
 7.48967295e-06 1.38539153e-05 8.05646687e-06 6.49804133e-06
 5.94475250e-06 9.59206227e-06 9.97664938e-06 8.86884936e-06
 5.60305261e-06 6.00412704e-06 5.46738238e-06 9.70561905e-06
 7.07047911e-06 6.27184590e-06 2.18362834e-06 3.19772357e-06
 2.02648584e-06 1.48725519e-06 3.94403150e-06 2.89380728e-06
 3.59813316e-06 2.83308032e-06 4.80778135e-06 4.60514866e-06
 3.28127862e-06 4.84107613e-06 8.57918985e-06 8.34617367e-06
 2.46849904e-05 7.18116235e-06 1.04789797e-05 1.20834702e-05
 8.42025838e-06 6.91304604e-06 6.31927833e-06 9.65906383e-06
 9.12721589e-06 7.33813658e-06 7.43466398e-06 5.63533604e-06
 4.55639338e-06 9.15490364e-06 5.18213892e-06 2.58849195e-06
 3.76060325e-06 3.15356715e-06 3.73320950e-06 3.05016306e-06
 1.78305402e-06 2.20378661e-06 4.21544746e-06 3.97563690e-06
 4.49950630e-06 4.15598970e-06 2.71676981e-06 4.49850222e-06
 3.91011827e-06 2.65198992e-06 1.64068251e-06 1.91259255e-06]
[5.90421962e-07 7.16550460e-07 7.65932270e-07 8.35492756e-07
 7.75433648e-07 5.84931684e-07 8.13620602e-07 7.46240573e-07
 8.10770473e-07 4.96960752e-07 6.13734585e-07 7.98185113e-07
 6.77261653e-07 7.90223396e-07 1.66291522e-06 2.52751147e-06
 1.78865173e-06 1.15331829e-06 3.59539990e-06 1.51354141e-06
 1.20019274e-06 1.05167339e-06 2.57726492e-06 2.28453268e-06
 2.61120499e-06 1.99156784e-06 4.36098298e-06 1.95745793e-06
 2.58480964e-06 1.37790914e-06 3.49069728e-06 2.66481698e-06
 4.05194214e-06 3.77890751e-06 3.65414166e-06 7.83263022e-06
 4.72734246e-06 4.95618451e-06 1.05514273e-05 9.50576668e-06
 4.40701706e-06 8.12260896e-06 1.02407366e-05 9.80989444e-06
 8.66816390e-06 4.82318092e-06 7.96755739e-06 9.90368608e-06
 8.26059386e-06 8.62153593e-06 9.94965558e-06 6.69447172e-06
 8.49922708e-06 8.15636940e-06 1.13154347e-05 7.88452962e-06
 5.30578973e-06 7.61061301e-06 7.36457196e-06 1.07285741e-05
 5.37997903e-06 4.99859334e-06 4.83312988e-06 1.08157074e-05
 5.19607920e-06 1.41692872e-05 1.12287426e-05 1.78133687e-05
 1.16453784e-05 7.66105222e-06 1.49031830e-05 1.85839835e-05
 2.04682019e-05 1.20093791e-05 1.40553557e-05 7.52841379e-06
 9.60265425e-06 4.41995144e-06 9.68775112e-06 1.50869819e-05
 1.26593704e-05 8.79466916e-06 8.58950079e-06 1.23890641e-05
 1.50681653e-05 6.45394721e-06 1.44369906e-05 1.54788740e-05
 1.23662967e-05 1.92181978e-05 2.18189962e-05 2.06957102e-05
 2.81921584e-05 1.82163767e-05 3.28967544e-05 4.69288789e-05
 3.20668805e-05 4.24914761e-05 6.02414621e-05 2.79995966e-05
 3.07365735e-05 3.33990429e-05 2.67209052e-05 3.66277927e-05
 6.23417654e-05 1.10046203e-04 6.41718871e-05 4.71958447e-05
 6.85346531e-05 6.79419391e-05 7.59885370e-05 4.54759756e-05
 5.72571007e-05 4.99479174e-05 5.69395088e-05 6.29740534e-05
 6.50205984e-05 2.91162960e-05 3.68956426e-05 2.91169181e-05
 4.05360661e-05 2.70578093e-05 2.29225825e-05 1.47933461e-05
 2.47758362e-05 2.78501448e-05 1.75192126e-05 1.43052821e-05
 1.59128631e-05 1.61072276e-05 2.15815817e-05 7.56048030e-05
 2.52103709e-05 7.77715741e-06 1.82739950e-05 3.30804505e-05
 2.12783543e-05 1.51170170e-05 1.59670180e-05 1.73114950e-05
 1.01410160e-05 1.12529960e-05 1.46720931e-05 7.89536534e-06
 1.17449499e-05 1.57443519e-05 9.12027008e-06 8.82028235e-06
 1.47332330e-05 1.54608842e-05 1.27062913e-05 1.54354293e-05
 7.78595859e-06 1.09933717e-05 1.45757322e-05 1.62315828e-05
 9.82923757e-06 1.95705452e-05 2.17681136e-05 1.52418288e-05
 2.45698084e-05 1.13938613e-05 1.34944885e-05 1.85683402e-05
 1.68116476e-05 9.29007365e-06 1.09393004e-05 2.46204381e-05
 5.84375312e-06 8.55861344e-06 9.12912583e-06 8.70369422e-06
 2.84554403e-06 3.12194607e-06 7.67946131e-06 8.93973174e-06
 4.67938253e-06 5.21751872e-06 2.78587140e-06 4.87548141e-06
 2.50248354e-06 3.46246520e-06 3.94984181e-06 1.90662774e-06
 2.41529642e-06 2.21689697e-06 4.52647737e-06 6.66914320e-06
 8.80349126e-06 5.62345531e-06 5.27209113e-06 1.89246748e-05
 2.99163057e-05 6.98688609e-06 1.54694262e-05 1.89023831e-05
 5.36819016e-06 6.05886316e-06 1.13883698e-05 1.05114314e-05
 1.05368890e-05 1.27582061e-05 1.68464176e-05 8.40080065e-06
 6.78397510e-06 1.02273079e-05 9.10161816e-06 5.22424170e-06
 6.37374114e-06 2.99078602e-06 3.56805026e-06 4.12246527e-06
 4.00809267e-06 1.98626753e-06 2.07027074e-06 2.23406619e-06
 5.45010926e-06 3.58973853e-06 2.63245533e-06 2.59313856e-06
 3.04143418e-06 3.93630171e-06 1.69205543e-06 3.84064333e-06]
[4.18049893e-07 4.13317053e-07 7.83132407e-07 6.64654237e-07
 8.54476184e-07 5.85988687e-07 8.29023691e-07 1.16978151e-06
 6.81577603e-07 6.25249584e-07 1.02298179e-06 9.58318424e-07
 7.38353947e-07 1.10711449e-06 1.68895201e-06 2.08203414e-06
 2.29587636e-06 9.04725141e-07 9.58694159e-07 2.17438105e-06
 2.24143901e-06 2.54886186e-06 2.27207670e-06 5.00153646e-06
 2.25959434e-06 1.98032967e-06 3.85843668e-06 2.93987796e-06
 2.05321498e-06 2.30344085e-06 2.82169640e-06 6.18115746e-06
 4.08097367e-06 2.38071948e-06 3.53392420e-06 2.18003811e-06
 2.91822721e-06 3.68925134e-06 7.09625829e-06 4.27548002e-06
 6.87009424e-06 7.61601905e-06 9.67456072e-06 1.08012537e-05
 7.65707955e-06 9.14282737e-06 1.33526200e-05 9.00279974e-06
 6.23681672e-06 9.00465966e-06 9.11089683e-06 4.99925545e-06
 6.60184423e-06 6.33984064e-06 7.27903762e-06 6.32583760e-06
 7.89945170e-06 6.01856300e-06 1.06087728e-05 5.01225441e-06
 3.53753308e-06 5.67291727e-06 4.40202211e-06 9.15505825e-06
 7.31779664e-06 7.11382199e-06 7.83447558e-06 1.42397448e-05
 7.54360508e-06 7.62123273e-06 1.23795617e-05 2.16099961e-05
 1.80929328e-05 1.23877107e-05 2.56229341e-05 1.78271839e-05
 1.63780369e-05 7.61845740e-06 1.19687620e-05 8.02644809e-06
 7.41552867e-06 8.20480909e-06 1.15628864e-05 1.33302447e-05
 9.14941211e-06 1.28763895e-05 1.31128982e-05 2.59445642e-05
 1.72277305e-05 2.29300222e-05 2.37939366e-05 3.18762613e-05
 1.89745570e-05 1.86607995e-05 4.50315383e-05 2.92436434e-05
 3.26042791e-05 3.86084103e-05 3.53181495e-05 4.35743859e-05
 4.63754986e-05 2.80531440e-05 4.04717393e-05 5.09818783e-05
 9.36378710e-05 5.37679407e-05 3.78290461e-05 8.21457143e-05
 5.02620424e-05 5.18715060e-05 7.05901766e-05 6.69713481e-05
 3.98544908e-05 9.71917980e-05 3.76615244e-05 6.21595900e-05
 4.15209543e-05 3.45442349e-05 6.07974653e-05 7.19592281e-05
 2.06493878e-05 3.20471190e-05 2.28160006e-05 2.17262350e-05
 2.19927588e-05 1.87816986e-05 1.97500322e-05 2.87094244e-05
 1.45814593e-05 2.31080285e-05 2.78669449e-05 2.59165736e-05
 2.36791384e-05 2.02225583e-05 1.42132385e-05 5.60071894e-05
 2.68466774e-05 2.19304584e-05 6.93912034e-06 1.90320952e-05
 2.08818037e-05 1.18553626e-05 9.53308972e-06 1.48598328e-05
 1.65508391e-05 1.43366733e-05 1.60349427e-05 1.25959477e-05
 8.57515624e-06 5.96644941e-06 1.04006758e-05 1.82424646e-05
 8.27145686e-06 9.32275088e-06 1.86570196e-05 3.07778173e-05
 1.05076006e-05 1.32065043e-05 1.28277497e-05 1.89227812e-05
 2.63854836e-05 1.82816293e-05 1.25049146e-05 2.44332768e-05
 1.86383022e-05 1.53382898e-05 1.73073640e-05 1.59380961e-05
 1.26594314e-05 7.59208706e-06 6.59067291e-06 7.69151302e-06
 4.09539416e-06 3.18404659e-06 9.68283985e-06 5.05552407e-06
 4.74682702e-06 6.39566133e-06 7.86227520e-06 3.13076634e-06
 2.52293353e-06 2.62994104e-06 2.85003625e-06 3.96746600e-06
 2.75267189e-06 1.53647363e-06 3.93531582e-06 2.86738918e-06
 3.21581251e-06 9.76001411e-06 2.10904782e-05 1.10381588e-05
 5.38195991e-06 6.02424916e-06 1.40085758e-05 9.64987339e-06
 2.52871323e-05 1.77618058e-05 1.41723312e-05 1.61026564e-05
 1.53556193e-05 1.15313751e-05 3.06243055e-05 6.95632525e-06
 1.17254340e-05 1.21991898e-05 7.54535586e-06 5.47255468e-06
 3.31601473e-06 6.44888132e-06 7.11106804e-06 3.39201256e-06
 2.33411151e-06 3.95645611e-06 3.19481228e-06 5.18244678e-06
 3.01634191e-06 5.83172005e-06 5.38925997e-06 1.69527402e-06
 7.58298347e-06 6.24846007e-06 2.82747533e-06 3.23876816e-06]
[3.52300191e-07 4.82851590e-07 8.43143255e-07 6.90274589e-07
 6.40338101e-07 2.85328753e-07 3.11643475e-07 4.49856998e-07
 4.97496160e-07 4.53499780e-07 6.88167404e-07 7.71002021e-07
 3.81750510e-07 5.48191053e-07 6.48917364e-07 1.72156558e-06
 1.01503497e-06 8.68640427e-07 2.05088691e-06 1.91812501e-06
 1.35847347e-06 2.14507259e-06 2.61752575e-06 2.22411381e-06
 2.85925512e-06 1.92672633e-06 4.48259834e-06 1.96519113e-06
 1.62771664e-06 1.84206147e-06 2.40858913e-06 2.48889683e-06
 2.83767190e-06 2.50249900e-06 5.27383736e-06 2.47335061e-06
 1.84619239e-06 2.41471162e-06 1.68977988e-06 4.20067818e-06
 5.29292129e-06 7.82830466e-06 7.47267723e-06 7.98991005e-06
 5.29349518e-06 4.91763876e-06 7.80209302e-06 6.11511496e-06
 4.54743440e-06 4.84636030e-06 4.86183080e-06 4.90082039e-06
 3.73036596e-06 2.74906847e-06 4.99245971e-06 3.62341757e-06
 7.12075826e-06 3.93072378e-06 3.29521549e-06 5.25681799e-06
 3.63790309e-06 4.68247254e-06 4.96357234e-06 6.57177361e-06
 3.03117599e-06 6.45042337e-06 7.95113465e-06 1.38621572e-05
 1.00318466e-05 6.20960645e-06 8.58863041e-06 7.33972774e-06
 1.51766790e-05 1.51698050e-05 1.30484041e-05 8.42367717e-06
 1.46245393e-05 9.35054777e-06 9.21996161e-06 5.05194612e-06
 4.81495954e-06 5.33755383e-06 9.51224683e-06 1.43595717e-05
 8.88974773e-06 1.17007503e-05 1.64416397e-05 1.32883497e-05
 1.57742488e-05 1.19547758e-05 2.12360446e-05 1.34512229e-05
 1.52580587e-05 1.57123050e-05 1.82655858e-05 2.55086215e-05
 3.83076840e-05 2.18162113e-05 3.08414783e-05 2.49224922e-05
 1.74224406e-05 2.48326232e-05 4.95801069e-05 2.92393033e-05
 6.23946544e-05 4.75594898e-05 6.44400643e-05 3.14766585e-05
 3.83126353e-05 2.46165728e-05 3.93178743e-05 1.50005741e-04
 4.11692017e-05 3.40398110e-05 4.74965382e-05 4.02772421e-05
 4.96593675e-05 2.00394479e-05 3.23870663e-05 3.25474357e-05
 1.86027373e-05 3.00787706e-05 2.11981333e-05 2.59259741e-05
 1.09447201e-05 1.12474145e-05 1.64656740e-05 1.62523083e-05
 2.27037544e-05 1.33474141e-05 2.12993909e-05 1.54693407e-05
 1.37405686e-05 1.32147261e-05 2.07452322e-05 1.52372095e-05
 1.00776515e-05 2.10190174e-05 6.71799944e-06 1.22663141e-05
 1.50852547e-05 5.22294204e-06 1.64041940e-05 1.40750408e-05
 1.41415840e-05 1.40193051e-05 1.05567160e-05 6.65215885e-06
 1.03737957e-05 1.27459462e-05 1.50035075e-05 5.89167030e-06
 9.79192828e-06 1.29089158e-05 1.02753538e-05 1.11453764e-05
 1.44396081e-05 9.41426515e-06 8.78308492e-06 1.21303701e-05
 1.18675634e-05 1.43969437e-05 1.03595530e-05 1.40663387e-05
 1.86145571e-05 1.87251499e-05 1.53440706e-05 9.24474352e-06
 6.18519744e-06 9.42640781e-06 6.57841883e-06 6.99792872e-06
 5.15431702e-06 2.36969277e-06 3.74819115e-06 4.05630772e-06
 1.93991968e-06 2.89638956e-06 4.52572112e-06 3.72888576e-06
 2.21655841e-06 2.71356407e-06 4.12707914e-06 3.81461837e-06
 2.70236978e-06 2.16181888e-06 2.38424013e-06 2.87061175e-06
 2.23765346e-06 2.27702844e-06 3.57078170e-06 7.85386783e-06
 6.81253505e-06 8.82925087e-06 9.70801102e-06 1.19566430e-05
 3.16725163e-05 1.07730339e-05 8.53356869e-06 1.49117950e-05
 1.56178849e-05 1.64061184e-05 2.64116261e-05 3.04312471e-05
 9.14138127e-06 9.30443730e-06 1.11774234e-05 1.46369384e-05
 6.58710087e-06 4.95699169e-06 4.08410006e-06 4.23722940e-06
 2.57568013e-06 2.83693339e-06 3.83783799e-06 2.73468572e-06
 2.56874205e-06 3.49945640e-06 3.41449140e-06 5.61603383e-06
 2.10388839e-06 1.45643207e-06 1.20284005e-06 1.05290155e-06]
[3.17777449e-07 5.52543725e-07 6.61605725e-07 4.28384368e-07
 3.77077413e-07 3.91381036e-07 6.41247254e-07 4.68465572e-07
 4.84271311e-07 3.80552365e-07 9.65501954e-07 5.70471968e-07
 5.34195124e-07 1.02231195e-06 9.36788126e-07 1.42495753e-06
 9.12582266e-07 1.34717413e-06 2.11558859e-06 1.43187469e-06
 1.42767965e-06 1.64686026e-06 1.68625411e-06 1.43480668e-06
 1.85903355e-06 1.36297569e-06 1.84938710e-06 2.13413114e-06
 1.97289933e-06 2.13347471e-06 2.71311296e-06 2.95134919e-06
 2.92815434e-06 1.69571331e-06 2.32415164e-06 2.19609410e-06
 2.98921736e-06 1.85787906e-06 1.28885495e-06 2.60068805e-06
 1.70133478e-06 5.49410970e-06 9.90784156e-06 1.15156290e-05
 5.92045990e-06 4.49700701e-06 1.15810772e-05 5.71282726e-06
 5.10485688e-06 4.38284997e-06 5.78298568e-06 3.27325620e-06
 4.11973815e-06 3.40735642e-06 2.41955399e-06 3.53176733e-06
 3.47883474e-06 3.26998452e-06 3.37554661e-06 4.67475411e-06
 4.23767187e-06 9.97699044e-06 5.70285374e-06 1.10456458e-05
 3.00822762e-06 5.00420856e-06 4.44277657e-06 4.96122493e-06
 4.81932693e-06 5.69243412e-06 7.94433436e-06 1.92859097e-05
 1.18999878e-05 8.30043518e-06 9.29162525e-06 7.22996265e-06
 9.75535204e-06 1.57266222e-05 3.89900651e-06 7.61244382e-06
 6.03300623e-06 4.50366497e-06 7.01446334e-06 9.25116547e-06
 8.10622532e-06 1.06682373e-05 1.38250534e-05 8.42819645e-06
 1.43784846e-05 9.38120866e-06 1.09361790e-05 1.31146599e-05
 8.68324059e-06 2.01844705e-05 1.17564705e-05 2.46385516e-05
 2.24787091e-05 1.76843641e-05 1.47848086e-05 1.68489296e-05
 1.53361125e-05 4.62446660e-05 4.46553640e-05 5.67516836e-05
 3.21646839e-05 4.49182080e-05 9.69950925e-05 6.05737587e-05
 4.66219317e-05 2.61670739e-05 4.24939608e-05 5.50093973e-05
 4.15467111e-05 5.66885901e-05 7.14588023e-05 4.63239703e-05
 2.66860516e-05 2.11119568e-05 2.59312455e-05 1.90585488e-05
 1.86745328e-05 1.82715357e-05 1.47925521e-05 2.32790844e-05
 1.78410610e-05 1.23601894e-05 1.71842275e-05 2.92397381e-05
 1.62223641e-05 1.15418079e-05 1.29542886e-05 1.49232883e-05
 1.58510647e-05 1.23846621e-05 2.02836254e-05 8.61016179e-06
 1.93187079e-05 1.47741912e-05 9.76723459e-06 1.63791792e-05
 6.64945719e-06 1.72630025e-05 2.49052882e-05 1.39704316e-05
 6.22856396e-06 7.42007933e-06 9.09545724e-06 8.13114457e-06
 9.91368233e-06 5.82427811e-06 4.09460154e-06 1.11229920e-05
 6.14515784e-06 5.13429359e-06 6.71650514e-06 1.26310142e-05
 7.70483621e-06 1.27897010e-05 9.75170678e-06 2.23183160e-05
 1.66225145e-05 2.09730260e-05 1.57815157e-05 1.13892029e-05
 1.33085969e-05 2.70538967e-05 1.05797199e-05 7.85216162e-06
 7.99926693e-06 4.75941852e-06 4.69903307e-06 9.15996316e-06
 3.21725497e-06 5.42430416e-06 4.74216904e-06 4.12004101e-06
 4.79084974e-06 4.06238769e-06 4.15372233e-06 2.67858763e-06
 3.94892822e-06 2.23204711e-06 1.41430803e-06 3.41376108e-06
 2.24854671e-06 4.11496103e-06 4.58044951e-06 9.19214381e-06
 1.72178916e-05 7.22258619e-06 6.44416514e-06 7.85822976e-06
 6.92736830e-06 7.53870518e-06 1.14130780e-05 9.36602100e-06
 9.87391377e-06 1.43393690e-05 2.35279240e-05 2.17552824e-05
 1.35102282e-05 1.21436724e-05 8.07676861e-06 1.74825691e-05
 7.46368050e-06 3.41786995e-06 4.36527444e-06 7.76916204e-06
 3.74459364e-06 4.58133445e-06 6.08810524e-06 5.78640402e-06
 3.39548387e-06 2.81471148e-06 4.72847569e-06 3.31747174e-06
 2.23041638e-06 1.29064119e-06 4.65703852e-06 3.67109283e-06
 2.33688570e-06 2.77462891e-06 5.67843642e-07 3.92379860e-07]
[3.93957038e-07 6.05014066e-07 9.43529585e-07 1.01125966e-06
 9.57393013e-07 5.99467342e-07 6.51011305e-07 1.08749964e-06
 6.86717385e-07 8.83653229e-07 1.32756884e-06 5.51732739e-07
 1.01236731e-06 7.79010463e-07 1.18310527e-06 1.71438353e-06
 1.14286274e-06 1.24192456e-06 1.55166890e-06 1.47721278e-06
 2.36183428e-06 2.71782847e-06 2.75913840e-06 1.98303314e-06
 2.53506801e-06 1.95735493e-06 5.16151658e-06 2.37443214e-06
 1.99263491e-06 2.74068702e-06 3.67282519e-06 3.66351583e-06
 3.82727603e-06 3.55156567e-06 3.39610483e-06 5.90436684e-06
 3.74800675e-06 4.46405465e-06 4.89969034e-06 2.92146819e-06
 8.98787493e-06 5.08253743e-06 1.11613626e-05 5.82950315e-06
 5.88812918e-06 5.07695722e-06 5.44393652e-06 9.50315825e-06
 6.20962055e-06 4.63752394e-06 6.48585365e-06 5.26273607e-06
 4.62373191e-06 2.98389023e-06 7.10249378e-06 5.13480336e-06
 4.47585035e-06 3.43220404e-06 4.02196656e-06 2.50669541e-06
 4.78748416e-06 4.60367255e-06 6.29054011e-06 4.21584764e-06
 5.03519414e-06 5.13483565e-06 4.71168414e-06 5.58800866e-06
 5.28437658e-06 9.19779723e-06 1.06241241e-05 1.32674750e-05
 8.10047641e-06 1.23971622e-05 1.22478405e-05 3.13785749e-05
 5.11749931e-06 1.61485223e-05 4.98095142e-06 1.02089189e-05
 5.95372740e-06 6.95391327e-06 1.10591964e-05 7.48422144e-06
 9.40031168e-06 6.92088543e-06 1.67687831e-05 2.30157984e-05
 1.35103292e-05 1.71152988e-05 1.48388053e-05 2.17078214e-05
 1.43030093e-05 1.03181546e-05 2.21328173e-05 2.27565706e-05
 2.08293986e-05 2.30162168e-05 2.39125238e-05 3.07296978e-05
 1.60070795e-05 2.18543701e-05 6.78538854e-05 2.68104395e-05
 4.59754556e-05 4.79350565e-05 1.18824602e-04 8.40817811e-05
 3.30629518e-05 4.64175828e-05 7.86299497e-05 5.57894236e-05
 6.48138739e-05 4.63879369e-05 7.05790080e-05 7.41847034e-05
 2.54897659e-05 2.72327452e-05 5.56731720e-05 2.29715424e-05
 2.93409248e-05 3.02231856e-05 2.47199223e-05 2.99916483e-05
 2.17079578e-05 1.28505626e-05 2.64770661e-05 3.27698617e-05
 2.09986192e-05 2.07299581e-05 1.31599836e-05 1.49386424e-05
 1.06467824e-05 1.50355418e-05 1.26400655e-05 1.64655121e-05
 1.93468641e-05 1.32586720e-05 1.27157655e-05 1.26330169e-05
 8.67895051e-06 1.43487996e-05 9.11612278e-06 1.05500030e-05
 6.48768810e-06 1.03842895e-05 1.25633132e-05 1.07751976e-05
 1.29765567e-05 1.32241521e-05 1.03352904e-05 2.84872422e-05
 6.90654042e-06 1.73918943e-05 1.89031689e-05 1.80508869e-05
 1.04020510e-05 5.81899485e-06 3.55594821e-05 3.06932670e-05
 1.74896395e-05 1.08724998e-05 2.10777362e-05 1.45649310e-05
 1.74183369e-05 1.13534516e-05 1.26552577e-05 1.91682648e-05
 1.27730536e-05 5.46502997e-06 1.00515481e-05 3.28123247e-06
 3.02660760e-06 3.57999284e-06 5.22763730e-06 3.71981309e-06
 2.63826973e-06 4.04888897e-06 3.67456960e-06 2.61243235e-06
 3.80452707e-06 2.04666298e-06 2.79329925e-06 3.45403191e-06
 3.20150957e-06 2.15235082e-06 2.40289501e-06 2.08066558e-06
 3.60830950e-06 2.42235092e-06 4.28542671e-06 6.62747198e-06
 4.75794832e-06 3.94476092e-06 9.47949593e-06 1.11345571e-05
 7.65661662e-06 6.66732740e-06 1.44459073e-05 8.38399228e-06
 2.14416705e-05 1.29489299e-05 1.18708849e-05 1.67939797e-05
 7.00250030e-06 1.07856386e-05 7.19628997e-06 6.71935049e-06
 5.33589400e-06 2.34758909e-06 2.55168311e-06 4.04293996e-06
 4.70472878e-06 2.20501011e-06 2.86925001e-06 1.97931081e-06
 3.19723222e-06 6.65048492e-06 4.12502959e-06 3.20540062e-06
 2.49913205e-06 1.96591941e-06 1.35806204e-06 1.88105241e-06]
[4.34993666e-07 8.11453276e-07 1.35882931e-06 5.61828358e-07
 4.80882989e-07 8.18928356e-07 5.77315291e-07 2.13770886e-06
 5.97696953e-07 8.03939201e-07 7.64848153e-07 5.64380116e-07
 1.18857622e-06 1.03158675e-06 9.33655258e-07 1.99567216e-06
 1.60984166e-06 2.06237610e-06 2.29263105e-06 1.95970460e-06
 1.92599509e-06 1.80477400e-06 3.28446345e-06 2.91869060e-06
 2.61007358e-06 3.60137187e-06 3.98597513e-06 3.78220557e-06
 2.63168317e-06 3.63446884e-06 4.70504301e-06 3.13721898e-06
 2.79745768e-06 5.13353734e-06 5.59732280e-06 5.46363071e-06
 6.96552752e-06 5.16661748e-06 3.64381071e-06 4.52494032e-06
 9.06792502e-06 3.87365026e-06 4.38480993e-06 6.75832098e-06
 5.87791874e-06 2.88894012e-06 4.55096097e-06 8.02606701e-06
 7.56106465e-06 6.05647620e-06 6.03739181e-06 6.27823647e-06
 4.60908495e-06 1.02434269e-05 8.43979797e-06 5.68934547e-06
 5.50566438e-06 5.58998181e-06 7.68420159e-06 3.09617531e-06
 5.01766908e-06 5.16794489e-06 6.05304012e-06 5.13301529e-06
 3.82827693e-06 5.31011710e-06 7.69455892e-06 1.01603518e-05
 5.54060580e-06 5.68585892e-06 1.13683682e-05 1.31942434e-05
 1.15049952e-05 8.38350752e-06 2.31240119e-05 6.06356662e-06
 4.26076986e-06 7.73017837e-06 9.68843324e-06 1.20885270e-05
 8.01636997e-06 9.12483756e-06 1.11886366e-05 1.29670507e-05
 2.29968300e-05 1.99157730e-05 7.31452792e-06 2.01332459e-05
 1.38752830e-05 1.11230502e-05 1.73344888e-05 2.24702580e-05
 1.29215769e-05 1.50555616e-05 1.60530308e-05 2.39696365e-05
 2.63157472e-05 2.56765870e-05 3.22905507e-05 3.35594414e-05
 2.04534354e-05 2.54252063e-05 4.68078251e-05 3.79683952e-05
 4.86553508e-05 4.24536738e-05 9.73091592e-05 8.42592490e-05
 7.40081960e-05 5.69523545e-05 5.66402050e-05 7.61620977e-05
 6.16280595e-05 1.29798587e-04 5.44998802e-05 3.58708385e-05
 5.05247008e-05 3.82732796e-05 3.53325704e-05 8.06312746e-05
 4.03450904e-05 2.27523615e-05 2.27839391e-05 2.62831109e-05
 2.64308746e-05 2.25675994e-05 3.27766829e-05 2.67242140e-05
 3.78783261e-05 3.86151369e-05 2.05504639e-05 1.82722306e-05
 1.51006052e-05 9.69346092e-06 1.40228849e-05 2.39229103e-05
 1.95894809e-05 1.15963403e-05 9.97010920e-06 1.23457748e-05
 1.10288311e-05 9.02429292e-06 8.13124734e-06 1.51483873e-05
 6.92690128e-06 8.70816166e-06 1.25866491e-05 1.58653093e-05
 1.41838691e-05 7.54996290e-06 1.27195026e-05 1.18216658e-05
 1.66344671e-05 1.06120715e-05 1.12974658e-05 2.63514958e-05
 1.77654747e-05 7.42898965e-06 1.63322493e-05 2.17688266e-05
 1.41598694e-05 1.28656293e-05 2.74938047e-05 3.68371730e-05
 1.91783911e-05 1.04626406e-05 1.21831108e-05 6.58661338e-06
 8.20045261e-06 4.57745182e-06 6.94032542e-06 4.39720725e-06
 4.11073734e-06 5.52862321e-06 5.27517477e-06 3.93514802e-06
 2.90124331e-06 4.47385719e-06 4.33319610e-06 3.08895619e-06
 4.46881677e-06 2.86405066e-06 1.80697270e-06 5.44300565e-06
 5.67976940e-06 3.15485136e-06 2.73165074e-06 5.09357733e-06
 1.56560600e-06 1.34652328e-06 5.20721233e-06 5.09038910e-06
 4.37905192e-06 1.05947429e-05 5.02688818e-06 8.28974134e-06
 5.61750494e-06 9.90046738e-06 8.37187599e-06 8.29351120e-06
 8.63324294e-06 1.37323923e-05 5.57988096e-06 9.01343901e-06
 1.33226104e-05 6.32346064e-06 4.28210114e-06 6.25626262e-06
 3.20589493e-06 3.78401296e-06 8.71923203e-06 9.63305320e-06
 5.78080108e-06 3.56963028e-06 3.09238499e-06 3.90675496e-06
 3.60158083e-06 3.83933912e-06 2.39150359e-06 2.24104565e-06
 3.73226499e-06 1.89887521e-06 1.41402086e-06 1.03746640e-06]
[4.64443559e-07 8.82253516e-07 9.01176918e-07 5.59991520e-07
 5.78353365e-07 5.31031731e-07 7.46536443e-07 1.34207949e-06
 7.88396790e-07 5.90804859e-07 6.84006807e-07 1.04712046e-06
 6.95480310e-07 7.34518380e-07 1.00477746e-06 1.82528868e-06
 1.47840194e-06 1.95009193e-06 2.17305183e-06 1.78852895e-06
 1.50373478e-06 1.28862064e-06 2.39749920e-06 2.96848589e-06
 1.93096594e-06 2.47110097e-06 4.32646311e-06 2.90580533e-06
 2.09144764e-06 2.01514922e-06 4.02782825e-06 8.08608183e-06
 5.25449423e-06 4.11442261e-06 4.53098937e-06 4.67417294e-06
 3.31206707e-06 3.07686673e-06 3.79967992e-06 3.26019813e-06
 5.62197283e-06 5.36383232e-06 5.81917266e-06 2.59527405e-06
 3.68031306e-06 3.60118497e-06 6.08160008e-06 5.46621186e-06
 3.78509253e-06 5.49234528e-06 8.77605271e-06 6.86388012e-06
 3.74704518e-06 2.02025603e-06 5.20569529e-06 6.06095273e-06
 5.50638697e-06 3.66738209e-06 3.46272282e-06 3.74972387e-06
 3.18433763e-06 4.09537051e-06 6.20286301e-06 1.22953134e-05
 8.74028137e-06 6.72783108e-06 6.30600880e-06 4.90821139e-06
 9.93265257e-06 7.01397448e-06 1.34551692e-05 2.54950064e-05
 7.44226418e-06 7.50484242e-06 1.25288980e-05 6.19381535e-06
 4.96639814e-06 4.76864943e-06 1.08204213e-05 9.11167717e-06
 7.38762583e-06 4.63981041e-06 6.41729048e-06 1.16187284e-05
 7.64038214e-06 2.01519615e-05 9.99232452e-06 9.91110846e-06
 1.00427060e-05 9.72244561e-06 7.08602192e-06 1.49478219e-05
 1.21189141e-05 1.06536418e-05 1.32687164e-05 1.21823068e-05
 2.23409152e-05 1.37225643e-05 3.32273739e-05 4.32998459e-05
 2.01436414e-05 1.94238710e-05 5.60297631e-05 3.73819166e-05
 4.27774212e-05 3.20444851e-05 1.03573293e-04 4.78888869e-05
 3.56422497e-05 8.89749572e-05 3.96858304e-05 1.02513739e-04
 1.01648235e-04 8.37466141e-05 1.44418329e-04 5.07889672e-05
 4.25975486e-05 2.08147558e-05 2.50070534e-05 3.58280122e-05
 2.74222057e-05 1.40453558e-05 3.11910881e-05 2.72688576e-05
 3.30901712e-05 1.78859464e-05 2.11531824e-05 1.87612332e-05
 2.72479956e-05 1.85278132e-05 3.30738476e-05 2.62892190e-05
 9.52504070e-06 5.14088288e-06 1.60777818e-05 2.29291836e-05
 1.05747995e-05 6.43235171e-06 6.14592636e-06 1.27411322e-05
 7.30881902e-06 8.43088856e-06 8.49046955e-06 8.41068959e-06
 7.52525511e-06 1.66092468e-05 1.86972611e-05 1.92784155e-05
 1.25314255e-05 7.96464610e-06 1.47507608e-05 2.79542892e-05
 1.16759329e-05 9.69641678e-06 1.68985734e-05 1.21383782e-05
 1.02294725e-05 1.27352077e-05 1.44016130e-05 2.61541518e-05
 1.46449065e-05 1.60250911e-05 2.00902414e-05 2.08561396e-05
 1.69265022e-05 9.59278259e-06 9.47818171e-06 9.08954098e-06
 6.43992234e-06 6.25798020e-06 4.46642025e-06 7.35272397e-06
 4.21788263e-06 3.89470688e-06 4.56307453e-06 6.13591192e-06
 2.92566324e-06 2.93999892e-06 4.08624646e-06 1.93109736e-06
 6.41205770e-06 2.91601100e-06 2.96718349e-06 4.86823592e-06
 1.99350984e-06 3.10986366e-06 7.80969003e-06 3.66340760e-06
 4.99823682e-06 3.19759260e-06 3.16707269e-06 3.31738488e-06
 3.42042745e-06 3.86493184e-06 9.90330318e-06 7.22441655e-06
 4.66874917e-06 5.82919301e-06 6.75148112e-06 5.49783363e-06
 9.70280871e-06 1.41884366e-05 7.79278616e-06 8.35397714e-06
 6.81243864e-06 7.92640276e-06 7.18779711e-06 4.86917133e-06
 2.99229418e-06 2.37879271e-06 4.04230968e-06 4.78593165e-06
 3.55397583e-06 1.36682638e-06 3.05396475e-06 2.16673061e-06
 1.70308988e-06 2.91499850e-06 2.47149114e-06 2.68620056e-06
 2.91765832e-06 1.99794704e-06 1.37985887e-06 9.25353106e-07]
[5.4580227e-07 5.8370659e-07 1.0421704e-06 9.8093994e-07 2.9090566e-07
 2.5908795e-07 3.3391350e-07 7.1324968e-07 7.1188538e-07 4.2115187e-07
 1.0215550e-06 7.9599619e-07 7.3798736e-07 5.9967778e-07 9.4941475e-07
 1.8116790e-06 1.2647268e-06 2.4120422e-06 1.4205099e-06 1.5000159e-06
 1.4366815e-06 1.5058894e-06 2.2169816e-06 3.4096120e-06 3.0765659e-06
 3.3198576e-06 4.8650977e-06 3.6543070e-06 1.8777579e-06 3.2125809e-06
 3.7330490e-06 4.6449368e-06 3.5550290e-06 3.0940594e-06 5.1687744e-06
 5.5200021e-06 3.6218196e-06 2.6030964e-06 8.8232564e-06 6.0018060e-06
 7.3081815e-06 4.6205901e-06 6.1904229e-06 4.7543804e-06 2.6776706e-06
 3.3852205e-06 4.0611176e-06 5.5873884e-06 4.5661263e-06 4.3368232e-06
 4.9280061e-06 7.0861338e-06 4.7407884e-06 3.4038496e-06 4.4239864e-06
 5.0551967e-06 2.9819923e-06 2.1749959e-06 3.4484635e-06 3.1916945e-06
 3.2605431e-06 3.2382986e-06 4.0431046e-06 6.4067262e-06 3.9849579e-06
 5.3063245e-06 6.6760513e-06 4.2687057e-06 3.7904836e-06 1.3087988e-05
 6.6856596e-06 1.3658538e-05 9.3390818e-06 6.8354152e-06 4.6332402e-06
 7.3179940e-06 5.1566717e-06 4.5918773e-06 9.6727554e-06 9.7118564e-06
 1.0489105e-05 5.5983601e-06 8.0049804e-06 1.1654124e-05 1.9631067e-05
 7.0738738e-06 1.7064247e-05 1.6493923e-05 1.2500178e-05 7.2926937e-06
 1.0156858e-05 1.9566058e-05 9.9211265e-06 7.1650743e-06 6.9174034e-06
 1.7493874e-05 2.4367613e-05 2.2269009e-05 2.6123738e-05 3.3500492e-05
 2.8332297e-05 2.0356079e-05 2.2275926e-05 2.5968307e-05 3.2645952e-05
 5.1733048e-05 4.4267654e-05 4.0926108e-05 7.9403333e-05 5.8157442e-05
 2.9383358e-05 4.5542911e-05 5.9019683e-05 1.2125658e-04 1.4619442e-04
 5.6419882e-05 4.4995726e-05 4.4538643e-05 4.0613853e-05 2.3722319e-05
 2.7581855e-05 1.7824110e-05 2.7527361e-05 2.0675923e-05 3.3447333e-05
 1.9273337e-05 2.6612137e-05 2.7432236e-05 1.6142685e-05 1.8336865e-05
 3.4555680e-05 2.9904042e-05 1.8565695e-05 1.4028876e-05 8.1018743e-06
 8.9429714e-06 1.1897955e-05 7.2753282e-06 8.6196414e-06 1.2878781e-05
 1.3706842e-05 9.4010256e-06 8.2881097e-06 1.0924814e-05 6.0340026e-06
 8.7088192e-06 1.1922420e-05 1.2291133e-05 1.5108367e-05 9.5667483e-06
 2.4322873e-05 9.6193580e-06 2.7219348e-05 2.5571831e-05 1.7608327e-05
 1.8885105e-05 1.7634075e-05 1.5299418e-05 2.4415354e-05 3.3014603e-05
 2.7781920e-05 5.1385436e-05 2.1395404e-05 1.4317808e-05 9.5244077e-06
 1.2252877e-05 8.7708268e-06 6.8537288e-06 7.1301461e-06 4.1835960e-06
 5.7327379e-06 5.4017855e-06 3.8929270e-06 1.9388372e-06 7.0812966e-06
 6.5506315e-06 5.4774332e-06 2.8972790e-06 4.6475088e-06 3.0495175e-06
 2.1684698e-06 4.7244062e-06 4.3299865e-06 2.1173548e-06 1.9592210e-06
 3.2664932e-06 3.1453276e-06 3.6612573e-06 6.1528426e-06 3.6794063e-06
 4.9454666e-06 4.0888244e-06 3.8891562e-06 2.6790458e-06 1.0396506e-05
 1.2464935e-05 3.5290011e-06 5.8506289e-06 4.2498687e-06 5.5539008e-06
 4.2442139e-06 6.2702456e-06 7.1147501e-06 6.3647913e-06 2.5035758e-06
 3.1020081e-06 4.3857749e-06 1.9888657e-06 2.7881642e-06 2.5766840e-06
 3.2324181e-06 4.4084745e-06 3.7203006e-06 1.7625171e-06 1.8477704e-06
 1.4611968e-06 2.0057385e-06 1.7866287e-06 2.1732421e-06 2.5778097e-06
 1.4592785e-06 1.5147328e-06 1.3842829e-06 1.5656724e-06]
[4.95667166e-07 3.53404403e-07 4.19074695e-07 6.28644727e-07
 3.64246858e-07 4.74475200e-07 5.26039003e-07 6.03456499e-07
 8.20109392e-07 7.04515742e-07 9.43086604e-07 9.01380133e-07
 6.86825786e-07 7.09164794e-07 8.42876261e-07 1.17943603e-06
 7.09679625e-07 1.97620261e-06 4.30941691e-06 2.18125183e-06
 1.41195494e-06 2.68041435e-06 3.98088878e-06 2.55160739e-06
 2.66489701e-06 5.20034700e-06 1.06834968e-05 4.74108492e-06
 2.88295564e-06 3.44560249e-06 7.80423943e-06 6.06930871e-06
 5.88920966e-06 4.57397664e-06 8.42152440e-06 8.21420417e-06
 5.51621224e-06 4.24639029e-06 5.01576369e-06 9.20233924e-06
 7.50888785e-06 9.18661499e-06 1.64277353e-05 4.97532528e-06
 3.05068374e-06 3.50832192e-06 4.15478280e-06 6.85285386e-06
 5.64545917e-06 5.78910112e-06 4.91860692e-06 7.17498915e-06
 7.88954185e-06 3.36842481e-06 3.58849070e-06 3.62520836e-06
 3.14659133e-06 3.91272943e-06 7.13375402e-06 2.48384617e-06
 3.35335676e-06 2.83163058e-06 3.84502437e-06 5.53266909e-06
 5.49335118e-06 3.75706145e-06 8.03177318e-06 6.49999311e-06
 7.50940671e-06 5.54014923e-06 9.80037748e-06 1.76884823e-05
 1.02889253e-05 1.65394904e-05 1.02696185e-05 5.34205674e-06
 7.70693532e-06 8.19155957e-06 7.64438300e-06 1.20093218e-05
 1.13774231e-05 1.33626190e-05 2.04732860e-05 1.41834316e-05
 1.76764861e-05 1.12216594e-05 2.20913007e-05 1.21752919e-05
 1.18354292e-05 1.11039853e-05 8.73744284e-06 7.24025676e-06
 1.40510483e-05 1.32483938e-05 3.12421143e-05 1.77581987e-05
 1.73898952e-05 2.28768422e-05 2.11561710e-05 2.42347687e-05
 1.79055278e-05 1.52430948e-05 3.53378964e-05 2.50208541e-05
 3.31970659e-05 3.34687211e-05 4.37807648e-05 4.69419174e-05
 5.91895332e-05 1.18226097e-04 7.04687845e-05 7.27963634e-05
 1.10205721e-04 7.71680279e-05 9.27714209e-05 1.30292159e-04
 1.18863849e-04 8.94839759e-05 3.96648065e-05 3.81999453e-05
 2.72422039e-05 2.83061436e-05 6.11154246e-05 3.28796123e-05
 2.12317755e-05 2.16988410e-05 2.83525897e-05 3.01410855e-05
 2.39789297e-05 2.01169914e-05 1.75558071e-05 1.32615050e-05
 1.25878978e-05 1.71933680e-05 1.59344854e-05 2.09037735e-05
 1.30039343e-05 1.20852756e-05 9.76940009e-06 7.96729546e-06
 1.07341693e-05 5.29066847e-06 1.11793170e-05 1.89341154e-05
 9.70869496e-06 7.69530652e-06 9.66900461e-06 7.84201620e-06
 1.05953013e-05 1.89809598e-05 1.52281245e-05 1.17736963e-05
 2.03274085e-05 2.00703180e-05 1.51956920e-05 3.95867137e-05
 2.31054128e-05 3.35886762e-05 2.40845475e-05 2.72559137e-05
 2.14861411e-05 2.02533683e-05 2.39400088e-05 1.84406690e-05
 1.67171584e-05 9.72909675e-06 8.09943595e-06 9.73623537e-06
 4.61112677e-06 6.30334762e-06 7.25942800e-06 1.16801884e-05
 1.12592925e-05 2.88344108e-06 2.97145743e-06 6.52020617e-06
 3.04304399e-06 3.68293672e-06 5.77203400e-06 6.15264935e-06
 4.31597618e-06 6.03418448e-06 5.34716492e-06 4.52046879e-06
 1.63204038e-06 4.72497686e-06 4.75343950e-06 4.76454397e-06
 4.55815689e-06 2.78381344e-06 2.51622919e-06 1.00706648e-05
 5.87539762e-06 5.18343722e-06 8.62604884e-06 6.85588157e-06
 1.06289599e-05 3.35733080e-06 5.94792755e-06 7.51062953e-06
 3.93216078e-06 3.88645776e-06 4.88495107e-06 3.66971085e-06
 6.43168596e-06 3.53159635e-06 4.92331446e-06 2.90794128e-06
 1.87184662e-06 1.84489284e-06 3.49468064e-06 2.82704355e-06
 2.43733825e-06 1.96886526e-06 2.19310004e-06 2.72486363e-06
 2.56878570e-06 1.91739696e-06 2.85095962e-06 1.35359039e-06
 9.32769808e-07 9.65010940e-07 8.90675494e-07 1.24605128e-06]
[2.66968641e-07 3.94586692e-07 5.16490161e-07 8.26003259e-07
 6.34745788e-07 2.84723370e-07 9.11103200e-07 7.09081462e-07
 8.76552292e-07 5.68457892e-07 3.73628382e-07 1.19963977e-06
 8.50219749e-07 8.33193781e-07 2.16624562e-06 1.41913233e-06
 1.32514015e-06 1.27767169e-06 2.09206723e-06 2.38516873e-06
 2.35690482e-06 2.32236948e-06 6.32853335e-06 2.90156800e-06
 2.80198651e-06 4.12973941e-06 7.49164610e-06 5.30071020e-06
 5.58377906e-06 4.49881873e-06 7.00779356e-06 6.28031194e-06
 6.44878082e-06 6.28906128e-06 8.41845758e-06 9.84554845e-06
 5.41436020e-06 7.68350128e-06 7.70453789e-06 6.87886495e-06
 3.69817758e-06 4.43239151e-06 7.15575652e-06 6.23964797e-06
 4.85854980e-06 2.57851934e-06 5.43201350e-06 6.74158355e-06
 7.49283208e-06 4.43354247e-06 7.86751207e-06 5.56855457e-06
 7.38778954e-06 3.69915711e-06 5.20002368e-06 5.16717182e-06
 2.86709769e-06 2.83954341e-06 5.48104390e-06 8.27876738e-06
 4.05669061e-06 3.67092252e-06 6.89178478e-06 6.85700024e-06
 4.30403406e-06 4.00378985e-06 3.92719130e-06 8.84722340e-06
 7.71494615e-06 5.59093633e-06 5.72612362e-06 1.32247369e-05
 7.97698613e-06 4.19168600e-06 1.38867354e-05 1.00005927e-05
 9.06908190e-06 8.65176844e-06 1.06533998e-05 9.17856778e-06
 9.92393234e-06 1.40507727e-05 9.89156342e-06 1.31464758e-05
 1.11435229e-05 1.75130062e-05 2.91757697e-05 2.90350345e-05
 1.36244407e-05 1.41182099e-05 1.45352033e-05 1.43123862e-05
 1.53224773e-05 9.97070765e-06 1.81581963e-05 2.43067207e-05
 1.93966498e-05 3.04892455e-05 3.10536234e-05 4.18378586e-05
 2.65510444e-05 1.91549843e-05 3.09041934e-05 2.69587326e-05
 4.11253277e-05 5.11882135e-05 2.99579497e-05 5.41911722e-05
 7.41370241e-05 3.07199771e-05 5.90959789e-05 5.09147758e-05
 5.45320545e-05 5.34905121e-05 6.87349893e-05 8.54571481e-05
 3.23050954e-05 7.89247570e-05 3.87345681e-05 8.66582923e-05
 4.33565292e-05 3.00867760e-05 5.38145068e-05 3.48388967e-05
 1.67454655e-05 3.01871605e-05 1.90304836e-05 6.00456442e-05
 4.40958247e-05 2.26616157e-05 2.12238028e-05 1.34447882e-05
 1.10617739e-05 1.05748413e-05 1.31037259e-05 2.48020096e-05
 1.73538228e-05 8.98480994e-06 8.14006762e-06 1.14214226e-05
 2.23507468e-05 7.28341047e-06 1.75786863e-05 1.08926442e-05
 9.66202333e-06 8.86106500e-06 1.01172218e-05 1.07083970e-05
 9.90265744e-06 2.53471608e-05 6.78867718e-06 1.08105960e-05
 1.05244035e-05 1.08428439e-05 3.06172333e-05 3.19159190e-05
 2.01660459e-05 1.47650680e-05 2.27053697e-05 2.17638535e-05
 1.47953615e-05 2.88373776e-05 4.01608668e-05 1.55064699e-05
 1.03099883e-05 1.92536700e-05 7.27381985e-06 9.15718465e-06
 1.22111114e-05 6.25820167e-06 1.07188616e-05 7.39650068e-06
 6.35037577e-06 5.65649452e-06 3.13734040e-06 3.73036596e-06
 3.64445555e-06 2.95999416e-06 7.21496190e-06 1.10868559e-05
 1.18507842e-05 4.02238720e-06 4.66114170e-06 3.78551590e-06
 1.77256027e-06 3.85644080e-06 4.90157663e-06 7.02337093e-06
 6.73854811e-06 5.72010367e-06 4.01837360e-06 7.60115290e-06
 6.89264334e-06 8.91438413e-06 6.66342703e-06 5.67096731e-06
 6.06119511e-06 9.24866163e-06 3.39217263e-06 1.05390163e-05
 6.94010441e-06 3.21171774e-06 5.37535198e-06 6.20153924e-06
 5.30490070e-06 6.19185766e-06 3.43481383e-06 2.64296636e-06
 2.31411650e-06 2.99585827e-06 4.17451383e-06 4.79318578e-06
 2.26924340e-06 2.06313052e-06 2.82875612e-06 3.00359898e-06
 1.38354028e-06 1.23487018e-06 1.26938392e-06 2.03086006e-06
 2.02397564e-06 1.40821840e-06 1.21019605e-06 8.26111489e-07]
[4.60346541e-07 4.91985077e-07 6.08521248e-07 3.11654787e-07
 4.05815030e-07 3.53080651e-07 4.62939852e-07 3.17728762e-07
 8.84213193e-07 7.91547393e-07 6.91971707e-07 8.20174762e-07
 9.60408215e-07 1.03527839e-06 1.07964877e-06 8.17461114e-07
 1.63645393e-06 1.24149699e-06 1.67922497e-06 1.02232946e-06
 1.58349178e-06 2.33375317e-06 3.27428165e-06 6.83961343e-06
 3.23631934e-06 5.23403105e-06 4.86619001e-06 4.97553856e-06
 3.12794396e-06 2.88108095e-06 5.95070242e-06 4.08158303e-06
 3.84856685e-06 2.68872259e-06 6.60893193e-06 5.03568936e-06
 4.16466401e-06 4.14152282e-06 4.62524349e-06 5.14547719e-06
 3.21910557e-06 5.07637333e-06 5.79477501e-06 4.26368933e-06
 4.19475782e-06 3.25664018e-06 3.28113060e-06 3.06761035e-06
 3.33634557e-06 2.22319181e-06 4.92808795e-06 3.26113695e-06
 4.05709625e-06 3.10139944e-06 4.06317167e-06 3.89813204e-06
 1.72095281e-06 2.26993620e-06 3.57146132e-06 3.88716535e-06
 4.34529602e-06 3.97620124e-06 2.83452459e-06 5.85923453e-06
 2.80401036e-06 2.52152063e-06 3.55892757e-06 3.79068456e-06
 4.79650771e-06 3.45846161e-06 4.34376625e-06 6.20017090e-06
 9.58063538e-06 3.88890294e-06 5.30794932e-06 6.47016714e-06
 6.08133996e-06 4.24285690e-06 6.50588072e-06 9.00990926e-06
 9.12357336e-06 7.03985143e-06 8.41613746e-06 8.06071967e-06
 1.17785203e-05 1.40280436e-05 3.08991694e-05 3.23754684e-05
 1.44407859e-05 1.60149793e-05 1.25584775e-05 1.21960156e-05
 9.01927615e-06 6.65511288e-06 9.38718313e-06 1.81280393e-05
 1.08780232e-05 1.52441062e-05 1.83552911e-05 1.60973741e-05
 2.26233406e-05 1.74894849e-05 2.18513596e-05 3.20947329e-05
 3.07516166e-05 4.14707356e-05 4.18929885e-05 2.21768860e-05
 2.97312272e-05 6.34247772e-05 1.29684035e-04 6.74031544e-05
 3.69612717e-05 3.57943245e-05 7.71448176e-05 5.95230667e-05
 5.44549803e-05 4.26383049e-05 3.47098576e-05 2.76395131e-05
 1.70915682e-05 1.86944708e-05 2.14949378e-05 2.43431114e-05
 1.45889617e-05 1.78227074e-05 2.20119746e-05 1.32567829e-05
 1.35808614e-05 9.05925572e-06 1.20456934e-05 1.39330177e-05
 1.72114105e-05 1.79924464e-05 1.83110551e-05 1.68351198e-05
 1.48220452e-05 4.96353596e-06 7.77270907e-06 8.58049680e-06
 6.62110097e-06 7.11821986e-06 9.38896483e-06 2.40117242e-05
 6.06007961e-06 7.51075322e-06 1.11379022e-05 1.43718817e-05
 9.34355012e-06 1.00868274e-05 1.16839465e-05 1.17695163e-05
 1.36870976e-05 9.89080672e-06 1.73222561e-05 1.73849130e-05
 1.54178306e-05 1.37857396e-05 1.83236680e-05 3.21293883e-05
 1.52477687e-05 2.67461073e-05 2.10445050e-05 1.47382971e-05
 1.21837393e-05 5.98909401e-06 6.75227420e-06 7.61471665e-06
 5.94823223e-06 5.24676625e-06 4.74700164e-06 6.61411059e-06
 5.60061380e-06 5.64674883e-06 4.49951813e-06 9.70495330e-06
 7.88173747e-06 7.67390520e-06 2.62434401e-06 4.01664829e-06
 1.79926121e-06 2.62128765e-06 3.39259077e-06 2.11781685e-06
 2.28420959e-06 2.37552445e-06 4.25733333e-06 2.97236147e-06
 3.64608309e-06 3.42522003e-06 3.48344224e-06 3.05749199e-06
 5.00100532e-06 3.97565100e-06 7.88806665e-06 4.16084958e-06
 1.05527315e-05 4.91060882e-06 4.13623047e-06 8.47202045e-06
 2.73887395e-06 2.88923616e-06 3.00147053e-06 4.42732335e-06
 3.77424817e-06 3.25107248e-06 4.52865470e-06 4.31321450e-06
 1.89077275e-06 2.29262605e-06 1.82884594e-06 1.35821517e-06
 2.28343220e-06 1.26637190e-06 1.52678729e-06 1.28282079e-06
 1.13269300e-06 9.82754614e-07 1.44321223e-06 3.30838338e-06
 1.57609463e-06 1.62027118e-06 7.45358818e-07 6.02876810e-07]
[1.77556402e-07 3.81152148e-07 6.34028765e-07 3.67689722e-07
 4.81883319e-07 2.93721342e-07 2.68522996e-07 6.31895375e-07
 6.09980873e-07 9.13250460e-07 5.30614670e-07 1.31439322e-06
 8.00810540e-07 8.53951349e-07 1.01467060e-06 7.00671251e-07
 9.12414350e-07 1.38838186e-06 9.40131713e-07 1.59172987e-06
 1.50835604e-06 3.16590490e-06 5.62272953e-06 6.30036675e-06
 4.74858234e-06 5.23738890e-06 5.23951758e-06 4.05395758e-06
 2.05884476e-06 6.80926360e-06 4.14785018e-06 4.36092841e-06
 4.72501324e-06 3.42920066e-06 2.45573210e-06 7.30393049e-06
 3.41118152e-06 4.41987140e-06 5.32179320e-06 4.39068617e-06
 2.68925919e-06 3.75865716e-06 5.91313074e-06 4.06755680e-06
 3.74877959e-06 3.76776575e-06 2.96282929e-06 4.14824490e-06
 2.33002652e-06 3.51986091e-06 4.36149458e-06 4.68597182e-06
 3.00816555e-06 3.07434789e-06 2.82369911e-06 5.07061441e-06
 1.83059262e-06 2.63328570e-06 2.38248481e-06 3.21561606e-06
 6.40853978e-06 2.81548091e-06 2.35061884e-06 2.10068629e-06
 3.10125029e-06 3.79585981e-06 4.83573103e-06 7.67823894e-06
 5.32926015e-06 4.80359995e-06 5.25757969e-06 5.10808059e-06
 9.58519649e-06 5.70799921e-06 2.34510162e-06 5.19574905e-06
 3.75392324e-06 4.25978715e-06 5.11294411e-06 3.81367136e-06
 6.07986431e-06 6.87228749e-06 8.76199829e-06 2.03356376e-05
 1.97205645e-05 1.22216634e-05 1.96307719e-05 2.10216222e-05
 9.66517382e-06 1.04509645e-05 1.00447542e-05 1.68912538e-05
 9.90065018e-06 1.20472077e-05 1.51357563e-05 1.17713234e-05
 6.84650649e-06 9.91116667e-06 2.63633465e-05 2.00908526e-05
 1.45591621e-05 2.57441716e-05 3.07218324e-05 2.58351556e-05
 2.91270280e-05 1.84528872e-05 2.91840570e-05 2.94701440e-05
 2.19651938e-05 2.81673074e-05 3.81243335e-05 7.47651720e-05
 3.41117193e-05 7.28268133e-05 8.90363954e-05 5.02998555e-05
 3.25456494e-05 4.06480758e-05 3.48324938e-05 3.93045775e-05
 2.05509477e-05 3.59889018e-05 2.79487431e-05 2.12812447e-05
 1.53413130e-05 1.51899876e-05 1.69229479e-05 2.48979832e-05
 1.84459150e-05 2.39421188e-05 1.64548055e-05 2.31651211e-05
 1.29297869e-05 8.28269640e-06 9.40279642e-06 9.68737095e-06
 1.23572254e-05 6.44869942e-06 6.20621131e-06 8.58880321e-06
 8.58327439e-06 5.92888091e-06 6.46542549e-06 9.73693659e-06
 7.35924323e-06 8.24461040e-06 7.17296052e-06 1.24351354e-05
 1.27577905e-05 1.11627960e-05 7.02650823e-06 1.76891426e-05
 1.18958915e-05 1.33500935e-05 2.25942076e-05 2.14274478e-05
 7.91810726e-06 1.58405219e-05 1.41150404e-05 2.82325072e-05
 2.28909321e-05 9.71279496e-06 2.40923400e-05 2.48972556e-05
 1.01027172e-05 4.25295957e-06 1.14422628e-05 3.50683877e-06
 6.18277454e-06 4.75036222e-06 2.58763794e-06 1.24591998e-05
 6.92183903e-06 4.82266933e-06 7.44741237e-06 1.19276037e-05
 7.05865068e-06 6.38028860e-06 2.86794489e-06 2.82960173e-06
 3.10190376e-06 3.06658512e-06 2.31983199e-06 4.88329624e-06
 2.81530970e-06 2.59469721e-06 4.35440188e-06 5.66291283e-06
 2.87831608e-06 3.49763354e-06 2.66850407e-06 4.64243340e-06
 4.80832978e-06 4.62608477e-06 9.86332725e-06 1.06177622e-05
 4.81539701e-06 4.83790973e-06 1.24697499e-05 6.01922829e-06
 7.89932983e-06 3.29907857e-06 4.46981312e-06 5.68934183e-06
 4.79713208e-06 2.84496605e-06 2.89478703e-06 4.85217743e-06
 1.31812033e-06 2.47841967e-06 2.80262680e-06 2.08684901e-06
 2.98855412e-06 1.92254970e-06 1.76819196e-06 1.48808260e-06
 7.13890302e-07 7.45630359e-07 2.41307225e-06 1.86030184e-06
 2.75727234e-06 1.82227620e-06 6.86216310e-07 4.78243635e-07]
[2.5515416e-07 3.1799257e-07 7.2150073e-07 6.0338135e-07 5.5919645e-07
 5.3219878e-07 1.0523876e-06 6.5022141e-07 5.8569634e-07 6.6342704e-07
 1.6836275e-06 9.0232271e-07 1.3996072e-06 1.2253300e-06 2.3999773e-06
 1.0163775e-06 1.0675132e-06 1.1016173e-06 2.1289518e-06 2.3893840e-06
 1.9555093e-06 2.3975210e-06 2.3280620e-06 4.6401133e-06 7.8554449e-06
 4.9629307e-06 7.9466727e-06 5.7300890e-06 1.7369948e-06 2.5231109e-06
 1.0585381e-05 6.2073254e-06 4.1414387e-06 3.3178683e-06 3.5976730e-06
 9.2181481e-06 6.0071093e-06 3.5743990e-06 7.2043990e-06 4.4747171e-06
 5.2998948e-06 5.6808462e-06 3.5848216e-06 9.4015313e-06 3.0896838e-06
 4.7107437e-06 3.7272546e-06 7.7722152e-06 7.1519221e-06 4.1332892e-06
 4.1626226e-06 5.6798740e-06 3.4997604e-06 2.8364020e-06 5.2102209e-06
 3.8098185e-06 4.8839415e-06 2.6430416e-06 3.5993992e-06 2.2417996e-06
 3.7443585e-06 2.6004684e-06 3.9294000e-06 2.8567213e-06 4.1943222e-06
 2.7014237e-06 5.2050982e-06 3.8958865e-06 8.0418604e-06 3.5854584e-06
 5.4196043e-06 8.4704179e-06 7.0476203e-06 5.2933742e-06 4.0358159e-06
 3.3835956e-06 4.1819962e-06 3.1185966e-06 6.9767043e-06 6.5019171e-06
 7.4145742e-06 7.0133242e-06 7.0191018e-06 1.2450163e-05 2.1954285e-05
 1.0869237e-05 2.0880196e-05 3.0965504e-05 1.2639033e-05 9.6591029e-06
 1.8987192e-05 1.3865258e-05 1.2408127e-05 8.8687584e-06 1.8697398e-05
 1.6608574e-05 1.3525446e-05 1.2162006e-05 1.6997556e-05 2.2770400e-05
 1.4445046e-05 2.3314022e-05 4.0339404e-05 3.7093592e-05 2.4768311e-05
 3.1739914e-05 3.6061101e-05 3.0958498e-05 3.3232034e-05 4.5896737e-05
 7.9781057e-05 8.1142891e-05 4.1979456e-05 3.9426148e-05 7.5697571e-05
 7.2554132e-05 6.1902312e-05 4.5954483e-05 3.9790750e-05 6.4448948e-05
 4.1576670e-05 3.6205311e-05 4.2758958e-05 4.0837320e-05 2.2840830e-05
 2.7305614e-05 3.0699619e-05 1.7566506e-05 3.9590777e-05 1.7248727e-05
 1.6171032e-05 3.6759957e-05 1.3031245e-05 8.3716377e-06 1.3111908e-05
 1.2647418e-05 4.7761937e-06 8.6256778e-06 1.1111347e-05 1.3044268e-05
 6.0983525e-06 6.7667065e-06 9.2431101e-06 1.2899028e-05 1.5226239e-05
 1.2391344e-05 1.2320670e-05 1.1402203e-05 1.1663073e-05 1.5293899e-05
 1.4168084e-05 2.2102033e-05 8.6466425e-06 1.1465355e-05 1.8408013e-05
 1.7321241e-05 8.4934081e-06 1.3709323e-05 1.0366741e-05 2.1237982e-05
 1.5452199e-05 1.5740214e-05 2.9328408e-05 1.8387720e-05 1.9013891e-05
 7.2443763e-06 1.2651229e-05 1.6318956e-05 6.3181783e-06 5.4434895e-06
 3.2953274e-06 8.0075797e-06 4.2518509e-06 3.7990401e-06 1.1864249e-05
 1.3613902e-05 4.5367710e-06 3.6079482e-06 2.7031444e-06 3.7523414e-06
 2.1876583e-06 2.2894762e-06 5.3667518e-06 6.8406312e-06 3.6806059e-06
 1.5110346e-06 5.5885298e-06 1.1423387e-05 9.5798023e-06 3.5229932e-06
 5.7021030e-06 4.5009524e-06 3.0578428e-06 7.4935942e-06 6.5059280e-06
 4.0078007e-06 8.4115591e-06 7.6008878e-06 5.8231089e-06 4.4654430e-06
 3.3980050e-06 4.9437003e-06 4.5433571e-06 2.2082586e-06 1.7664366e-06
 2.7612998e-06 2.8916693e-06 2.1027311e-06 8.7031407e-07 2.0908310e-06
 3.9206320e-06 4.4358121e-06 1.9964370e-06 1.3226618e-06 1.8623005e-06
 1.2688228e-06 2.9615821e-06 1.7942551e-06 1.5823861e-06 1.6517221e-06
 1.3902218e-06 9.7773329e-07 6.9838546e-07 1.1258445e-06]
[2.22925834e-07 2.05184804e-07 8.94873665e-07 1.06148502e-06
 6.32614217e-07 5.60984347e-07 7.28581654e-07 5.91678372e-07
 7.29463238e-07 6.53309144e-07 1.00811383e-06 8.17014097e-07
 9.04562228e-07 1.55913733e-06 1.82969495e-06 1.93385631e-06
 1.33133153e-06 1.15243245e-06 1.81474252e-06 1.83666589e-06
 1.38533744e-06 1.33132437e-06 3.65412711e-06 5.92879087e-06
 5.66515382e-06 4.53887742e-06 3.87629234e-06 6.67565291e-06
 4.09143740e-06 5.29715771e-06 4.14912938e-06 3.78956133e-06
 3.36659264e-06 5.38424320e-06 5.15488910e-06 5.16023238e-06
 3.55743373e-06 6.08252230e-06 5.45465855e-06 5.72554245e-06
 4.30324371e-06 8.56384759e-06 5.09806750e-06 3.64269022e-06
 6.64575646e-06 4.00343424e-06 4.08082997e-06 1.16752753e-05
 4.36540859e-06 4.43539329e-06 3.52079337e-06 6.31189323e-06
 5.04041054e-06 4.22077255e-06 4.37489462e-06 5.39603934e-06
 4.46716240e-06 3.52814163e-06 4.25118651e-06 4.62261369e-06
 4.28445128e-06 1.87376202e-06 3.16965020e-06 2.65482845e-06
 3.48662593e-06 1.96610631e-06 5.35837489e-06 5.49813149e-06
 3.55641919e-06 3.55283373e-06 9.79163360e-06 5.17521357e-06
 3.50200321e-06 3.80416009e-06 3.64021230e-06 4.55893996e-06
 4.09008862e-06 4.44687385e-06 1.04083992e-05 6.79235609e-06
 1.75730765e-05 1.17289746e-05 1.41259479e-05 2.10694852e-05
 1.27606327e-05 2.13221938e-05 1.85269437e-05 5.11142534e-05
 1.94702243e-05 1.57612321e-05 1.92185580e-05 2.77857107e-05
 9.58609689e-06 1.02415715e-05 1.69316718e-05 2.19994181e-05
 1.84908386e-05 1.72032578e-05 3.21443113e-05 1.85507597e-05
 1.57810664e-05 2.34147174e-05 3.47606365e-05 2.70976398e-05
 2.23556799e-05 4.61072814e-05 3.89805246e-05 2.33746396e-05
 2.26194588e-05 5.21055772e-05 6.77641801e-05 3.32554082e-05
 1.15317140e-04 3.94816743e-05 4.29063184e-05 5.98901788e-05
 6.91913228e-05 7.17740986e-05 4.48203391e-05 5.03083284e-05
 2.83361642e-05 4.50148036e-05 5.58213505e-05 4.89438244e-05
 2.64602495e-05 1.62492925e-05 5.28625387e-05 1.47623514e-05
 4.89351478e-05 1.56479709e-05 2.70864621e-05 2.13540916e-05
 2.08523325e-05 1.21988196e-05 1.37742163e-05 1.55582147e-05
 1.12324296e-05 1.00228817e-05 2.01673138e-05 1.11747750e-05
 1.13519154e-05 2.13825679e-05 1.10672127e-05 1.13707138e-05
 1.91041927e-05 1.16467027e-05 1.61431362e-05 1.53024448e-05
 1.21074381e-05 1.18771450e-05 1.56258993e-05 2.37411441e-05
 1.78946357e-05 2.24057421e-05 1.30437884e-05 1.44233054e-05
 1.75763053e-05 2.57855481e-05 2.15978798e-05 2.34785475e-05
 1.68010429e-05 2.03417567e-05 2.63430029e-05 2.43971353e-05
 9.70988549e-06 1.35703731e-05 1.27094254e-05 8.60197179e-06
 8.99061524e-06 1.07461283e-05 6.40549297e-06 6.57730197e-06
 4.60181764e-06 2.89120794e-06 5.21694528e-06 6.68014991e-06
 3.44083378e-06 5.04645186e-06 3.03948150e-06 3.58966531e-06
 3.52813299e-06 4.14786518e-06 5.29547060e-06 6.78020888e-06
 2.54228894e-06 2.59089597e-06 4.92179288e-06 4.94930146e-06
 1.90009098e-06 5.04849640e-06 4.20924971e-06 4.22139601e-06
 8.01255646e-06 2.52296036e-06 2.21843766e-06 7.47936929e-06
 5.71122700e-06 6.53459711e-06 3.51625749e-06 4.48286255e-06
 4.66243318e-06 2.35391258e-06 3.21777065e-06 3.85281282e-06
 1.95145708e-06 1.52358700e-06 4.10385701e-06 3.70457451e-06
 2.56850558e-06 2.50351013e-06 3.79619837e-06 2.21940081e-06
 2.64586924e-06 1.69010866e-06 9.69756911e-07 1.94399013e-06
 1.50603773e-06 2.16528815e-06 1.18412538e-06 5.06815331e-06
 2.10570306e-06 9.49318917e-07 9.81642984e-07 1.12145028e-06]
[3.43278401e-07 5.87113050e-07 9.13956967e-07 4.43237013e-07
 3.03735249e-07 4.00220443e-07 7.60080184e-07 6.04481670e-07
 1.01958904e-06 8.25668621e-07 1.04798994e-06 1.19713457e-06
 1.58611113e-06 8.77380614e-07 1.01147577e-06 1.57309307e-06
 1.00461864e-06 1.33947208e-06 1.46781304e-06 3.40327733e-06
 3.09572169e-06 3.05553203e-06 2.32652383e-06 4.16506873e-06
 5.88672674e-06 4.47386856e-06 5.93997902e-06 8.83644680e-06
 3.51372364e-06 2.68665917e-06 1.01409714e-05 4.78690390e-06
 3.38177119e-06 4.92691242e-06 6.76911759e-06 4.50730613e-06
 4.34911044e-06 4.75943989e-06 6.66816641e-06 4.30110686e-06
 3.32206582e-06 6.43733756e-06 4.43172939e-06 4.13201951e-06
 2.65339986e-06 2.18673881e-06 4.84684915e-06 3.80937922e-06
 3.80191227e-06 4.76251307e-06 2.58448677e-06 5.11527242e-06
 6.98822441e-06 2.48177525e-06 2.79610526e-06 3.56654050e-06
 3.47104469e-06 2.94262713e-06 4.32247316e-06 5.85413727e-06
 3.10738415e-06 1.98427574e-06 3.40526458e-06 4.01887655e-06
 6.85509622e-06 1.43898933e-06 5.18518254e-06 5.49964352e-06
 3.43932879e-06 2.89266359e-06 2.68791814e-06 3.16353544e-06
 2.95549671e-06 2.20050811e-06 3.45238254e-06 3.46908132e-06
 4.99157204e-06 5.51496441e-06 4.70998202e-06 7.23340190e-06
 8.29929286e-06 5.61622574e-06 1.10429655e-05 1.01223986e-05
 1.27838512e-05 1.27931862e-05 1.02458807e-05 1.11531144e-05
 1.53892524e-05 9.96792824e-06 1.91159797e-05 2.07399789e-05
 1.12142479e-05 7.80337996e-06 2.55245013e-05 1.36386270e-05
 2.01679286e-05 1.91223226e-05 2.70784676e-05 1.47091496e-05
 1.97874415e-05 1.63276181e-05 2.15489727e-05 2.70093497e-05
 3.36567500e-05 3.79680205e-05 3.40352344e-05 3.13838391e-05
 4.41959819e-05 2.27931032e-05 4.00383469e-05 7.42343327e-05
 7.15029382e-05 5.86137576e-05 5.52318234e-05 5.30591788e-05
 1.26012485e-04 3.67299072e-05 6.80026642e-05 7.73177526e-05
 4.38633688e-05 4.67033096e-05 4.15279501e-05 4.76843743e-05
 3.38179198e-05 3.68889523e-05 2.98507384e-05 4.31970584e-05
 3.12010488e-05 1.45205086e-05 1.73509761e-05 1.99371643e-05
 1.24851149e-05 1.44642827e-05 1.24357648e-05 1.10694864e-05
 1.32217901e-05 8.77987986e-06 1.43331608e-05 1.52792836e-05
 5.89782894e-06 7.34570312e-06 9.40422615e-06 1.06517718e-05
 1.44998739e-05 9.88704323e-06 9.70073052e-06 1.18363632e-05
 8.30305453e-06 1.68401402e-05 1.50089281e-05 2.10142553e-05
 1.82262174e-05 2.32514885e-05 1.45908425e-05 1.67962571e-05
 1.66964201e-05 1.44339656e-05 2.95688587e-05 1.50235246e-05
 1.30197686e-05 9.12669657e-06 1.44017467e-05 1.09644670e-05
 1.22552037e-05 4.52521908e-06 5.76301363e-06 1.18040616e-05
 5.53356585e-06 1.24945227e-05 3.01847945e-06 5.20441063e-06
 6.29825445e-06 5.69079793e-06 6.93305219e-06 6.76359741e-06
 3.47690002e-06 4.76611922e-06 3.36156450e-06 2.09419863e-06
 2.70062174e-06 3.79496555e-06 4.71857811e-06 1.50906608e-05
 5.37537244e-06 5.11935468e-06 4.53692837e-06 4.89482045e-06
 4.04905359e-06 2.93480844e-06 7.88778107e-06 8.17838099e-06
 9.03557793e-06 9.67310098e-06 1.41438677e-05 6.02778482e-06
 5.19472678e-06 3.13411874e-06 4.39276073e-06 2.92756886e-06
 5.29567251e-06 2.33008041e-06 2.30373644e-06 2.79691744e-06
 2.36701499e-06 2.86913360e-06 2.37340464e-06 2.20354809e-06
 2.72394686e-06 1.54707811e-06 2.11642191e-06 1.29075727e-06
 1.72956209e-06 1.51618951e-06 1.66776181e-06 1.63892344e-06
 2.02617798e-06 3.17980630e-06 2.51781444e-06 1.91907066e-06
 1.24934286e-06 1.59170224e-06 7.96180814e-07 4.35005546e-07]
[3.11918427e-07 4.85460987e-07 6.54294070e-07 5.87121576e-07
 6.85753605e-07 1.12429859e-06 1.23076802e-06 1.04126934e-06
 5.46787589e-07 1.12975874e-06 1.21075925e-06 8.53043105e-07
 1.28132649e-06 9.52372829e-07 9.01443570e-07 1.06473669e-06
 2.52794689e-06 1.66105167e-06 2.47935463e-06 2.69932002e-06
 3.01050386e-06 1.57774230e-06 2.20919446e-06 4.79120945e-06
 8.48029777e-06 5.31506748e-06 3.16504133e-06 5.56681380e-06
 4.17469573e-06 3.68648830e-06 3.66739005e-06 7.40476571e-06
 4.01551324e-06 4.88551268e-06 4.54995688e-06 4.65098810e-06
 2.86514819e-06 3.51511721e-06 2.83997565e-06 4.03527883e-06
 2.01079638e-06 4.62837124e-06 5.59669934e-06 2.66019356e-06
 2.60864726e-06 2.15458954e-06 3.06838160e-06 4.65931271e-06
 2.99021917e-06 3.90217474e-06 4.10035364e-06 3.41780037e-06
 3.07388837e-06 2.10360599e-06 2.16832950e-06 2.50790094e-06
 3.38447649e-06 1.92927951e-06 4.86708859e-06 5.88586181e-06
 3.21463722e-06 2.72447801e-06 1.84277417e-06 3.85504745e-06
 4.02296837e-06 3.12588986e-06 3.51490166e-06 2.97325823e-06
 1.77324239e-06 2.75483694e-06 5.59966611e-06 2.80713653e-06
 3.83292490e-06 3.42112321e-06 3.58683724e-06 2.90761113e-06
 3.22385381e-06 5.56685563e-06 6.87350985e-06 3.03501361e-06
 6.64458867e-06 7.73678312e-06 8.51183631e-06 1.08429986e-05
 7.29264275e-06 6.94332402e-06 1.32100504e-05 1.83866669e-05
 1.19532297e-05 1.53860583e-05 1.79131985e-05 1.71790252e-05
 1.26869018e-05 9.10539438e-06 8.53486108e-06 1.40666134e-05
 1.13429414e-05 1.64913417e-05 1.59367264e-05 3.72838294e-05
 2.74813665e-05 4.54147776e-05 2.64198916e-05 4.02527148e-05
 2.24305113e-05 2.43632767e-05 2.47259886e-05 2.58881264e-05
 3.79351477e-05 4.81067982e-05 2.52051086e-05 2.81190823e-05
 3.98245866e-05 6.12558943e-05 4.03897902e-05 4.07191874e-05
 3.67597786e-05 4.95470194e-05 5.20164067e-05 7.05980492e-05
 5.50617515e-05 4.72087158e-05 4.38176539e-05 3.51831586e-05
 2.28197550e-05 2.58370328e-05 3.25960609e-05 2.61040550e-05
 2.18743862e-05 2.01993153e-05 1.26037603e-05 4.55184454e-05
 1.62535034e-05 9.59574845e-06 1.54126283e-05 1.21416988e-05
 1.85304107e-05 1.56497827e-05 1.24073404e-05 1.19550896e-05
 7.30585816e-06 4.82011046e-06 3.46533307e-06 1.70144867e-05
 1.11885502e-05 2.34982635e-05 1.18775051e-05 1.08749891e-05
 1.05330628e-05 1.09618886e-05 1.07495880e-05 2.00502836e-05
 3.12037482e-05 2.20496640e-05 2.38573357e-05 2.46225100e-05
 2.70084929e-05 2.03983564e-05 1.62963479e-05 2.37838158e-05
 1.54586232e-05 6.89937815e-06 1.87104833e-05 1.26424957e-05
 9.23850894e-06 5.24948882e-06 5.13170198e-06 5.83193514e-06
 5.90067930e-06 9.36725337e-06 5.82351959e-06 5.42601492e-06
 6.02081445e-06 4.45440082e-06 6.62583443e-06 9.94309721e-06
 6.59158331e-06 7.24437450e-06 6.90616071e-06 5.74879459e-06
 1.26465675e-05 4.37018070e-06 7.42015254e-06 5.73056104e-06
 3.40685347e-06 6.04516345e-06 6.42493251e-06 6.50474431e-06
 4.61832269e-06 3.99173541e-06 3.13997407e-06 6.52678273e-06
 1.07830865e-05 4.12083727e-06 4.52742461e-06 2.73699766e-06
 3.53495011e-06 4.40168333e-06 5.63889671e-06 3.57684007e-06
 4.34248204e-06 1.67621556e-06 2.31164472e-06 1.95370740e-06
 3.21122229e-06 2.61267337e-06 1.76821061e-06 5.34328547e-06
 4.03352124e-06 1.22627716e-06 1.76253889e-06 1.72732871e-06
 3.33833918e-06 1.95127336e-06 1.25596887e-06 1.54300403e-06
 2.26908492e-06 1.14189186e-06 1.98778230e-06 1.26975567e-06
 1.81165433e-06 1.29841067e-06 1.36195160e-06 7.47187016e-07]
[3.52707360e-07 4.52907329e-07 4.19304200e-07 7.73742329e-07
 4.92095126e-07 5.01723832e-07 7.04287402e-07 6.79836830e-07
 6.33289858e-07 6.84416364e-07 1.03627690e-06 5.05528931e-07
 6.37820506e-07 9.35519722e-07 8.75721355e-07 1.14118950e-06
 2.50270659e-06 2.33141964e-06 2.21844130e-06 1.85301178e-06
 2.46036939e-06 2.08532879e-06 4.62694425e-06 6.43714293e-06
 3.68833139e-06 3.39927487e-06 9.27475230e-06 4.38013967e-06
 6.12332815e-06 5.11190956e-06 5.28798819e-06 6.10753114e-06
 1.00560965e-05 3.51603626e-06 7.02062653e-06 6.50822540e-06
 5.90079571e-06 3.62492665e-06 3.22379219e-06 4.08847063e-06
 6.11464202e-06 5.67752795e-06 5.58228521e-06 3.43018041e-06
 3.91672074e-06 4.30393902e-06 4.35586026e-06 2.43651607e-06
 2.58610066e-06 3.52972279e-06 3.15566399e-06 3.74104934e-06
 3.26343797e-06 2.46202626e-06 4.70683881e-06 3.56921214e-06
 4.69795305e-06 4.08555343e-06 6.39959217e-06 4.34252297e-06
 2.89120453e-06 2.34093318e-06 7.97688244e-06 4.70443274e-06
 3.36227617e-06 2.27642545e-06 3.58955026e-06 3.18052025e-06
 3.81649579e-06 3.34515357e-06 3.23224322e-06 4.60277442e-06
 2.69453449e-06 2.99828298e-06 4.30158025e-06 4.18690570e-06
 4.29505872e-06 6.21922845e-06 8.23766186e-06 6.97784208e-06
 6.22811649e-06 5.52938945e-06 8.64236063e-06 9.14198608e-06
 1.08424965e-05 7.37004984e-06 8.96160327e-06 1.58600687e-05
 2.55848863e-05 1.56896313e-05 1.14419090e-05 1.38567129e-05
 9.03423916e-06 8.22586662e-06 1.46733064e-05 2.86997183e-05
 1.92323514e-05 1.95882585e-05 2.51288347e-05 1.77701568e-05
 1.98588623e-05 2.52046229e-05 3.78594850e-05 3.18794846e-05
 2.63105467e-05 1.68555216e-05 4.40476542e-05 3.21895604e-05
 2.02269221e-05 3.05362191e-05 9.10994495e-05 3.49577931e-05
 6.27743430e-05 7.35614522e-05 7.51145708e-05 7.03369660e-05
 3.35992481e-05 3.84294071e-05 4.25650796e-05 4.94992128e-05
 5.05368516e-05 7.08537482e-05 8.94551704e-05 8.66901901e-05
 7.82021380e-05 3.21802909e-05 3.28546375e-05 2.64039900e-05
 1.98350626e-05 1.53838027e-05 1.72905075e-05 1.76318299e-05
 1.57176164e-05 1.41910032e-05 1.46388347e-05 1.41292030e-05
 2.92362893e-05 8.33776085e-06 1.04919054e-05 9.33410411e-06
 1.37253992e-05 1.58328530e-05 2.09566842e-05 8.13334464e-06
 9.28609370e-06 7.58506894e-06 1.22556639e-05 7.66061930e-06
 8.08216555e-06 5.17459694e-06 9.58619603e-06 1.84322253e-05
 1.22285719e-05 1.22711863e-05 1.61691551e-05 2.48657307e-05
 1.88546474e-05 1.52015273e-05 6.75653064e-05 2.51011807e-05
 1.44902342e-05 7.59843488e-06 1.10399042e-05 1.45387339e-05
 9.96760900e-06 4.28568683e-06 9.32851253e-06 9.16958106e-06
 1.51174800e-05 7.90495505e-06 9.01616841e-06 4.54302653e-06
 5.50081450e-06 4.00129647e-06 3.28703368e-06 3.58190550e-06
 6.26048904e-06 3.38246878e-06 4.22193079e-06 8.55707822e-06
 6.88019418e-06 5.50744289e-06 7.84612257e-06 5.79196785e-06
 4.24844029e-06 8.54370319e-06 3.82339977e-06 3.90091509e-06
 1.73040769e-06 2.73524688e-06 4.12880536e-06 7.09430105e-06
 3.22630171e-06 3.48146909e-06 7.35219328e-06 5.10716063e-06
 3.49750803e-06 1.91700724e-06 2.44156399e-06 1.87741716e-06
 2.73408818e-06 2.38391567e-06 1.80371251e-06 3.64450466e-06
 2.66030088e-06 2.52847008e-06 4.46860622e-06 1.27635906e-06
 1.52260702e-06 1.25561223e-06 3.05251683e-06 1.28291458e-06
 2.57534180e-06 1.70932492e-06 2.35262110e-06 3.85707926e-06
 1.12559417e-06 1.50220637e-06 1.02799243e-06 1.18048968e-06
 2.32924867e-06 6.22880918e-07 2.35520793e-06 5.36027073e-07]
[4.96661812e-07 8.63763717e-07 3.80135276e-07 7.80038420e-07
 4.48523707e-07 3.97685653e-07 4.57515995e-07 9.05044146e-07
 8.65433833e-07 6.88400917e-07 8.85091879e-07 1.45855938e-06
 5.99947896e-07 1.11292923e-06 1.91531376e-06 2.12523810e-06
 1.92999596e-06 1.13168164e-06 1.74577360e-06 3.29833892e-06
 1.73049227e-06 2.71440808e-06 5.11653479e-06 2.90168668e-06
 6.95086055e-06 4.67750715e-06 8.05488799e-06 1.00552779e-05
 7.78718822e-06 2.01795160e-06 4.05783612e-06 7.12130714e-06
 2.99679709e-06 3.68062433e-06 7.46481101e-06 4.64690311e-06
 2.91847914e-06 4.43262252e-06 2.53317558e-06 3.87284217e-06
 3.79647827e-06 5.28737428e-06 4.78823313e-06 8.88648810e-06
 4.53440362e-06 3.07509276e-06 5.29357794e-06 4.11168639e-06
 2.03666991e-06 4.07505877e-06 3.62638934e-06 2.98656937e-06
 2.74730610e-06 2.13667249e-06 3.72873660e-06 4.47059438e-06
 3.98925249e-06 3.67162897e-06 3.56579790e-06 4.33533569e-06
 4.17342653e-06 3.13963210e-06 1.13108363e-05 6.06963431e-06
 6.45778482e-06 4.20692095e-06 3.53886935e-06 5.38302675e-06
 4.78975653e-06 1.82389613e-06 3.68803194e-06 6.68183566e-06
 3.66921199e-06 4.64009645e-06 4.10075290e-06 3.41909367e-06
 5.08477888e-06 7.18206502e-06 4.33505420e-06 7.84383337e-06
 5.38055792e-06 4.84270140e-06 5.54958069e-06 1.31808474e-05
 9.07931098e-06 6.12663871e-06 7.69492999e-06 1.70048970e-05
 2.33242026e-05 2.19763388e-05 1.41932733e-05 1.44922788e-05
 9.87683325e-06 1.50533742e-05 1.85080225e-05 1.86007546e-05
 3.22309897e-05 1.58122803e-05 1.63736568e-05 2.55308787e-05
 2.43611794e-05 1.83253596e-05 4.71550302e-05 2.96740909e-05
 2.84017879e-05 3.51654307e-05 2.67586493e-05 3.08570088e-05
 2.40229838e-05 3.32990712e-05 3.01944092e-05 3.99130950e-05
 4.21245095e-05 2.73461574e-05 7.70392726e-05 6.94587725e-05
 4.79481423e-05 3.28251226e-05 4.98385816e-05 3.31828960e-05
 3.64223524e-05 4.55632144e-05 6.43978346e-05 7.56072914e-05
 7.66966914e-05 5.51975063e-05 2.90960525e-05 3.37166312e-05
 3.52409916e-05 1.71817792e-05 1.93793130e-05 1.60105028e-05
 1.62432771e-05 1.89579332e-05 7.00909550e-06 1.77801394e-05
 1.46701232e-05 1.34179572e-05 1.00059469e-05 1.65174351e-05
 9.62541071e-06 7.82740699e-06 7.98146084e-06 9.59365661e-06
 7.26094868e-06 6.15162708e-06 9.51705806e-06 8.00857197e-06
 7.64452761e-06 5.26191798e-06 1.52076418e-05 8.30092176e-06
 1.32043015e-05 1.39273880e-05 2.34245326e-05 3.11049043e-05
 1.36555618e-05 2.27473865e-05 3.62115679e-05 1.03175307e-05
 1.69547620e-05 1.24469152e-05 1.71808788e-05 8.30862336e-06
 7.75650915e-06 9.24554843e-06 6.09629888e-06 4.83823305e-06
 4.82993755e-06 7.71741543e-06 1.12246371e-05 9.62214381e-06
 6.75354886e-06 4.62256639e-06 2.94832898e-06 5.14496924e-06
 9.33323827e-06 4.97349311e-06 4.95927679e-06 5.40085739e-06
 6.78634024e-06 2.70772739e-06 4.09411314e-06 1.80298193e-05
 4.68286180e-06 3.79067319e-06 7.17199873e-06 3.74221031e-06
 2.58733303e-06 4.31274884e-06 8.10413167e-06 8.16494321e-06
 3.16747332e-06 1.85968076e-06 3.34226092e-06 4.04086177e-06
 4.26582255e-06 2.77838512e-06 2.31632112e-06 3.37586494e-06
 5.03943011e-06 3.47640048e-06 3.02479270e-06 1.67546511e-06
 1.58958403e-06 1.97172903e-06 2.94883125e-06 1.77657466e-06
 1.33439062e-06 1.42034821e-06 2.56947351e-06 3.27057592e-06
 2.26699854e-06 1.91334766e-06 1.67425333e-06 4.21787581e-06
 6.71362659e-06 1.29600051e-06 1.86115324e-06 3.26476584e-06
 2.17909860e-06 1.44321746e-06 7.57267117e-07 1.23921166e-06]
[2.09364998e-07 5.70269265e-07 5.82692849e-07 4.48627560e-07
 9.43063640e-07 2.36202197e-07 5.18622016e-07 8.63435787e-07
 7.28106443e-07 4.13455268e-07 8.31085515e-07 9.17206137e-07
 5.84522411e-07 6.74104513e-07 1.09160010e-06 1.81762562e-06
 1.14222519e-06 1.24374913e-06 1.88615047e-06 1.98532348e-06
 2.94830329e-06 1.81454334e-06 2.28813406e-06 3.26171062e-06
 6.66813821e-06 6.01287547e-06 6.09517201e-06 6.63652600e-06
 7.34339119e-06 4.66948131e-06 4.35197035e-06 2.56576482e-06
 2.57308898e-06 2.67434461e-06 3.07906362e-06 3.41847135e-06
 3.28830356e-06 3.15946454e-06 4.06247091e-06 3.84498571e-06
 5.34300671e-06 2.52474274e-06 3.74973752e-06 4.02731030e-06
 1.89982438e-06 3.01463137e-06 2.36815890e-06 2.70449709e-06
 1.57802867e-06 1.41813234e-06 2.99711064e-06 2.56555995e-06
 2.62640583e-06 2.82013661e-06 3.09345683e-06 3.25129076e-06
 2.77195159e-06 3.55228531e-06 6.71769340e-06 8.86090220e-06
 4.64756113e-06 4.31278977e-06 4.67724794e-06 6.31326293e-06
 3.71167334e-06 4.82071891e-06 3.25447468e-06 2.96411486e-06
 4.66525853e-06 3.44417981e-06 3.36430026e-06 5.68310816e-06
 3.29677823e-06 1.78184382e-06 4.04667981e-06 3.49691345e-06
 3.09805364e-06 4.09908034e-06 5.26116719e-06 6.20398032e-06
 3.43730244e-06 3.77206038e-06 7.27845281e-06 5.90266018e-06
 6.84650513e-06 6.65586276e-06 1.07738824e-05 1.03514976e-05
 1.40450793e-05 1.34390766e-05 1.70853982e-05 1.21515959e-05
 7.68793598e-06 1.27030135e-05 1.81477590e-05 1.71978572e-05
 1.64366975e-05 1.42058752e-05 2.47551416e-05 1.58720577e-05
 1.22143911e-05 2.01330022e-05 3.21716980e-05 3.01088239e-05
 3.39005601e-05 2.29530706e-05 5.45007169e-05 2.17291308e-05
 2.98476098e-05 2.17678480e-05 4.32938978e-05 1.92391162e-05
 1.87074711e-05 2.12709056e-05 3.64411935e-05 1.02596743e-04
 8.83960965e-05 2.71071094e-05 3.36426892e-05 2.59382814e-05
 3.01158489e-05 4.53068824e-05 4.43979261e-05 8.94731784e-05
 4.16236326e-05 3.11388903e-05 3.53268588e-05 2.39402671e-05
 2.91549532e-05 1.30379221e-05 1.53326855e-05 2.03931286e-05
 1.54007939e-05 2.75331840e-05 1.01825817e-05 7.67818528e-06
 6.28574298e-06 8.86398902e-06 1.35464770e-05 1.67352937e-05
 1.21049425e-05 9.45146985e-06 4.75696515e-06 5.73325315e-06
 1.13654123e-05 8.21289996e-06 1.14642025e-05 7.02334546e-06
 1.34394568e-05 5.64958100e-06 8.31823218e-06 1.24317039e-05
 1.61226180e-05 1.42123126e-05 4.31461376e-05 2.03648797e-05
 1.38588885e-05 1.61636981e-05 1.79564795e-05 1.97784448e-05
 1.35228756e-05 7.41353733e-06 1.27482517e-05 7.21779134e-06
 5.29643921e-06 5.64686934e-06 6.44348120e-06 5.26741860e-06
 3.90400828e-06 4.51806727e-06 9.17048328e-06 5.02212606e-06
 1.00045354e-05 3.05599974e-06 4.98762302e-06 5.39778785e-06
 5.96542623e-06 6.72277065e-06 6.84483575e-06 5.43297074e-06
 3.33990351e-06 2.51058259e-06 3.77911419e-06 4.24938798e-06
 3.53738756e-06 4.79522760e-06 3.49187644e-06 3.77593278e-06
 3.10568953e-06 2.95713676e-06 2.11409838e-06 6.22564221e-06
 2.72039802e-06 1.55808846e-06 2.73869136e-06 1.99676174e-06
 2.05478204e-06 2.43048748e-06 2.48577521e-06 2.37452036e-06
 3.03726483e-06 3.41015766e-06 1.36324877e-06 1.21087305e-06
 1.84955923e-06 1.67813005e-06 1.13631256e-06 1.04433877e-06
 1.21031565e-06 9.68383119e-07 2.22744961e-06 1.21911114e-06
 8.26150654e-07 1.24069049e-06 1.81362282e-06 1.61955086e-06
 9.99384497e-07 1.22631297e-06 1.06952120e-06 2.25454482e-06
 1.78977223e-06 1.31202421e-06 8.57228144e-07 4.67509238e-07]
[3.42062776e-07 7.00938244e-07 5.82313078e-07 6.56986288e-07
 4.06525714e-07 4.18869490e-07 2.50992770e-07 4.10290198e-07
 6.27840961e-07 6.73212355e-07 6.77322248e-07 6.39707878e-07
 5.81761697e-07 4.07879838e-07 7.76080640e-07 8.22718903e-07
 1.04987498e-06 9.10245490e-07 1.35735092e-06 2.30029832e-06
 3.08207132e-06 1.34734330e-06 1.92698985e-06 3.39768667e-06
 4.11149722e-06 6.76725494e-06 7.50279150e-06 1.05751706e-05
 3.59835758e-06 4.23806841e-06 3.96033101e-06 3.75366471e-06
 2.93132439e-06 4.53256098e-06 2.68290319e-06 3.23606560e-06
 3.21356310e-06 2.58950354e-06 2.00798308e-06 3.62877472e-06
 1.63378047e-06 3.97782742e-06 2.59907483e-06 1.47814319e-06
 1.22896608e-06 2.38054486e-06 1.51156894e-06 1.77000732e-06
 1.23224288e-06 1.54292172e-06 2.96315079e-06 1.56602800e-06
 1.65658184e-06 3.41954251e-06 2.18249102e-06 4.41266275e-06
 3.34075480e-06 5.62501009e-06 8.96579331e-06 5.10865175e-06
 9.38181529e-06 2.26845691e-06 4.64651885e-06 4.55538702e-06
 3.05466460e-06 2.60368233e-06 3.14592603e-06 4.09187487e-06
 4.66698521e-06 3.25441943e-06 2.36847222e-06 1.88363401e-06
 2.02565502e-06 2.97866245e-06 2.63337802e-06 6.55527992e-06
 6.56358179e-06 3.53051473e-06 2.83717509e-06 4.18997433e-06
 2.95553832e-06 3.99130067e-06 1.12841335e-05 7.88075340e-06
 9.48702200e-06 1.08809081e-05 2.14659176e-05 1.60010040e-05
 8.39722088e-06 1.44763326e-05 1.65431975e-05 1.41153869e-05
 9.28376085e-06 1.50624555e-05 1.37460111e-05 1.79480994e-05
 9.00330178e-06 8.81968026e-06 9.11445113e-06 1.45376571e-05
 1.94818349e-05 2.59886147e-05 3.84966443e-05 4.90194616e-05
 1.62289834e-05 3.07889313e-05 4.06282961e-05 3.12451702e-05
 2.29410889e-05 2.79639007e-05 1.85867484e-05 2.63074617e-05
 2.08931597e-05 2.21253558e-05 2.53222443e-05 1.88007743e-05
 3.19850260e-05 1.48937061e-05 2.72921479e-05 3.47377681e-05
 1.79422332e-05 3.36818084e-05 6.53143434e-05 6.65802218e-05
 3.51756134e-05 2.06860568e-05 2.26082338e-05 1.83985667e-05
 3.08888011e-05 1.40059883e-05 1.62838041e-05 1.51195200e-05
 1.89667317e-05 2.87167295e-05 2.14726806e-05 1.51515014e-05
 8.39710992e-06 1.04875880e-05 1.29218033e-05 6.93925676e-06
 1.21708281e-05 9.53170820e-06 8.27197618e-06 5.24639609e-06
 8.54192604e-06 4.94835194e-06 5.90033551e-06 1.78723276e-05
 7.18260117e-06 9.30887745e-06 1.00548687e-05 1.35602522e-05
 9.64083574e-06 1.51871691e-05 3.04026962e-05 1.77376169e-05
 1.01296855e-05 1.43380576e-05 1.57901250e-05 1.61900680e-05
 1.70008952e-05 1.16048659e-05 1.63505811e-05 9.48715842e-06
 3.56549458e-06 1.13110036e-05 1.12897351e-05 4.18493937e-06
 4.13533553e-06 2.76694959e-06 2.61679361e-06 6.43290105e-06
 8.61679928e-06 5.75432205e-06 7.45677971e-06 6.86056001e-06
 3.45373951e-06 6.83313328e-06 3.18762159e-06 6.33617310e-06
 3.32901004e-06 5.17675835e-06 7.07608160e-06 3.26354643e-06
 4.24684777e-06 2.59793910e-06 4.42928922e-06 6.94617893e-06
 5.39713301e-06 3.59031878e-06 2.12673240e-06 3.19453397e-06
 3.24938446e-06 2.39041606e-06 2.29672582e-06 1.28092881e-06
 1.64614937e-06 4.55477630e-06 3.92931361e-06 2.91230094e-06
 1.95194320e-06 2.65880294e-06 2.43301565e-06 2.01650005e-06
 1.43723480e-06 1.45978936e-06 2.37357176e-06 3.12344969e-06
 1.18333310e-06 1.82451561e-06 1.66796144e-06 6.62542504e-07
 1.21026835e-06 1.30537455e-06 2.45945353e-06 1.33180072e-06
 2.74498052e-06 1.16819558e-06 1.94135714e-06 2.09523955e-06
 1.61489186e-06 7.65044149e-07 4.29012601e-07 7.24184417e-07]
[2.14269292e-07 4.83306678e-07 5.68971871e-07 1.09434711e-06
 6.37465803e-07 6.07409561e-07 5.88938349e-07 5.32768979e-07
 3.32600820e-07 5.06670517e-07 5.19463981e-07 1.60453862e-06
 7.82535437e-07 7.89183332e-07 1.64858739e-06 1.45833883e-06
 1.92068183e-06 1.80528525e-06 1.66197526e-06 2.29593434e-06
 2.47792627e-06 1.96977999e-06 2.64070059e-06 2.76229071e-06
 3.77125252e-06 5.84906729e-06 6.61189142e-06 8.16520969e-06
 4.25238659e-06 4.31691888e-06 6.36423056e-06 2.35584457e-06
 3.33494313e-06 5.91610797e-06 3.49606375e-06 3.20860659e-06
 4.51379083e-06 3.18598359e-06 3.77192487e-06 4.93550397e-06
 2.28625754e-06 2.73398291e-06 4.44937859e-06 3.11907002e-06
 2.35967332e-06 2.36293272e-06 3.52021311e-06 4.68029566e-06
 2.85668921e-06 2.28325325e-06 2.60976321e-06 2.78513107e-06
 2.42591636e-06 4.82368296e-06 5.24457573e-06 4.53055827e-06
 7.95535743e-06 7.50695835e-06 8.33753347e-06 8.70832264e-06
 6.77163325e-06 4.31251965e-06 6.53308734e-06 4.97128167e-06
 4.78150650e-06 6.02805312e-06 6.30881414e-06 3.28450847e-06
 3.06616244e-06 3.86114925e-06 7.21774086e-06 5.32962576e-06
 4.88743672e-06 2.22593167e-06 2.62115168e-06 5.20272670e-06
 4.10476196e-06 3.62184460e-06 7.18461479e-06 5.84989129e-06
 6.24924496e-06 8.52669746e-06 1.16902520e-05 8.27055646e-06
 7.22024697e-06 6.95004701e-06 1.14311415e-05 1.31518973e-05
 2.13323965e-05 2.24281102e-05 2.15469317e-05 1.82093445e-05
 1.25109327e-05 1.19840088e-05 8.71101292e-06 2.19939466e-05
 1.76773410e-05 1.44904552e-05 1.86189700e-05 7.51134712e-06
 2.08847650e-05 1.95377506e-05 2.99658404e-05 3.11465083e-05
 3.52828174e-05 2.42155129e-05 3.78759178e-05 6.36765762e-05
 3.04531950e-05 1.89289731e-05 4.77324211e-05 2.51450329e-05
 2.16758363e-05 3.08740855e-05 2.96255803e-05 5.00649949e-05
 5.00485876e-05 2.35860425e-05 3.93224946e-05 4.66034508e-05
 3.71491515e-05 9.77693344e-05 7.26248618e-05 5.41976951e-05
 4.87328944e-05 1.64647718e-05 2.71980552e-05 4.79342161e-05
 2.88755691e-05 1.53906931e-05 2.64737610e-05 2.80037202e-05
 2.26673601e-05 2.03733507e-05 2.44317489e-05 2.63078855e-05
 1.20362029e-05 6.15005547e-06 1.24598764e-05 9.07322828e-06
 1.39002541e-05 1.02068725e-05 9.23762218e-06 1.21915700e-05
 1.16606125e-05 1.11492545e-05 1.21342227e-05 9.59701811e-06
 1.46156535e-05 1.28528527e-05 1.46221018e-05 1.37811294e-05
 1.88120084e-05 2.22822910e-05 3.44348482e-05 1.41308992e-05
 1.55805938e-05 6.14310557e-06 1.66578684e-05 2.63050588e-05
 1.71649135e-05 1.16185438e-05 5.98570978e-06 1.53675010e-05
 7.01946374e-06 1.05587096e-05 1.16873753e-05 1.56781534e-05
 1.41241990e-05 3.38723930e-06 5.93827508e-06 7.87438239e-06
 4.64027971e-06 8.18412536e-06 5.67434836e-06 5.74453270e-06
 7.29239628e-06 7.27788029e-06 4.33830064e-06 3.62468222e-06
 5.38226641e-06 4.97339670e-06 5.89196634e-06 6.00283920e-06
 4.63648439e-06 3.35104937e-06 5.92245988e-06 3.48293452e-06
 6.57352393e-06 2.71972681e-06 1.86465149e-06 2.79368828e-06
 4.66920756e-06 6.52551944e-06 4.18697209e-06 2.55097802e-06
 3.39537291e-06 1.67523774e-06 2.75114303e-06 1.95027269e-06
 2.20491142e-06 2.04453431e-06 3.43690954e-06 1.87891908e-06
 2.21693176e-06 9.93268827e-07 3.02950252e-06 3.69629379e-06
 2.02954106e-06 1.23450945e-06 1.66188454e-06 1.09446080e-06
 1.43956822e-06 9.58560804e-07 1.65923359e-06 1.72516809e-06
 1.52624716e-06 1.00907653e-06 3.97344638e-06 1.38166786e-06
 1.75807907e-06 5.12166082e-07 7.13836641e-07 1.20832817e-06]
[3.27355025e-07 1.03106470e-06 7.94333403e-07 1.01963690e-06
 6.95951996e-07 5.64376194e-07 5.26545648e-07 6.70555892e-07
 1.03657737e-06 1.16898070e-06 9.88284569e-07 6.69507529e-07
 1.73262026e-06 9.25609186e-07 1.01593889e-06 1.32439527e-06
 1.68347378e-06 1.69220800e-06 2.00280829e-06 2.89017112e-06
 3.24412395e-06 2.83979739e-06 3.13989108e-06 6.35481410e-06
 5.11257394e-06 7.08085645e-06 5.11622420e-06 9.71185091e-06
 1.09305984e-05 4.68914868e-06 4.51121559e-06 7.49366291e-06
 4.19113712e-06 5.36075322e-06 4.07713151e-06 2.30624050e-06
 2.96817780e-06 2.85961141e-06 2.71323006e-06 4.78526954e-06
 3.04567061e-06 1.95136522e-06 2.95358223e-06 2.87069270e-06
 2.36436404e-06 1.52755774e-06 2.64318874e-06 4.47113780e-06
 3.85696831e-06 4.44330726e-06 2.02127990e-06 6.01230340e-06
 3.31029173e-06 3.08981976e-06 4.05830315e-06 5.71153714e-06
 4.89718059e-06 4.91583887e-06 9.14098291e-06 7.41914482e-06
 6.91294781e-06 4.98829513e-06 5.64247102e-06 5.11818644e-06
 5.82014445e-06 7.94679272e-06 1.07350415e-05 5.43628767e-06
 7.10161066e-06 3.83109682e-06 5.53511563e-06 5.76764023e-06
 2.84092243e-06 3.36776975e-06 3.58893772e-06 3.91101321e-06
 3.64895936e-06 4.79130495e-06 5.91816070e-06 6.45219416e-06
 4.62250546e-06 7.09972073e-06 1.26397472e-05 7.64699962e-06
 1.33475978e-05 1.16464398e-05 9.94327638e-06 2.66601583e-05
 1.51352842e-05 2.84271973e-05 3.20758118e-05 2.17916531e-05
 1.20256072e-05 2.11984679e-05 1.71266602e-05 2.25145322e-05
 1.79699400e-05 1.42312374e-05 1.88859140e-05 1.62182932e-05
 1.09979301e-05 2.93556368e-05 2.34025483e-05 3.33194148e-05
 2.30466921e-05 6.29895731e-05 2.56350522e-05 3.47676323e-05
 3.09291536e-05 3.72803333e-05 5.13183586e-05 5.90999443e-05
 3.99757082e-05 5.10075370e-05 6.06063732e-05 3.53839750e-05
 3.89916931e-05 5.19317000e-05 4.13566886e-05 3.59472797e-05
 4.42868914e-05 5.48135722e-05 8.99271399e-05 8.26226023e-05
 2.82984038e-05 2.50324247e-05 1.61894131e-05 3.01990967e-05
 4.56063244e-05 2.69406828e-05 2.34358886e-05 1.75515252e-05
 1.87327514e-05 2.68889362e-05 1.59956635e-05 2.00885115e-05
 1.29328737e-05 5.78026675e-06 7.02314173e-06 1.64638714e-05
 1.81875221e-05 5.68918404e-06 9.67692449e-06 1.24981116e-05
 2.00307932e-05 1.39023532e-05 9.00235773e-06 8.75524256e-06
 2.24449377e-05 2.49609784e-05 1.45762424e-05 1.75906371e-05
 3.51170565e-05 3.56584387e-05 3.59813093e-05 2.62800750e-05
 2.33800329e-05 1.72437303e-05 1.90592054e-05 2.02598585e-05
 1.84755136e-05 1.24919434e-05 1.54257486e-05 1.55371272e-05
 1.42234758e-05 1.52762714e-05 1.32554742e-05 2.27472829e-05
 1.10769879e-05 7.88500711e-06 6.80889707e-06 6.97027144e-06
 5.60849958e-06 7.20154503e-06 7.83234191e-06 5.27274460e-06
 1.25863944e-05 6.78279457e-06 5.60211993e-06 5.02712464e-06
 2.38481948e-06 3.16018554e-06 3.72187424e-06 3.03673073e-06
 4.23528081e-06 3.84348550e-06 9.94289530e-06 4.01868556e-06
 2.85950705e-06 5.58794500e-06 4.08031156e-06 9.14372140e-06
 6.28042471e-06 4.79206346e-06 2.20278730e-06 4.54304518e-06
 3.56698433e-06 2.29235320e-06 2.46308991e-06 2.03892432e-06
 1.22570805e-06 2.22727067e-06 1.93695155e-06 2.57481884e-06
 2.19266485e-06 1.95559505e-06 1.67028372e-06 1.63145103e-06
 1.56359340e-06 1.87859268e-06 2.64490041e-06 2.23845223e-06
 1.70068461e-06 7.36767504e-07 7.79309914e-07 1.49498374e-06
 1.22168558e-06 2.25590497e-06 2.60773481e-06 3.02090007e-06
 1.49314883e-06 9.01863984e-07 1.08414838e-06 7.92777485e-07]
[3.02312912e-07 9.39071867e-07 7.61683339e-07 1.28414979e-06
 6.63256571e-07 2.61178485e-07 6.95018514e-07 4.93003199e-07
 5.69923770e-07 4.29425796e-07 4.00550533e-07 6.00606711e-07
 6.13503346e-07 5.26606300e-07 1.00504906e-06 1.22641734e-06
 1.78810285e-06 8.20108710e-07 1.72777493e-06 2.85501665e-06
 2.84416706e-06 2.82967812e-06 4.12095278e-06 2.44842863e-06
 6.56028215e-06 3.94234803e-06 7.99085228e-06 5.14927297e-06
 6.68233815e-06 4.25329790e-06 4.46733748e-06 4.24606742e-06
 4.74818626e-06 3.15073498e-06 3.78762525e-06 2.03910167e-06
 2.72651482e-06 3.41941632e-06 3.22022447e-06 3.82043208e-06
 3.60777813e-06 3.32028753e-06 2.66109168e-06 2.06271602e-06
 1.60617674e-06 1.89087962e-06 1.88564400e-06 2.78377024e-06
 1.82245856e-06 1.60375419e-06 3.42709359e-06 2.84321868e-06
 2.82719611e-06 2.24210930e-06 2.69306111e-06 3.28204351e-06
 5.97305416e-06 6.36359937e-06 9.03752698e-06 9.89344244e-06
 1.11251347e-05 4.76912419e-06 6.89342187e-06 6.55267604e-06
 1.61845437e-05 9.81954508e-06 6.36980485e-06 5.93548975e-06
 5.13988562e-06 3.74552405e-06 3.61758271e-06 3.31244314e-06
 4.49244862e-06 5.14436351e-06 8.69906489e-06 4.05513265e-06
 4.28631847e-06 5.12583438e-06 8.50671677e-06 7.30646525e-06
 7.65490495e-06 5.08099356e-06 1.34535103e-05 9.42838869e-06
 1.08532040e-05 8.42018471e-06 1.24778717e-05 2.12375180e-05
 1.64534449e-05 1.18377347e-05 3.54325275e-05 9.69570010e-06
 8.90302454e-06 8.50732340e-06 1.37585876e-05 1.30632297e-05
 1.39745207e-05 1.01884043e-05 2.06923432e-05 1.92426141e-05
 1.46600532e-05 1.06931184e-05 2.35708230e-05 2.54828101e-05
 2.93681223e-05 2.67430078e-05 5.26464828e-05 2.96209564e-05
 3.00950578e-05 3.15327525e-05 3.37992678e-05 2.66436473e-05
 3.57117933e-05 2.13384046e-05 4.50836778e-05 4.11446963e-05
 3.69503796e-05 3.71202768e-05 2.76152368e-05 3.32896343e-05
 5.43799724e-05 6.29994538e-05 1.11996145e-04 4.60024421e-05
 2.32851507e-05 2.20197344e-05 3.03825491e-05 3.38779464e-05
 2.25523199e-05 1.81719479e-05 1.66087993e-05 2.14776464e-05
 1.55188154e-05 1.56250844e-05 1.82121275e-05 1.56401748e-05
 1.08781705e-05 7.71065061e-06 1.02824733e-05 9.71280406e-06
 1.36804765e-05 6.88192449e-06 9.38004814e-06 7.42216753e-06
 1.05412882e-05 8.59117517e-06 2.68317581e-05 2.19555423e-05
 2.00737722e-05 1.34308730e-05 2.12692375e-05 1.13648812e-05
 2.38042412e-05 5.12948027e-05 4.75025845e-05 2.03113905e-05
 3.90333189e-05 1.28322836e-05 2.26255597e-05 4.60415649e-05
 1.73027311e-05 1.70312014e-05 1.34314832e-05 1.31949755e-05
 8.91884065e-06 1.14904396e-05 1.16677375e-05 1.85169029e-05
 5.93884033e-06 6.79056757e-06 6.30482418e-06 5.75486365e-06
 7.63452135e-06 3.41208374e-06 1.99950591e-06 4.06469690e-06
 8.98458438e-06 9.07865160e-06 7.95578217e-06 2.55016471e-06
 3.50410755e-06 2.43620048e-06 1.15855437e-05 8.09233279e-06
 4.24408790e-06 3.85324120e-06 3.28086094e-06 4.37038852e-06
 2.14041279e-06 1.89207219e-06 2.77613367e-06 3.70079306e-06
 2.83033137e-06 2.24328051e-06 3.38910036e-06 4.36767004e-06
 1.77915626e-06 2.05110314e-06 1.29138755e-06 1.94371592e-06
 1.37569623e-06 1.17026968e-06 1.50021833e-06 1.35403968e-06
 1.81189580e-06 2.39678729e-06 1.39845235e-06 1.47186631e-06
 1.43214459e-06 1.01733826e-06 8.77104583e-07 1.77106233e-06
 2.10620215e-06 1.48133461e-06 1.08872462e-06 9.69875146e-07
 8.11713619e-07 2.79869255e-06 2.95524774e-06 1.37262532e-06
 1.25661506e-06 4.14368060e-07 2.83147443e-07 6.03673641e-07]
[1.87190608e-07 5.41461475e-07 2.15733689e-06 1.88825061e-06
 5.09836298e-07 5.40900771e-07 4.93304867e-07 9.84780741e-07
 4.88031617e-07 5.52497511e-07 3.90116980e-07 6.69005374e-07
 6.43312433e-07 7.12121164e-07 1.20438006e-06 1.00247837e-06
 1.34557320e-06 8.08191601e-07 1.54644420e-06 1.84077953e-06
 1.84323369e-06 2.97518341e-06 2.31917215e-06 4.10304210e-06
 4.09643098e-06 4.92057461e-06 5.77168248e-06 9.74571958e-06
 4.77170352e-06 4.02070464e-06 6.09427889e-06 6.05820560e-06
 3.73726766e-06 3.45537887e-06 4.61273248e-06 3.23747372e-06
 2.49305890e-06 1.58895125e-06 1.87020942e-06 3.75851482e-06
 2.55236660e-06 2.66337815e-06 3.91001868e-06 2.90482171e-06
 3.10699829e-06 1.40861982e-06 2.79352230e-06 2.33641094e-06
 2.66532606e-06 2.83158352e-06 3.04397622e-06 1.92335892e-06
 2.73209730e-06 2.48528045e-06 2.94385700e-06 7.37265145e-06
 4.15286786e-06 4.68679582e-06 7.23705671e-06 8.74654870e-06
 6.84417500e-06 6.65117159e-06 7.19592163e-06 1.71574302e-05
 2.35444895e-05 8.77180173e-06 3.88017861e-06 6.11379573e-06
 4.73918271e-06 2.95865971e-06 4.24554673e-06 2.86261070e-06
 2.70298187e-06 5.77781066e-06 6.04485876e-06 4.35056563e-06
 5.01389422e-06 2.41306930e-06 4.98352483e-06 5.78799882e-06
 9.01772182e-06 6.80682388e-06 9.23046082e-06 7.18380215e-06
 8.45938484e-06 4.90413868e-06 7.59798104e-06 9.86461691e-06
 1.45094828e-05 1.26527229e-05 2.11476345e-05 1.74805027e-05
 1.34090697e-05 1.20775485e-05 2.73289479e-05 2.52019727e-05
 2.71175832e-05 1.64271987e-05 2.15706459e-05 2.40680765e-05
 2.61593832e-05 1.98822036e-05 1.35736736e-05 1.80212428e-05
 3.38589489e-05 4.05491955e-05 2.02442770e-05 4.24989885e-05
 2.00887207e-05 2.17244178e-05 4.31934714e-05 4.31298977e-05
 6.06953727e-05 8.83448520e-05 7.59776813e-05 5.88564180e-05
 2.60982124e-05 4.78874608e-05 2.21461869e-05 5.60344488e-05
 7.70511906e-05 5.52296660e-05 8.35778192e-05 4.51435953e-05
 2.95961345e-05 2.43526974e-05 4.99551570e-05 7.41700569e-05
 1.54326899e-05 3.93333721e-05 1.37676652e-05 7.90616377e-06
 1.96318015e-05 3.02055032e-05 2.68101139e-05 1.80739662e-05
 1.22474257e-05 1.07922415e-05 8.47065439e-06 1.45432532e-05
 1.19454089e-05 5.31591422e-06 1.79848157e-05 7.97721168e-06
 9.60682064e-06 1.39531721e-05 1.75643072e-05 1.26843870e-05
 1.45496961e-05 2.55650539e-05 1.56336991e-05 2.70183864e-05
 1.75274581e-05 9.80972527e-06 3.14839708e-05 3.15532925e-05
 1.02880440e-05 1.82820440e-05 1.20370796e-05 1.76546982e-05
 1.94235054e-05 2.18342902e-05 1.33386957e-05 1.72486034e-05
 1.22839192e-05 1.35473956e-05 2.22210710e-05 2.43988834e-05
 4.90633010e-06 5.79796460e-06 7.98788733e-06 8.57613486e-06
 3.85493513e-06 9.44310250e-06 4.70136456e-06 6.61956210e-06
 7.09659435e-06 4.13477665e-06 8.44858096e-06 3.62647984e-06
 6.58701492e-06 6.63743640e-06 4.84188286e-06 1.29706750e-05
 3.39982421e-06 2.63223319e-06 3.05161052e-06 3.76342518e-06
 4.54757310e-06 2.36719984e-06 4.37363269e-06 3.30474791e-06
 6.34100115e-06 7.07127901e-06 3.05631693e-06 2.62178514e-06
 1.70489955e-06 2.13760563e-06 1.21912387e-06 1.74109539e-06
 1.39924157e-06 9.04038188e-07 1.80766131e-06 1.53437168e-06
 1.16376066e-06 1.29272064e-06 1.52097437e-06 1.87386877e-06
 1.36992458e-06 8.79178003e-07 9.29135240e-07 1.70074020e-06
 1.82282895e-06 8.84312385e-07 8.82006304e-07 1.71658905e-06
 1.13933902e-06 2.68283361e-06 1.53454255e-06 2.99771932e-06
 6.60286048e-07 7.51260075e-07 8.16153943e-07 3.97919280e-07]
[2.97318508e-07 8.13708311e-07 1.10450992e-06 1.48683694e-06
 1.28369402e-06 5.82473092e-07 4.88347837e-07 1.32165462e-06
 7.29728129e-07 3.34888938e-07 5.96445147e-07 4.88937246e-07
 4.14600578e-07 6.61424281e-07 1.05915433e-06 1.40008024e-06
 1.46963396e-06 1.13184183e-06 9.56367899e-07 1.40636837e-06
 2.06405934e-06 1.72813373e-06 6.76972149e-06 6.99118982e-06
 5.10204472e-06 6.40771259e-06 6.44552347e-06 1.06052721e-05
 3.40061524e-06 6.05399555e-06 4.94143296e-06 7.29147951e-06
 4.68484586e-06 3.21515495e-06 3.22465348e-06 2.84700764e-06
 2.21343112e-06 1.85235922e-06 4.06785375e-06 3.90503237e-06
 2.31709646e-06 2.84060116e-06 3.33539901e-06 2.91702418e-06
 2.98410009e-06 1.87066314e-06 2.59434933e-06 2.39688802e-06
 2.76765581e-06 2.73917249e-06 3.75158493e-06 3.41433224e-06
 2.22488438e-06 2.45148271e-06 3.72043974e-06 6.22613334e-06
 4.25744156e-06 1.55090729e-05 1.35225855e-05 8.49763273e-06
 1.10443916e-05 1.31129054e-05 7.30084366e-06 7.22291816e-06
 1.51398572e-05 4.40501071e-06 5.41149211e-06 5.18171510e-06
 6.39916516e-06 3.85364137e-06 8.80873631e-06 4.02918658e-06
 6.34850812e-06 3.78598088e-06 7.82202915e-06 5.96868085e-06
 7.03376509e-06 5.05457456e-06 1.10613046e-05 6.46306444e-06
 7.59633122e-06 5.41203008e-06 9.36678862e-06 7.54214079e-06
 1.18001917e-05 6.32412639e-06 9.67939559e-06 9.92866262e-06
 1.72398813e-05 1.44864134e-05 2.06356490e-05 2.01231633e-05
 1.66229493e-05 1.37586349e-05 1.71023148e-05 2.58656019e-05
 1.86447451e-05 1.31897441e-05 2.79273900e-05 3.50166410e-05
 2.05909819e-05 1.37637335e-05 2.28444842e-05 2.74845006e-05
 1.96951605e-05 3.03861743e-05 4.43437493e-05 2.53399758e-05
 2.51599758e-05 1.68299866e-05 3.53663891e-05 4.13745329e-05
 4.33842688e-05 5.68787800e-05 5.76191196e-05 3.67876455e-05
 2.60365268e-05 2.63819729e-05 3.97485055e-05 3.75928757e-05
 1.66618756e-05 4.89578779e-05 4.34357389e-05 6.68422726e-05
 3.79206649e-05 1.88125432e-05 2.51867077e-05 5.79908228e-05
 2.71558729e-05 1.91244908e-05 3.60102313e-05 3.59304722e-05
 1.81619234e-05 1.36497265e-05 1.57703198e-05 1.15788389e-05
 1.22307310e-05 1.26778978e-05 2.06304248e-05 2.61418409e-05
 8.86214184e-06 7.75663011e-06 1.34396805e-05 8.19190245e-06
 1.36174094e-05 2.15713208e-05 1.32792802e-05 8.59591364e-06
 1.35951714e-05 1.00260704e-05 1.27716439e-05 3.68922119e-05
 2.24798496e-05 1.79543586e-05 1.77372185e-05 1.17147256e-05
 1.60094551e-05 1.20240838e-05 2.57537886e-05 1.40072252e-05
 1.47882956e-05 1.21743933e-05 1.14748109e-05 5.44464456e-06
 5.90021364e-06 1.66428799e-05 1.82977910e-05 1.17275486e-05
 1.98393100e-05 7.87869794e-06 1.37847528e-05 6.11707082e-06
 4.68917960e-06 3.70563157e-06 5.02302419e-06 5.23970402e-06
 4.61474247e-06 7.91593084e-06 2.30113146e-05 5.08225685e-06
 6.96797770e-06 4.92232675e-06 7.08558809e-06 6.03538729e-06
 3.62126843e-06 3.21403445e-06 5.47935861e-06 3.09667325e-06
 2.39941096e-06 2.55056307e-06 4.34987669e-06 3.17375907e-06
 3.73262105e-06 2.88697265e-06 3.13809960e-06 5.70369775e-06
 5.92780771e-06 3.07746177e-06 1.20744812e-06 2.26855968e-06
 1.46420950e-06 1.18906394e-06 1.35844857e-06 1.39721885e-06
 6.22303446e-07 7.58518411e-07 1.69591783e-06 2.65911513e-06
 1.91812137e-06 1.36959432e-06 1.39694077e-06 7.55166809e-07
 1.01781313e-06 2.30277783e-06 1.76932610e-06 2.20169659e-06
 1.11499355e-06 1.12801752e-06 1.04491107e-06 1.02905858e-06
 3.28962301e-07 1.37638381e-06 4.22560561e-07 2.99135309e-07]
[4.46381819e-07 6.42892417e-07 8.50109870e-07 9.38393953e-07
 6.89673186e-07 4.55807054e-07 6.68325868e-07 6.77627497e-07
 5.85996133e-07 4.81481834e-07 9.31951945e-07 5.31482385e-07
 7.35137121e-07 4.70062645e-07 8.37956406e-07 2.06379332e-06
 1.59744638e-06 1.33634478e-06 2.92188111e-06 9.97263555e-07
 1.57106297e-06 2.49217192e-06 4.03413787e-06 4.12261261e-06
 6.54701034e-06 5.07326695e-06 4.07127527e-06 4.61327545e-06
 5.16309819e-06 5.08031872e-06 1.86917543e-06 4.94506685e-06
 4.28938847e-06 4.05003311e-06 2.64490495e-06 3.87411592e-06
 2.11420615e-06 1.41844066e-06 7.06819037e-06 6.25420353e-06
 3.33178491e-06 2.00544559e-06 2.10066605e-06 3.53777227e-06
 1.70230931e-06 2.43330828e-06 2.65266294e-06 2.33609785e-06
 1.95099005e-06 2.84283419e-06 3.24784901e-06 3.78603931e-06
 3.95638062e-06 4.02001933e-06 2.92023537e-06 5.91368780e-06
 4.79587470e-06 6.68124676e-06 1.30594453e-05 3.09453753e-05
 1.16495130e-05 1.03329412e-05 1.06225862e-05 1.30563349e-05
 1.15808034e-05 8.10436995e-06 7.81045310e-06 7.84644544e-06
 4.92171102e-06 6.47196066e-06 3.72917293e-06 1.08783524e-05
 6.58460021e-06 9.16263161e-06 7.38276276e-06 7.26220287e-06
 5.31337400e-06 9.10580729e-06 6.28390808e-06 1.07484857e-05
 5.74271098e-06 1.00163406e-05 1.33151289e-05 1.51507775e-05
 8.55358121e-06 6.16084435e-06 1.13307678e-05 2.60316956e-05
 1.39753820e-05 1.42387607e-05 9.83791961e-06 2.59879816e-05
 2.93575522e-05 1.45190716e-05 1.90577648e-05 2.35607440e-05
 2.18364585e-05 1.66662594e-05 2.22321105e-05 1.91887793e-05
 2.23709430e-05 1.40097654e-05 1.75125479e-05 3.19180144e-05
 2.66955612e-05 2.90180687e-05 3.58288889e-05 2.64455830e-05
 6.32378215e-05 2.27891851e-05 3.25233741e-05 8.52899320e-05
 4.12978588e-05 4.45636579e-05 2.82880574e-05 4.25674625e-05
 3.73712865e-05 2.73828919e-05 4.50733969e-05 1.20225828e-04
 5.58882311e-05 2.51784895e-05 6.62937164e-05 7.10909881e-05
 5.27589691e-05 3.11453514e-05 2.15053060e-05 1.91551135e-05
 1.91601430e-05 3.50532900e-05 2.89099535e-05 1.59118135e-05
 3.38339014e-05 1.18761091e-05 1.30723056e-05 1.21688072e-05
 1.45677004e-05 1.57335617e-05 2.55326158e-05 1.34890442e-05
 1.23797172e-05 8.32065689e-06 2.64128903e-05 2.75714501e-05
 1.37471952e-05 2.95396385e-05 2.09642021e-05 3.50820374e-05
 1.83528009e-05 1.46374150e-05 5.31099649e-05 1.74830511e-05
 2.44951971e-05 1.54273403e-05 1.77051752e-05 2.72123780e-05
 2.03055006e-05 1.51051563e-05 1.38297701e-05 1.34658412e-05
 1.78969713e-05 1.13030846e-05 1.34169413e-05 7.54682651e-06
 5.53517202e-06 7.30429883e-06 1.40499424e-05 1.80990119e-05
 1.26257009e-05 1.08691047e-05 1.78161590e-05 9.82885922e-06
 5.66778726e-06 4.58559407e-06 4.74834042e-06 7.18471711e-06
 5.33250250e-06 5.10380050e-06 8.43765429e-06 7.18486672e-06
 4.80472954e-06 4.60908541e-06 5.31463365e-06 7.99648114e-06
 5.42931366e-06 5.14925205e-06 7.51274274e-06 3.54893223e-06
 2.93890139e-06 2.69407360e-06 2.61916853e-06 2.97459724e-06
 2.64693699e-06 3.92020092e-06 4.93123252e-06 4.25180997e-06
 1.82884685e-06 3.48971139e-06 1.01713067e-06 2.16195735e-06
 1.57732586e-06 1.05411891e-06 1.52883820e-06 1.80454663e-06
 8.79826700e-07 8.18856961e-07 8.86301848e-07 1.99315195e-06
 1.08745314e-06 6.63906121e-07 9.37357527e-07 1.55537998e-06
 1.24493852e-06 1.33055266e-06 1.67911730e-06 1.34990421e-06
 9.44948908e-07 2.33583773e-06 1.15595651e-06 2.45650722e-06
 1.17939999e-06 3.93280970e-07 8.86363125e-07 3.08293835e-07]
[1.87301978e-07 3.53952515e-07 1.28575778e-06 6.37217227e-07
 3.95690222e-07 6.53271684e-07 7.47051047e-07 1.14143847e-06
 5.75597880e-07 4.13386914e-07 3.94699669e-07 3.43641574e-07
 4.04707720e-07 6.62805576e-07 8.60386820e-07 9.91578077e-07
 1.43804027e-06 5.35421350e-07 1.01714886e-06 1.92816174e-06
 2.00452200e-06 3.95490360e-06 5.57985413e-06 2.72588386e-06
 3.65004166e-06 5.97886037e-06 2.23139227e-06 5.03662613e-06
 6.18038348e-06 2.95819314e-06 2.72340912e-06 3.05924277e-06
 2.85515739e-06 2.84289126e-06 2.85021201e-06 2.53679741e-06
 2.30437627e-06 3.58608145e-06 5.28723876e-06 3.38243922e-06
 1.78705375e-06 1.55814121e-06 2.34063623e-06 1.48483957e-06
 1.37503014e-06 1.48298659e-06 2.25997314e-06 2.07813673e-06
 1.91917593e-06 2.50613834e-06 2.12424379e-06 3.44472505e-06
 6.44294187e-06 5.99115947e-06 8.41043493e-06 3.70114617e-06
 3.82833514e-06 5.23623976e-06 2.29826601e-05 2.17936886e-05
 6.26857582e-06 5.65346772e-06 1.29388682e-05 2.32542952e-05
 6.86639760e-06 7.95950291e-06 5.49169454e-06 7.72788917e-06
 7.73527972e-06 7.93184245e-06 2.34636100e-05 9.57411794e-06
 5.07706636e-06 7.39388042e-06 6.20457968e-06 1.00958014e-05
 4.18109448e-06 6.27688087e-06 6.80210724e-06 7.46204978e-06
 5.78063191e-06 6.71289536e-06 1.43145526e-05 9.55908854e-06
 8.25205643e-06 6.47313209e-06 1.33864478e-05 1.02805270e-05
 1.64951907e-05 8.66384380e-06 1.45057120e-05 1.25809929e-05
 1.50601309e-05 9.47244280e-06 1.32586310e-05 2.03857871e-05
 1.15133926e-05 1.74335601e-05 1.50850829e-05 1.93939832e-05
 2.19956110e-05 1.43085736e-05 1.84664768e-05 1.42651670e-05
 1.26406076e-05 2.13184121e-05 1.95112661e-05 2.16376848e-05
 4.11219844e-05 2.76884184e-05 2.25248441e-05 3.92034817e-05
 2.21006139e-05 2.31453105e-05 2.47538555e-05 3.75817654e-05
 2.34634281e-05 2.31670729e-05 6.77133066e-05 5.56144914e-05
 3.19393184e-05 4.03253616e-05 4.58125469e-05 5.28045202e-05
 3.52847455e-05 4.16385847e-05 3.77739743e-05 4.24658829e-05
 2.22148956e-05 1.08387076e-05 1.39238591e-05 1.30183880e-05
 6.19435159e-05 3.14478675e-05 1.12155949e-05 1.53562487e-05
 1.86191064e-05 9.49787955e-06 1.29543841e-05 1.00828565e-05
 7.38902827e-06 8.76178547e-06 8.44150509e-06 2.38987413e-05
 2.00818959e-05 2.25595068e-05 1.17542259e-05 1.58145722e-05
 1.27962621e-05 8.41590099e-06 1.24374283e-05 3.04544756e-05
 1.05074396e-05 1.30299113e-05 1.30858325e-05 1.31517590e-05
 9.91212710e-06 1.09719767e-05 1.36517529e-05 1.62546785e-05
 8.60547425e-06 6.73039858e-06 8.85882673e-06 9.20847106e-06
 7.81389826e-06 6.41664747e-06 6.94645132e-06 7.43102510e-06
 8.82522090e-06 9.38637186e-06 7.93912204e-06 6.30680142e-06
 5.16355067e-06 1.58734692e-05 6.00170324e-06 4.58363638e-06
 7.63041407e-06 2.91519450e-06 4.01899206e-06 4.80528252e-06
 6.34925527e-06 8.48971285e-06 1.38170226e-05 1.61811677e-05
 7.55303199e-06 5.15911734e-06 4.59132616e-06 2.87074840e-06
 2.88029264e-06 2.27962664e-06 3.11178542e-06 1.73821047e-06
 2.01589705e-06 2.79378696e-06 2.39650967e-06 5.86241367e-06
 2.35622451e-06 1.25710960e-06 9.36284152e-07 3.15576403e-06
 2.00411114e-06 6.81630297e-07 6.99976511e-07 9.01364444e-07
 9.16092006e-07 1.60310628e-06 1.35525397e-06 9.08726349e-07
 1.56462556e-06 2.03766763e-06 7.72896783e-07 1.26250575e-06
 1.17312243e-06 7.80886410e-07 8.22844356e-07 6.50670074e-07
 7.68699465e-07 8.54996131e-07 2.21632513e-06 1.26989005e-06
 7.27568420e-07 5.68925827e-07 7.45016052e-07 3.59227982e-07]
[2.94227817e-07 4.16987945e-07 4.30631957e-07 5.97954283e-07
 3.55309311e-07 3.88952827e-07 6.77595551e-07 7.20745447e-07
 3.92289479e-07 4.94014841e-07 7.25434973e-07 5.54120845e-07
 4.91762762e-07 6.62089803e-07 6.86523435e-07 6.91536059e-07
 7.28033967e-07 1.00762452e-06 9.01438398e-07 1.76690764e-06
 3.10158794e-06 1.88239972e-06 2.92925688e-06 4.21642562e-06
 3.62049354e-06 2.47875596e-06 3.10347536e-06 3.24370490e-06
 4.65619223e-06 5.03182173e-06 2.74475656e-06 2.73217097e-06
 3.96477981e-06 3.16465025e-06 2.26524548e-06 2.22371750e-06
 2.82860560e-06 9.10123788e-07 1.97432382e-06 2.51230585e-06
 2.48524543e-06 1.83599502e-06 2.10510029e-06 1.50491962e-06
 1.58656042e-06 1.26324301e-06 1.57770728e-06 1.38626035e-06
 2.64084633e-06 1.85067449e-06 3.63862910e-06 5.14965586e-06
 3.89882416e-06 6.91263949e-06 7.61782940e-06 4.46586682e-06
 4.44730858e-06 5.93205777e-06 2.31236572e-05 1.48052968e-05
 4.18769696e-06 7.86001965e-06 5.24149664e-06 7.54338362e-06
 5.82015491e-06 6.64168647e-06 4.36601704e-06 5.15004876e-06
 7.55879410e-06 9.39116580e-06 7.69596318e-06 7.42916382e-06
 5.01006070e-06 8.37909192e-06 5.08388575e-06 1.17700665e-05
 6.95336121e-06 7.61700858e-06 1.05900654e-05 1.08209924e-05
 7.14973567e-06 8.71719112e-06 1.88679696e-05 1.44652849e-05
 9.28389909e-06 8.95077483e-06 1.02958484e-05 9.37336426e-06
 9.70812926e-06 1.12730841e-05 1.26879413e-05 2.35345215e-05
 1.30859853e-05 9.60177658e-06 1.27727908e-05 9.57249267e-06
 1.87841451e-05 1.79794388e-05 1.16654001e-05 2.55256473e-05
 2.24068190e-05 1.13243723e-05 1.61576536e-05 1.95318607e-05
 1.67744856e-05 1.05990393e-05 1.77111760e-05 2.11954612e-05
 4.04252969e-05 2.58145719e-05 2.17747875e-05 1.58271741e-05
 2.45698266e-05 1.96007768e-05 1.88478389e-05 1.68514907e-05
 3.28633505e-05 2.21130394e-05 2.54663264e-05 5.49957622e-05
 2.38926095e-05 3.70350572e-05 3.03445704e-05 3.15381840e-05
 3.11960866e-05 2.67680243e-05 3.01556065e-05 2.68688545e-05
 1.21975618e-05 1.62700362e-05 1.92331117e-05 1.96508390e-05
 8.72419405e-05 9.59237786e-06 3.45396438e-05 2.48998749e-05
 1.59862211e-05 7.16389286e-06 7.76932939e-06 8.98541748e-06
 1.13415126e-05 1.17243289e-05 1.35710570e-05 3.45181397e-05
 1.65993624e-05 1.57835093e-05 1.76088051e-05 1.82567037e-05
 1.00838633e-05 1.54423597e-05 1.19660544e-05 1.10271858e-05
 1.44463302e-05 1.38648402e-05 1.58156599e-05 1.44595861e-05
 5.04497029e-06 9.74162685e-06 6.34751859e-06 8.53849178e-06
 8.21428421e-06 5.23363133e-06 6.48278183e-06 8.86095859e-06
 7.98278415e-06 1.21550665e-05 3.34206306e-05 4.02343685e-05
 6.99643488e-06 4.46191189e-06 1.16630326e-05 6.37930862e-06
 4.81034976e-06 1.02077438e-05 3.80459073e-06 2.96760413e-06
 5.90219270e-06 3.24834036e-06 1.14223876e-05 8.89168132e-06
 7.24912707e-06 6.67831591e-06 5.48383605e-06 3.12039651e-06
 2.75492835e-06 4.05802211e-06 3.89250135e-06 2.98867121e-06
 1.94881591e-06 1.38870212e-06 3.56338023e-06 1.56388342e-06
 2.48570700e-06 1.22308859e-06 2.34734011e-06 1.70259989e-06
 1.43693160e-06 1.22807637e-06 1.54014663e-06 6.06856304e-07
 1.65913514e-06 1.46991044e-06 9.31590876e-07 5.07040227e-07
 6.62573996e-07 6.67182292e-07 8.76559000e-07 2.12176860e-06
 1.33794981e-06 9.44938336e-07 6.13805071e-07 1.02670731e-06
 7.53207587e-07 7.98854501e-07 4.79948596e-07 7.45375758e-07
 1.84475982e-06 8.78155618e-07 4.04315279e-06 1.73583703e-06
 9.10186088e-07 1.19512879e-06 3.34619017e-07 2.95499319e-07]
[4.44769370e-07 4.66481623e-07 5.18247305e-07 4.07554438e-07
 3.23895762e-07 4.22894118e-07 6.77078049e-07 4.94941503e-07
 5.67935217e-07 2.41088486e-07 5.74272235e-07 7.60573300e-07
 4.50353582e-07 5.88017997e-07 7.00520729e-07 8.87899603e-07
 7.69108453e-07 8.61138517e-07 1.81501036e-06 2.08397660e-06
 2.66666461e-06 3.56096348e-06 4.49433037e-06 3.18262732e-06
 4.20731703e-06 3.97641452e-06 4.74609806e-06 5.37901042e-06
 5.37116330e-06 5.20585445e-06 2.69121369e-06 4.04939965e-06
 2.50283870e-06 2.61536957e-06 2.39302562e-06 2.90484854e-06
 4.33299829e-06 1.59928948e-06 4.56679618e-06 3.61538628e-06
 2.56344742e-06 1.39067868e-06 2.02633896e-06 2.39049950e-06
 2.92971004e-06 2.01315402e-06 3.34646643e-06 2.06403388e-06
 3.15063266e-06 2.60410707e-06 2.74993977e-06 4.57804981e-06
 5.05833350e-06 3.87352202e-06 6.33935269e-06 4.64210734e-06
 6.27976306e-06 6.37002449e-06 1.15475996e-05 8.18990975e-06
 6.94526170e-06 4.77564799e-06 5.70810516e-06 1.00043826e-05
 7.48834145e-06 3.84505120e-06 5.42092312e-06 5.53307109e-06
 1.07871674e-05 7.58603392e-06 1.16215961e-05 1.70430358e-05
 1.24049902e-05 3.05085268e-05 2.74543909e-05 1.29243881e-05
 1.70668409e-05 9.95251412e-06 2.42507449e-05 1.53916117e-05
 1.56322130e-05 1.27872081e-05 2.30662117e-05 1.25875767e-05
 2.70400833e-05 1.60106229e-05 1.48467125e-05 1.52632601e-05
 2.09822956e-05 2.03769596e-05 2.56690855e-05 2.45042538e-05
 2.68306758e-05 1.06814769e-05 2.08662314e-05 1.45308613e-05
 2.45593819e-05 1.85309782e-05 3.02050539e-05 3.05179638e-05
 2.82589262e-05 1.63234654e-05 2.25040621e-05 2.52887185e-05
 2.86403865e-05 1.41284045e-05 4.19006574e-05 2.12948216e-05
 3.93069931e-05 2.36075120e-05 2.61877376e-05 3.94764938e-05
 3.09348361e-05 1.55137241e-05 3.88743829e-05 2.71559857e-05
 4.55880072e-05 2.62908670e-05 1.83239590e-05 2.88133597e-05
 3.42731400e-05 3.69166337e-05 9.19905215e-05 7.22740224e-05
 2.61249315e-05 4.00979989e-05 1.76103404e-05 2.00837749e-05
 1.64187495e-05 1.51080312e-05 2.99251114e-05 1.54447807e-05
 2.61304940e-05 8.34798720e-06 4.95402346e-05 1.11598056e-05
 1.19721581e-05 1.48252584e-05 1.03075063e-05 1.61211410e-05
 1.48301142e-05 1.46246593e-05 2.22323069e-05 3.38281861e-05
 4.27610248e-05 1.25812012e-05 3.91029498e-05 5.26286167e-05
 1.95754310e-05 9.58735927e-06 3.02477711e-05 1.28702095e-05
 2.61111545e-05 3.53874202e-05 1.78987666e-05 7.24850042e-06
 7.10387030e-06 8.03716375e-06 1.11292575e-05 1.32358227e-05
 9.50776030e-06 9.81188077e-06 2.26276443e-05 1.66482896e-05
 1.56075494e-05 1.00271473e-05 2.43413251e-05 5.14167041e-05
 2.47798980e-05 5.61551815e-06 1.07547921e-05 9.87645126e-06
 8.91520631e-06 5.09495976e-06 1.82133463e-05 9.66194693e-06
 7.52343612e-06 9.50281083e-06 6.64417166e-06 9.30242913e-06
 2.94613219e-05 7.86965848e-06 9.71026930e-06 9.81317044e-06
 5.18499701e-06 3.85236171e-06 2.71654812e-06 7.47462536e-06
 3.68637143e-06 2.13419412e-06 2.87268881e-06 3.96612722e-06
 1.44394505e-06 3.34005654e-06 1.12700388e-06 1.76467108e-06
 1.75151320e-06 7.61446245e-07 8.65733853e-07 1.32307525e-06
 2.37954987e-06 1.17321486e-06 3.94917151e-06 2.15434966e-06
 2.11744577e-06 5.75524325e-07 2.75109119e-06 1.65478343e-06
 2.66642928e-06 7.72888825e-07 7.31324235e-07 9.26010671e-07
 1.40562804e-06 5.84729207e-07 8.37133257e-07 1.47985372e-06
 6.45674675e-07 9.72974817e-07 2.12155760e-06 2.13296562e-06
 1.28339013e-06 7.68075552e-07 6.89595709e-07 5.83228541e-07]
[3.91642260e-07 5.54763858e-07 8.91466414e-07 6.26266683e-07
 2.76224313e-07 2.93993025e-07 6.54553503e-07 8.30014187e-07
 3.34811631e-07 3.77332611e-07 4.78156835e-07 7.55316307e-07
 7.57289001e-07 7.83044072e-07 1.02440401e-06 9.77132459e-07
 1.14538091e-06 1.57980230e-06 2.54703991e-06 1.93648816e-06
 3.29054637e-06 3.54091458e-06 3.35860204e-06 3.18329216e-06
 5.33746379e-06 1.22298179e-05 6.17873729e-06 9.74281375e-06
 4.03917420e-06 3.18124353e-06 2.29572311e-06 3.12926386e-06
 2.40047416e-06 2.25713188e-06 3.73036232e-06 3.44363320e-06
 3.02776311e-06 3.21057996e-06 3.17522677e-06 3.57903809e-06
 3.25380893e-06 1.52158964e-06 1.77930690e-06 3.40845259e-06
 2.53056464e-06 1.86125601e-06 1.84503597e-06 4.20274910e-06
 3.53531664e-06 4.62179787e-06 4.19356502e-06 5.07239383e-06
 3.49112474e-06 4.91707533e-06 9.25250151e-06 9.50226149e-06
 5.10191285e-06 5.30308580e-06 6.46923763e-06 1.22527717e-05
 4.08456026e-06 5.29046156e-06 5.18917432e-06 5.74569503e-06
 5.11054895e-06 3.53512064e-06 6.11801079e-06 7.87904628e-06
 5.26615395e-06 8.75951537e-06 8.87736405e-06 1.46957127e-05
 9.79041215e-06 1.57912127e-05 8.71125030e-06 9.00758550e-06
 1.71161955e-05 1.18417220e-05 2.66608404e-05 2.49749883e-05
 1.36248736e-05 1.23915170e-05 1.85873487e-05 1.13665546e-05
 1.50220076e-05 2.22616964e-05 1.50624546e-05 3.03610777e-05
 2.36192282e-05 2.41633679e-05 3.13871024e-05 3.58841316e-05
 1.03958964e-05 2.39886722e-05 1.97035533e-05 2.35990610e-05
 3.42829226e-05 3.76039461e-05 4.27876257e-05 3.23361164e-05
 1.67400485e-05 1.89936181e-05 1.89417206e-05 3.85837229e-05
 2.74896356e-05 1.81205887e-05 2.28115332e-05 3.96874420e-05
 2.06564564e-05 3.26482441e-05 2.20239453e-05 3.42202075e-05
 2.47018852e-05 2.63174898e-05 2.90254920e-05 9.01294698e-05
 3.01628479e-05 3.59523474e-05 5.00064816e-05 2.63728143e-05
 5.80999949e-05 7.64167635e-05 4.65903286e-05 5.25554351e-05
 2.41099606e-05 1.73469143e-05 2.40649588e-05 1.72620512e-05
 2.12904397e-05 2.66922871e-05 2.18979312e-05 2.10906492e-05
 1.31483612e-05 8.02200066e-06 2.33188821e-05 2.26289721e-05
 3.70921189e-05 2.39286601e-05 7.88433317e-06 1.55790967e-05
 1.52176717e-05 9.78322623e-06 2.65214749e-05 3.79805933e-05
 5.60566696e-05 4.44387078e-05 2.68090862e-05 3.38400314e-05
 2.07021967e-05 1.10435822e-05 1.55863836e-05 1.73113440e-05
 1.65505389e-05 1.23130167e-05 1.62387387e-05 8.69576706e-06
 1.59910687e-05 1.65514884e-05 9.41452436e-06 1.43595416e-05
 2.66683219e-05 5.99905579e-05 3.77187716e-05 2.81456742e-05
 1.45823587e-05 6.89286526e-06 3.16969235e-05 2.27939217e-05
 1.74824745e-05 1.26065279e-05 2.52596947e-05 1.32434616e-05
 1.38333371e-05 3.68619476e-06 8.53043002e-06 2.51039583e-05
 1.57390696e-05 1.26707355e-05 8.24103972e-06 8.79081199e-06
 4.42002056e-06 9.97192456e-06 6.17075784e-06 1.08176209e-05
 7.69281087e-06 4.82385531e-06 4.41918519e-06 8.87293845e-06
 5.33197135e-06 2.37460495e-06 1.63083723e-06 1.08508211e-05
 2.77060644e-06 1.93641540e-06 3.30451439e-06 3.01178079e-06
 1.24687028e-06 2.12146529e-06 2.01646822e-06 1.75541845e-06
 1.87763965e-06 9.11977224e-07 2.18861692e-06 2.11228735e-06
 3.41727150e-06 8.11804512e-07 7.80668131e-07 1.45422780e-06
 1.17155219e-06 1.00391469e-06 2.21675054e-06 1.22609742e-06
 7.43503278e-07 7.52406777e-07 9.10070014e-07 1.38806297e-06
 1.38546091e-06 2.28354861e-06 3.07822461e-06 8.79313063e-07
 1.19960771e-06 1.09051678e-06 6.47145043e-07 1.01307012e-06]
[3.24287356e-07 4.64456093e-07 9.12717098e-07 6.84769930e-07
 4.28196500e-07 5.52175550e-07 4.70815309e-07 5.00879651e-07
 5.35640481e-07 9.00979842e-07 9.39037818e-07 1.07007997e-06
 3.42533895e-07 6.63058700e-07 8.40345194e-07 1.16099568e-06
 8.74484101e-07 1.26833220e-06 1.38096163e-06 1.66650807e-06
 2.39818746e-06 1.28339434e-06 3.67628832e-06 3.75579816e-06
 3.61234447e-06 6.30487739e-06 2.20419588e-06 2.28045087e-06
 2.43829436e-06 1.67458677e-06 5.00431452e-06 2.37767313e-06
 4.43848012e-06 2.19986850e-06 1.56477120e-06 2.24558062e-06
 1.88793365e-06 1.47231947e-06 1.86479201e-06 2.68478993e-06
 1.43267062e-06 9.21333424e-07 1.33387437e-06 1.18291575e-06
 2.32825664e-06 2.58810019e-06 2.62023491e-06 2.57960528e-06
 1.78015136e-06 4.05786750e-06 5.05359412e-06 4.63488186e-06
 3.84699524e-06 4.09619997e-06 6.74530384e-06 6.21877552e-06
 3.57777571e-06 1.11308800e-05 7.66700032e-06 4.84816564e-06
 6.40968392e-06 5.14824160e-06 4.70734540e-06 7.13425879e-06
 7.69916642e-06 5.98201405e-06 8.36373147e-06 3.90414743e-06
 4.31039325e-06 3.54283497e-06 6.29337046e-06 5.24028792e-06
 8.57710893e-06 9.96666950e-06 8.12280541e-06 7.82851839e-06
 7.44540739e-06 5.44067325e-06 1.32054602e-05 6.88208820e-06
 1.08911408e-05 1.31375637e-05 1.09222792e-05 9.31938212e-06
 1.41925311e-05 2.20558195e-05 1.08234808e-05 1.70786734e-05
 1.94699023e-05 3.30367584e-05 2.45409810e-05 2.61638124e-05
 1.49100961e-05 1.52377843e-05 2.82279198e-05 2.99899548e-05
 2.43707891e-05 2.76676819e-05 3.54070507e-05 2.94920446e-05
 2.08533038e-05 1.92040916e-05 3.14924582e-05 1.52772645e-05
 1.81232481e-05 1.75183104e-05 2.03737418e-05 2.85664137e-05
 2.12758096e-05 1.94363311e-05 2.23262596e-05 2.07400717e-05
 3.26029694e-05 2.59582757e-05 2.03733453e-05 4.86701756e-05
 3.45699191e-05 5.24327188e-05 6.72512324e-05 2.49180139e-05
 3.37601123e-05 2.99818785e-05 5.58434731e-05 3.61679449e-05
 2.68895747e-05 1.79855542e-05 1.38927035e-05 1.29942609e-05
 1.04009932e-05 2.80969689e-05 2.23227344e-05 1.39085087e-05
 1.20593440e-05 8.48805303e-06 1.28702450e-05 1.93487576e-05
 7.55297287e-06 1.14621953e-05 3.87607361e-05 1.13133092e-05
 1.69624818e-05 1.59115698e-05 1.64529811e-05 1.64962712e-05
 2.01781550e-05 3.51623748e-05 3.76461503e-05 2.60325305e-05
 1.54824629e-05 1.50765700e-05 1.48350628e-05 1.41678420e-05
 1.64383091e-05 7.35180629e-06 1.32865644e-05 7.52345977e-06
 1.39410304e-05 4.78701122e-06 1.15686526e-05 1.12131711e-05
 1.24358403e-05 4.11610417e-05 2.35489479e-05 1.30247618e-05
 1.40239199e-05 2.74335453e-05 4.90653583e-05 1.67642884e-05
 2.75706989e-05 2.44963649e-05 1.92718235e-05 1.73012832e-05
 1.31605639e-05 1.51675822e-05 2.50545145e-06 4.37454355e-06
 2.49228833e-06 5.52580786e-06 7.36300126e-06 8.23538176e-06
 1.55705293e-05 1.17059471e-05 7.65075038e-06 4.70150508e-06
 3.42270891e-06 2.32147545e-06 3.87606133e-06 6.17906881e-06
 3.18814341e-06 3.69490294e-06 4.93416428e-06 2.38870462e-06
 4.60688761e-06 4.45903470e-06 1.58718558e-06 1.57281841e-06
 1.98703788e-06 1.52325117e-06 1.78704840e-06 1.54371116e-06
 1.56066619e-06 1.23870564e-06 1.05745130e-06 1.28187469e-06
 2.22327594e-06 9.57581392e-07 6.11533267e-07 1.10946678e-06
 1.04408628e-06 7.91990658e-07 1.17637285e-06 1.88666706e-06
 6.68608948e-07 7.31240732e-07 1.93335086e-06 1.11396014e-06
 6.77197022e-07 1.04342337e-06 3.36962762e-06 6.00294186e-07
 2.08842584e-06 5.68705445e-07 5.52813447e-07 1.77563109e-07]
[4.57522447e-07 6.61248578e-07 6.48139292e-07 1.16160311e-06
 3.28527221e-07 4.13885118e-07 3.33595636e-07 3.21426711e-07
 5.90890295e-07 1.34976665e-06 7.83377175e-07 6.67052063e-07
 8.13273630e-07 7.67605172e-07 9.16236047e-07 1.32249613e-06
 1.07208450e-06 1.69949953e-06 1.14330680e-06 2.13858743e-06
 1.64426922e-06 1.45627746e-06 2.41487328e-06 2.07194648e-06
 3.36918970e-06 3.82907092e-06 4.04929460e-06 4.34427557e-06
 1.69826706e-06 1.89649154e-06 2.70401392e-06 3.59892783e-06
 1.81332507e-06 2.21129471e-06 2.49329219e-06 2.25977624e-06
 2.38465714e-06 1.95534130e-06 1.16648528e-06 1.18329228e-06
 9.25081110e-07 2.04682328e-06 9.83332939e-07 1.85739430e-06
 2.65786912e-06 1.98257635e-06 2.86821137e-06 3.60871036e-06
 2.75672755e-06 4.99270254e-06 7.81703511e-06 8.24846484e-06
 4.13101452e-06 4.57496617e-06 4.75704655e-06 4.93394145e-06
 6.95456720e-06 2.58621935e-06 3.88720082e-06 5.46968658e-06
 7.21646393e-06 4.78499032e-06 2.86467071e-06 5.60004946e-06
 4.98068266e-06 5.94160292e-06 4.48705532e-06 4.52349786e-06
 3.72677823e-06 2.79929168e-06 4.13557746e-06 8.38828964e-06
 5.55258839e-06 9.73090846e-06 1.24855615e-05 1.51678496e-05
 7.55127621e-06 5.97513053e-06 6.38586926e-06 1.38087744e-05
 1.35834234e-05 9.26020493e-06 9.05489196e-06 9.66984135e-06
 1.44245241e-05 1.59872088e-05 1.52750872e-05 2.02042775e-05
 1.72211512e-05 2.65748822e-05 1.88825634e-05 2.22857198e-05
 1.74779470e-05 2.30037549e-05 1.82732783e-05 1.99788028e-05
 1.67857052e-05 5.01317809e-05 3.56245437e-05 2.99443145e-05
 2.54763563e-05 2.64169412e-05 1.53130841e-05 3.95206116e-05
 2.00847862e-05 2.06468158e-05 2.31226950e-05 1.74482029e-05
 9.93079902e-06 1.68301030e-05 1.42973013e-05 2.06945861e-05
 2.32670736e-05 3.42759267e-05 3.00788142e-05 3.95573843e-05
 3.17373160e-05 6.57749188e-05 4.31640910e-05 3.71557690e-05
 2.17210763e-05 2.54597762e-05 4.31426015e-05 3.45945773e-05
 2.82264027e-05 2.23924999e-05 1.80561383e-05 1.69912382e-05
 9.59634326e-06 1.45537533e-05 1.38081423e-05 2.54030365e-05
 1.00837060e-05 1.66831960e-05 1.75458954e-05 1.48138788e-05
 9.21060291e-06 1.01871165e-05 9.65328036e-06 1.26597561e-05
 5.50557388e-06 7.37354821e-06 1.75344721e-05 2.08613510e-05
 2.51693036e-05 1.49736343e-05 2.88444335e-05 2.23476727e-05
 1.03722368e-05 2.14615793e-05 1.89021903e-05 2.40745921e-05
 1.15796020e-05 5.85280577e-06 1.46742314e-05 2.56638759e-05
 2.51150068e-05 1.69194336e-05 9.26867688e-06 5.78234904e-06
 4.99449516e-06 8.40409120e-06 1.00223124e-05 5.70609473e-06
 3.37349798e-06 1.00598882e-05 2.29573579e-05 1.08451532e-05
 1.61327971e-05 1.80230563e-05 1.43408979e-05 2.19676094e-05
 9.60232228e-06 1.88389222e-05 1.01008090e-05 1.64735102e-05
 1.63902823e-05 9.03729779e-06 1.12291127e-05 5.31217074e-06
 1.73537792e-05 3.21522348e-05 2.81256507e-05 3.76893877e-06
 7.89210480e-06 3.49024481e-06 3.20344520e-06 5.32738113e-06
 2.77224922e-06 2.03393461e-06 3.53179234e-06 1.05571162e-05
 2.41494058e-06 1.01001638e-06 1.18719993e-06 3.29095769e-06
 1.92275820e-06 1.92672746e-06 1.30176238e-06 1.76105232e-06
 1.64992946e-06 8.94524362e-07 1.37010454e-06 7.75330591e-07
 7.12485416e-07 6.39812015e-07 3.47223107e-07 1.11279485e-06
 1.04454557e-06 8.11387338e-07 5.78788615e-07 1.01136914e-06
 1.05692561e-06 1.58554849e-06 2.43627687e-06 2.45697152e-06
 8.12376754e-07 2.31017907e-06 7.49473429e-07 2.16438980e-06
 1.96624637e-06 1.71444083e-06 2.67407557e-07 2.67029321e-07]
[3.38019987e-07 8.92036098e-07 9.56876306e-07 7.44673798e-07
 8.93850881e-07 3.94204363e-07 4.15896892e-07 5.72218710e-07
 7.30748582e-07 6.30031082e-07 1.15747366e-06 6.90155218e-07
 7.16489239e-07 7.28586031e-07 1.35579558e-06 7.32264368e-07
 8.89993828e-07 1.16151466e-06 1.50245239e-06 7.56654117e-07
 1.67716371e-06 2.93349581e-06 2.63911693e-06 2.54658221e-06
 2.32703110e-06 3.10631913e-06 6.35955303e-06 4.05140736e-06
 5.07733421e-06 3.07007463e-06 2.44892817e-06 4.67672362e-06
 3.82516964e-06 3.25198994e-06 3.14236490e-06 2.03262152e-06
 1.48119580e-06 8.45989859e-07 1.38778876e-06 1.38965595e-06
 1.43722264e-06 1.25505801e-06 2.04581943e-06 1.67041117e-06
 2.74154718e-06 2.36527785e-06 4.10791790e-06 5.06515744e-06
 8.78940409e-06 3.79581275e-06 4.06525669e-06 5.53319296e-06
 8.41604560e-06 6.42883106e-06 6.60388787e-06 5.89218553e-06
 5.07246114e-06 2.67245127e-06 4.56757607e-06 5.73966963e-06
 4.87303305e-06 3.46775414e-06 6.52489098e-06 7.34909054e-06
 5.08217772e-06 3.82271674e-06 7.00759256e-06 1.05780446e-05
 3.48756294e-06 3.08680933e-06 8.06055323e-06 4.41603925e-06
 1.05366462e-05 6.74482862e-06 8.70412077e-06 7.74520868e-06
 1.05421850e-05 5.50194318e-06 1.19385086e-05 1.05906920e-05
 8.78547689e-06 1.09532702e-05 9.50956746e-06 1.31878505e-05
 1.14219911e-05 1.03518869e-05 1.51999884e-05 2.26056636e-05
 3.05460526e-05 2.39573346e-05 3.78855621e-05 2.51594520e-05
 3.62194223e-05 2.44107159e-05 1.94657568e-05 2.44076527e-05
 2.05385131e-05 1.92926582e-05 2.83110367e-05 2.53405324e-05
 1.81475243e-05 3.14339231e-05 3.68669607e-05 3.07243063e-05
 4.07710468e-05 2.68387321e-05 2.33808514e-05 2.72383040e-05
 1.59919055e-05 1.55360212e-05 2.87714738e-05 1.78595892e-05
 1.91208528e-05 3.32128657e-05 2.96001763e-05 3.41241248e-05
 5.89069132e-05 2.58341679e-05 6.80408339e-05 4.52761888e-05
 4.52121276e-05 2.67984287e-05 3.04184960e-05 2.99461335e-05
 2.93115463e-05 1.43751940e-05 1.52616940e-05 2.38005978e-05
 1.22947631e-05 2.23757324e-05 1.35733308e-05 1.76109043e-05
 1.43565594e-05 1.24188518e-05 1.62794004e-05 1.79303006e-05
 1.40435195e-05 4.56223788e-05 1.86608831e-05 1.55858597e-05
 1.34371066e-05 1.62319539e-05 3.20867803e-05 3.50451774e-05
 3.59825171e-05 1.98858324e-05 7.71252962e-06 1.38740643e-05
 2.01614985e-05 1.78465652e-05 2.59854442e-05 1.71586671e-05
 1.31892784e-05 7.67214533e-06 1.64187641e-05 1.75386103e-05
 2.51992678e-05 1.23555719e-05 1.30428816e-05 8.07910692e-06
 1.01096193e-05 1.69468203e-05 2.24676696e-05 8.48685977e-06
 1.20679279e-05 2.72060952e-05 2.53667240e-05 1.46872071e-05
 1.70809344e-05 1.63839923e-05 1.75795794e-05 2.74270478e-05
 2.48809811e-05 4.10515895e-06 9.81443827e-06 5.76966568e-06
 7.31719592e-06 1.76762132e-05 1.52072525e-05 1.56853839e-05
 1.47475439e-05 9.16008230e-06 2.55059786e-05 4.46215890e-05
 1.03651719e-05 3.65315213e-06 6.90036177e-06 2.63875359e-06
 1.62987897e-06 5.26779831e-06 8.20074911e-06 2.59434341e-06
 9.50280446e-06 2.78654602e-06 2.59133321e-06 2.09740756e-06
 1.67011660e-06 8.31118996e-07 2.74818944e-06 1.61815024e-06
 2.22772178e-06 1.11608995e-06 1.95494977e-06 1.69705709e-06
 1.03673744e-06 1.10178610e-06 6.70372913e-07 8.94822449e-07
 7.76702734e-07 6.76543607e-07 1.00847831e-06 9.78649950e-07
 6.68112705e-07 4.07443991e-07 2.11420979e-06 1.25367058e-06
 1.18994876e-06 1.75947969e-06 8.30543513e-07 2.22526410e-06
 3.58431976e-06 1.42353383e-06 3.21217243e-07 5.15531781e-07]
[5.88090813e-07 5.19789864e-07 1.31349645e-06 8.16064301e-07
 5.22918413e-07 5.99575117e-07 5.76887771e-07 6.02172406e-07
 8.00953103e-07 1.09534858e-06 9.03816670e-07 7.82225754e-07
 6.05737171e-07 5.33934951e-07 1.26030397e-06 1.62793060e-06
 1.22128415e-06 1.10261738e-06 1.36291055e-06 1.89460150e-06
 2.09880386e-06 1.52379846e-06 3.49030961e-06 2.08319511e-06
 1.56623582e-06 2.04900994e-06 4.87887246e-06 4.35192214e-06
 4.07156949e-06 1.89939885e-06 3.16589944e-06 3.98615930e-06
 3.55896213e-06 3.13847681e-06 3.36922130e-06 2.74971421e-06
 1.29164334e-06 5.45039825e-07 1.09336418e-06 1.07094149e-06
 1.40307384e-06 1.30216085e-06 2.35639595e-06 2.54893598e-06
 2.74788977e-06 3.68492988e-06 3.20218896e-06 8.73330919e-06
 5.32516287e-06 5.43973010e-06 4.10673010e-06 6.72883243e-06
 6.49388357e-06 8.86144153e-06 7.20627986e-06 1.40990405e-05
 5.23674089e-06 3.01748173e-06 3.70069142e-06 5.26535541e-06
 3.63089407e-06 5.46693764e-06 7.86919099e-06 4.61204399e-06
 4.98471854e-06 4.41178645e-06 4.65589483e-06 3.66614404e-06
 4.24591917e-06 7.84570875e-06 6.21573918e-06 7.35493222e-06
 1.12505104e-05 7.84192798e-06 1.66378341e-05 8.04348474e-06
 6.78131437e-06 8.68091865e-06 9.94921447e-06 1.25468914e-05
 1.03198618e-05 7.81458675e-06 1.62713914e-05 9.98825544e-06
 1.18896969e-05 1.70602798e-05 1.50013102e-05 1.42576719e-05
 1.75880232e-05 2.82900655e-05 2.19766534e-05 2.86532595e-05
 2.72888283e-05 2.59535445e-05 2.73317037e-05 3.93485898e-05
 2.20169604e-05 1.97961253e-05 2.26946959e-05 1.57510767e-05
 2.48455035e-05 3.10419164e-05 1.10955198e-05 2.50594530e-05
 2.32344191e-05 1.58024759e-05 3.09589377e-05 1.93948545e-05
 1.66525570e-05 1.30147819e-05 2.09570590e-05 3.00909160e-05
 1.44120140e-05 1.61406224e-05 2.85897604e-05 6.55293479e-05
 7.15747228e-05 5.68463438e-05 7.29177918e-05 5.32174163e-05
 4.03845079e-05 4.40034310e-05 3.23581880e-05 1.94436343e-05
 2.56514450e-05 1.89713264e-05 1.22679457e-05 2.30579444e-05
 1.21049497e-05 1.43585175e-05 1.05664076e-05 9.03346427e-06
 2.59711142e-05 1.45361118e-05 1.35104201e-05 1.73299177e-05
 1.09300554e-05 2.19675076e-05 1.50209717e-05 1.52469293e-05
 5.67250709e-06 4.15673458e-05 3.38276841e-05 5.08633857e-05
 6.06124377e-05 5.90581185e-05 4.02439000e-05 3.54541226e-05
 1.89626498e-05 3.49234288e-05 1.18034941e-05 9.80718960e-06
 9.36631750e-06 7.14036514e-06 1.75158912e-05 1.11484451e-05
 9.11353709e-06 1.22396623e-05 1.14146351e-05 1.41906494e-05
 8.50998276e-06 3.24228276e-05 8.08222740e-06 1.07553451e-05
 6.20984138e-05 9.58355940e-06 2.79477972e-05 1.49278485e-05
 4.98886993e-06 1.12826483e-05 8.82466702e-06 2.49164350e-05
 2.31762679e-05 1.55649832e-05 9.76729643e-06 1.49396774e-05
 1.20168052e-05 1.30840635e-05 1.13434680e-05 7.26241478e-06
 7.05985258e-06 8.49506432e-06 2.11527386e-05 1.73510452e-05
 9.46299951e-06 6.83338521e-06 6.27507325e-06 1.01431897e-05
 1.18786002e-05 6.57623923e-06 8.26419091e-06 5.60859371e-06
 7.34458945e-06 3.02628746e-06 3.69488407e-06 1.58008163e-06
 2.21559208e-06 1.71972681e-06 2.11976317e-06 2.10353551e-06
 2.82197402e-06 1.07861183e-06 2.05944889e-06 2.05189031e-06
 1.85808085e-06 1.01409125e-06 1.51303448e-06 1.33616459e-06
 9.01427313e-07 5.49941831e-07 5.90954926e-07 4.54303375e-07
 4.76264745e-07 7.34609500e-07 7.34300613e-07 6.13724808e-07
 2.66546499e-06 1.14078807e-06 1.04771811e-06 1.25573206e-06
 1.30780256e-06 1.67341898e-06 9.88831857e-07 7.08051800e-07]
[2.75726251e-07 6.71038379e-07 3.73415702e-07 3.16730706e-07
 4.16055087e-07 5.13923226e-07 6.06370520e-07 5.25042935e-07
 8.99708596e-07 4.04450844e-07 3.60007448e-07 4.42782692e-07
 7.29816577e-07 4.56800450e-07 4.75262567e-07 1.12663611e-06
 7.83240182e-07 4.25435161e-07 9.67489996e-07 1.77054119e-06
 2.16326316e-06 9.67472374e-07 1.81814482e-06 1.79693927e-06
 1.22142001e-06 1.12121882e-06 4.29365400e-06 2.09510404e-06
 3.72829777e-06 1.92584253e-06 1.64850462e-06 3.08047493e-06
 2.19582375e-06 1.71438762e-06 2.31027138e-06 1.21692904e-06
 2.16422154e-06 1.11222732e-06 1.76364063e-06 1.59956733e-06
 1.37975292e-06 2.10247640e-06 1.69841553e-06 2.55998089e-06
 1.42372903e-06 4.12046711e-06 3.81035738e-06 2.49831714e-06
 5.47755553e-06 4.55442432e-06 8.66886785e-06 7.90104241e-06
 3.87913633e-06 9.18882961e-06 4.27112036e-06 4.23630217e-06
 5.66569543e-06 4.28748126e-06 4.74505714e-06 2.91149740e-06
 5.76386765e-06 6.89547960e-06 4.61855461e-06 4.69988845e-06
 2.39413180e-06 3.22547385e-06 2.94124834e-06 3.24182633e-06
 5.75937474e-06 1.78777134e-06 4.22188941e-06 6.15368617e-06
 3.53002656e-06 6.27420013e-06 6.61293052e-06 6.43789281e-06
 7.57701855e-06 6.48658897e-06 9.89966065e-06 1.27250796e-05
 4.99316639e-06 7.26763710e-06 1.34378070e-05 7.40353471e-06
 9.26426674e-06 1.13072647e-05 1.14001932e-05 1.66320187e-05
 1.00730767e-05 1.18311518e-05 1.68862498e-05 1.56221722e-05
 1.91238596e-05 1.80005263e-05 2.13476742e-05 2.42548904e-05
 2.30584774e-05 2.08539732e-05 1.74801535e-05 1.94763015e-05
 1.61337903e-05 1.27998455e-05 8.96768961e-06 1.60952568e-05
 1.98285761e-05 1.73755416e-05 1.97215104e-05 4.19368480e-05
 1.92828320e-05 1.07627011e-05 1.64675748e-05 2.13351832e-05
 1.77256661e-05 1.60952823e-05 1.88153335e-05 5.69734584e-05
 2.16432290e-05 3.90254609e-05 3.57533863e-05 1.85545086e-05
 2.01053426e-05 1.48432109e-05 1.64363028e-05 1.81875748e-05
 2.51217043e-05 1.75334389e-05 1.48617319e-05 1.30381859e-05
 7.55617248e-06 1.08107024e-05 1.46867051e-05 1.04197679e-05
 1.14960494e-05 1.62256401e-05 9.01572548e-06 9.93777667e-06
 7.72165185e-06 2.46093641e-05 8.42119607e-06 1.32111809e-05
 1.30918443e-05 2.24842443e-05 6.03899935e-05 3.54374242e-05
 2.21370083e-05 1.53110559e-05 1.78455084e-05 2.20737802e-05
 6.51580422e-06 2.16835888e-05 1.35777782e-05 9.21626179e-06
 7.05175080e-06 7.77746936e-06 2.42588521e-05 1.00555544e-05
 1.12304633e-05 1.31055976e-05 2.02956235e-05 1.24697117e-05
 1.34124612e-05 2.33742412e-05 1.77228521e-05 8.08094137e-06
 4.14395072e-05 8.86686830e-05 2.26224456e-05 5.61387860e-05
 4.07191219e-05 2.30904971e-05 8.08821187e-06 1.11599265e-05
 1.15065313e-05 1.20624145e-05 1.26804416e-05 1.64359062e-05
 1.97476184e-05 8.63231980e-06 1.93786054e-05 1.21578669e-05
 7.40825271e-06 4.54083465e-06 6.66675396e-06 1.64101148e-05
 6.90470415e-06 4.90078673e-06 4.49287700e-06 8.15175008e-06
 2.10836629e-06 1.21011988e-06 1.73529861e-06 1.89202910e-06
 1.52787243e-06 2.18604782e-06 3.50530058e-06 1.46465061e-06
 1.17085312e-06 1.76540482e-06 1.45147703e-06 1.24385645e-06
 1.53131487e-06 1.60178115e-06 1.29505906e-06 1.16933836e-06
 4.93318112e-07 7.15001079e-07 7.63604021e-07 4.01431635e-07
 9.83657515e-07 5.32027741e-07 4.80918345e-07 1.17230763e-06
 7.31308148e-07 4.07779766e-07 5.74711578e-07 3.77131414e-07
 6.43771557e-07 8.25324548e-07 1.07528240e-06 1.00354816e-06
 4.53439696e-07 6.85282714e-07 2.30465290e-07 1.90886240e-07]
[3.22064011e-07 5.86195142e-07 8.68116274e-07 2.91137610e-07
 7.88943225e-07 4.91649075e-07 4.94414053e-07 5.34895378e-07
 9.72410703e-07 6.87171507e-07 5.00600038e-07 3.04811834e-07
 4.94711912e-07 6.85259010e-07 6.43754959e-07 8.31284012e-07
 5.61898389e-07 7.31593843e-07 6.53243887e-07 1.98276666e-06
 3.46312095e-06 1.07244693e-06 1.58299372e-06 1.46323509e-06
 1.70818885e-06 1.88994818e-06 1.93131586e-06 3.50761457e-06
 1.76917501e-06 3.50572191e-06 1.87525336e-06 3.39453004e-06
 1.00992668e-06 9.92485298e-07 2.06716049e-06 8.79412028e-07
 8.90002582e-07 2.39627161e-06 1.78741573e-06 3.14565114e-06
 1.38560165e-06 1.17289562e-06 1.56594103e-06 1.76503181e-06
 1.80683037e-06 3.58901411e-06 6.01200554e-06 4.08250389e-06
 3.11691224e-06 4.56174439e-06 6.11993892e-06 4.88373462e-06
 6.12961458e-06 4.78985339e-06 5.32892091e-06 3.93193386e-06
 3.63350568e-06 3.11010285e-06 4.78355514e-06 4.37372455e-06
 2.91595120e-06 4.45436490e-06 2.69359498e-06 2.73784576e-06
 3.26563986e-06 2.56934641e-06 2.51778215e-06 5.74174146e-06
 6.00076919e-06 2.08315009e-06 3.05462868e-06 6.66908454e-06
 4.63471224e-06 5.33162893e-06 1.10966748e-05 1.39576732e-05
 6.17688102e-06 4.17229785e-06 4.63044762e-06 1.19460383e-05
 6.47787465e-06 1.39660287e-05 6.05310970e-06 1.33251806e-05
 1.43668485e-05 7.37409073e-06 1.18804455e-05 9.82024540e-06
 7.15961096e-06 7.79813217e-06 1.84012442e-05 1.77701568e-05
 1.81705982e-05 1.52227176e-05 2.03067884e-05 3.63678628e-05
 2.04583903e-05 1.69933610e-05 2.25149124e-05 3.25116962e-05
 1.49757434e-05 1.90017072e-05 1.33879121e-05 1.60701238e-05
 1.14246141e-05 1.87616915e-05 1.24457065e-05 9.38040921e-06
 1.97142526e-05 1.82254480e-05 1.24260469e-05 4.25328326e-05
 1.81459200e-05 1.53571309e-05 1.22511274e-05 3.45886401e-05
 1.49523648e-05 2.25049007e-05 1.91615181e-05 1.67730923e-05
 3.62998799e-05 2.29715861e-05 1.84800901e-05 1.88901413e-05
 1.64396424e-05 1.45662516e-05 6.71256203e-06 9.82483380e-06
 9.20580624e-06 7.47916738e-06 1.15586399e-05 1.61085591e-05
 1.02202548e-05 1.24667231e-05 2.44852636e-05 2.02056490e-05
 5.30758007e-06 5.27606471e-06 8.27634267e-06 2.01768889e-05
 2.22718936e-05 1.20811719e-05 6.56769625e-05 8.11934151e-05
 1.96142973e-05 5.31754495e-06 6.03151457e-05 4.96757275e-05
 9.70745350e-06 1.01258238e-05 1.50457627e-05 1.48541594e-05
 1.86607322e-05 3.95953748e-06 2.37816712e-05 2.19241920e-05
 1.16126284e-05 5.01852628e-06 1.26987752e-05 1.08810191e-05
 1.25048464e-05 3.05807189e-05 1.56036494e-05 4.20999459e-05
 5.51158628e-05 6.19570710e-05 9.51392212e-05 2.40337904e-05
 2.64128084e-05 5.42883390e-05 3.52942116e-05 1.81524447e-05
 1.12682783e-05 5.77309220e-06 1.80877378e-05 2.58894124e-05
 2.14549527e-05 1.20863124e-05 2.23146053e-05 1.22272722e-05
 2.07734392e-05 2.71995236e-06 1.02602235e-05 2.93843004e-06
 1.10350229e-05 7.91115235e-06 5.35991012e-06 2.64455662e-06
 1.96496535e-06 1.35084099e-06 4.03805143e-06 5.85841417e-06
 4.57872329e-06 2.52626864e-06 2.29198395e-06 2.00867521e-06
 2.02585716e-06 2.65384347e-06 6.43675378e-07 2.23189500e-06
 9.28389738e-07 1.13198075e-06 1.55405007e-06 1.81359610e-06
 9.29109945e-07 1.14880390e-06 6.86135252e-07 4.99442535e-07
 3.51899644e-07 3.17334781e-07 5.37509607e-07 1.04117282e-06
 9.41275175e-07 7.91631408e-07 5.84150996e-07 7.42617601e-07
 9.14390796e-07 1.12672183e-06 9.46863850e-07 6.38548670e-07
 2.48085399e-07 1.63716516e-06 4.36572236e-07 5.06017216e-07]
[4.26312226e-07 8.74897296e-07 7.98431017e-07 7.32582293e-07
 3.82565190e-07 3.65738174e-07 4.85353723e-07 7.24027132e-07
 7.13067720e-07 7.19334196e-07 5.13741554e-07 8.08632933e-07
 7.95297012e-07 4.90298419e-07 7.83315784e-07 1.11392012e-06
 8.70183555e-07 8.60183434e-07 1.34419633e-06 1.10449287e-06
 1.23866596e-06 1.42814633e-06 1.31618435e-06 1.53537201e-06
 2.14381362e-06 1.86169211e-06 4.18450736e-06 4.04072944e-06
 2.27904025e-06 2.12340933e-06 2.26862153e-06 1.68287170e-06
 2.34603453e-06 1.99111400e-06 1.92105495e-06 2.06154664e-06
 1.91024878e-06 1.31992704e-06 1.36076835e-06 3.25511178e-06
 2.49591380e-06 1.61816990e-06 1.89334844e-06 1.79138124e-06
 1.67067844e-06 4.22873700e-06 6.54159294e-06 9.65174968e-06
 4.59009834e-06 5.47071386e-06 4.29881538e-06 1.13954011e-05
 9.89589716e-06 4.16128250e-06 5.68636688e-06 8.49815206e-06
 7.90240483e-06 3.77137985e-06 4.50812468e-06 4.35030415e-06
 4.43648241e-06 3.93020991e-06 4.33665764e-06 3.25185920e-06
 3.53397559e-06 3.76508524e-06 2.92729328e-06 2.67872019e-06
 2.85890951e-06 4.19501430e-06 6.26606743e-06 2.48104493e-06
 4.72437614e-06 4.04927368e-06 5.52596975e-06 7.71760097e-06
 7.45246734e-06 8.19532943e-06 5.98440192e-06 8.66181290e-06
 4.84291922e-06 9.00890700e-06 1.03662924e-05 7.81832659e-06
 1.78689388e-05 1.25986699e-05 1.85757726e-05 1.94948861e-05
 1.36239532e-05 1.22024030e-05 1.06007983e-05 1.76214180e-05
 1.82866133e-05 1.79079125e-05 3.36280827e-05 1.06240550e-05
 2.11172828e-05 2.12594332e-05 4.40460426e-05 3.50053633e-05
 2.04427051e-05 1.95162047e-05 2.97502993e-05 1.30216649e-05
 1.78105711e-05 1.24110993e-05 1.12103344e-05 1.12820408e-05
 1.40538723e-05 1.70146941e-05 3.71780916e-05 2.12420146e-05
 1.76983758e-05 1.45040503e-05 2.60792731e-05 3.08515191e-05
 2.41825692e-05 1.47048340e-05 3.41472769e-05 2.86615959e-05
 1.98305806e-05 1.84598339e-05 3.03659108e-05 1.15978701e-05
 1.66035261e-05 2.34409526e-05 1.17106101e-05 1.22244091e-05
 9.13391250e-06 1.44185005e-05 2.93000649e-05 3.78491422e-05
 2.02294741e-05 2.60682136e-05 5.06116157e-05 3.64545122e-05
 1.51277336e-05 8.87508668e-06 1.83699794e-05 6.69904693e-05
 2.32422899e-05 3.95575153e-05 1.60448399e-05 1.12707523e-04
 3.84125487e-05 1.03981845e-04 3.30151706e-05 5.23318995e-05
 2.15047930e-05 1.67518356e-05 4.54556466e-05 1.14762306e-05
 1.71361025e-05 1.32782443e-05 3.79601952e-05 2.58872624e-05
 1.00570542e-05 5.84468471e-05 1.95166758e-05 1.41878654e-05
 1.05086110e-05 9.93397680e-06 1.80353218e-05 5.13627456e-05
 4.16743169e-05 2.49718560e-05 7.90603226e-05 3.92083384e-05
 9.40826885e-06 4.09701643e-05 1.21786406e-05 8.74595298e-06
 1.02299555e-05 7.56397048e-06 1.17633836e-05 2.13798558e-05
 4.84960656e-05 1.89419789e-05 4.03192935e-05 1.51255344e-05
 9.80832101e-06 5.87248360e-06 1.45441545e-05 7.85828615e-06
 5.74777005e-06 4.70143732e-06 1.26153182e-05 1.90511116e-06
 9.39706570e-06 3.54091594e-06 1.82196925e-06 1.63460152e-06
 2.17956585e-06 2.83383156e-06 3.87015143e-06 2.04077378e-06
 2.52740119e-06 1.28736781e-06 1.11901306e-06 1.25884742e-06
 1.65471340e-06 1.39428721e-06 1.09087125e-06 4.72262485e-07
 1.23966765e-06 7.06251228e-07 1.92448101e-06 1.14661418e-06
 1.31389663e-06 6.78443314e-07 7.55067902e-07 1.08378492e-06
 1.16429226e-06 5.65249422e-07 5.72409192e-07 3.61336078e-07
 1.16743797e-06 7.73325553e-07 7.49950004e-07 7.31196963e-07
 7.16219176e-07 1.99199644e-06 6.84014424e-07 3.10907808e-07]
[3.72991508e-07 5.44612305e-07 6.44663999e-07 1.27022804e-06
 3.84732374e-07 4.37661896e-07 4.74992049e-07 7.77140485e-07
 5.99322334e-07 9.52585197e-07 8.01489932e-07 4.87683508e-07
 5.20941796e-07 8.39277220e-07 7.14405871e-07 1.43249224e-06
 8.76329068e-07 7.39767984e-07 1.06528785e-06 1.16573631e-06
 8.36083643e-07 1.55864734e-06 1.85700083e-06 2.22442100e-06
 2.16242574e-06 1.79402923e-06 4.23105894e-06 2.48499646e-06
 4.89179638e-06 3.25442011e-06 5.12615634e-06 3.67328789e-06
 2.98131886e-06 1.47923004e-06 2.27014448e-06 1.48866332e-06
 8.62149591e-07 1.37204643e-06 2.61214268e-06 3.34658671e-06
 1.74043078e-06 1.30182661e-06 2.04402090e-06 2.18969376e-06
 5.57213070e-06 4.50610196e-06 4.18843638e-06 6.83589496e-06
 5.09111715e-06 6.71280168e-06 7.34843161e-06 8.34149978e-06
 5.11801727e-06 5.09382517e-06 9.13416352e-06 9.35050048e-06
 4.20802417e-06 6.80482299e-06 5.31872320e-06 4.59133526e-06
 3.91525282e-06 5.02032390e-06 5.08799394e-06 7.76253819e-06
 2.65679250e-06 6.95504104e-06 9.81160338e-06 5.45142939e-06
 6.91087916e-06 3.37799452e-06 5.93938603e-06 5.19334890e-06
 6.20821493e-06 6.32795900e-06 5.24111829e-06 8.94012555e-06
 5.31304113e-06 5.85881799e-06 7.76858815e-06 9.28878126e-06
 1.15250305e-05 1.15412540e-05 1.06038178e-05 1.42089011e-05
 1.19652977e-05 7.80158280e-06 2.96430517e-05 1.26451569e-05
 1.17363770e-05 1.36689005e-05 2.04450316e-05 1.62785673e-05
 1.47105211e-05 1.67693215e-05 2.85977567e-05 3.84326304e-05
 3.35492696e-05 3.00202464e-05 2.92039531e-05 3.42538515e-05
 1.40287266e-05 3.49554175e-05 2.34780364e-05 1.81270880e-05
 1.33643798e-05 1.62525121e-05 1.71975025e-05 1.99292408e-05
 1.80753850e-05 1.86321668e-05 2.80821350e-05 2.56476342e-05
 2.59822136e-05 2.52241207e-05 3.61604907e-05 3.60020349e-05
 2.13904659e-05 3.02743811e-05 1.27175217e-05 2.63181773e-05
 1.21834173e-05 2.09248192e-05 2.05908382e-05 2.39817964e-05
 1.73787812e-05 1.22032188e-05 2.09757072e-05 2.06065524e-05
 1.44900105e-05 9.46837008e-06 2.17572597e-05 1.47032006e-05
 2.20259681e-05 4.52337990e-05 4.69978877e-05 5.11853177e-05
 1.56297247e-05 2.18291189e-05 2.31808863e-05 2.29822817e-05
 6.02119835e-05 7.26172802e-05 2.11094521e-05 2.15956810e-04
 9.17170328e-05 4.23575366e-05 8.92936077e-06 2.38133671e-05
 3.40118277e-05 3.12760967e-05 1.98302641e-05 1.50257083e-05
 2.71857280e-05 1.49418056e-05 3.57489080e-05 6.31222865e-05
 2.41727521e-05 3.17809499e-05 1.44921605e-05 2.51072433e-05
 2.11140214e-05 1.03197017e-05 5.06202778e-05 6.71212765e-05
 2.19361191e-05 2.06870118e-05 4.69188235e-05 4.00161625e-05
 2.49488494e-05 4.79511946e-05 4.30828040e-05 1.47129695e-05
 2.18012447e-05 1.20180584e-05 2.81291777e-05 1.04672772e-05
 1.57094928e-05 2.21658320e-05 2.23069801e-05 2.73135593e-05
 9.48008437e-06 5.21531774e-06 6.87231841e-06 1.60513282e-05
 6.57023156e-06 6.43367594e-06 3.88550234e-06 7.24928168e-06
 4.32495290e-06 3.80853521e-06 2.10389749e-06 2.77939466e-06
 1.93675533e-06 1.37962115e-06 1.45553940e-06 3.21451807e-06
 1.53478038e-06 1.23302516e-06 1.08777920e-06 9.62212539e-07
 1.89090122e-06 2.20074548e-06 1.17400873e-06 1.13657336e-06
 1.06215464e-06 8.47149579e-07 1.01871581e-06 8.48078400e-07
 1.09378482e-06 1.15721173e-06 6.61125966e-07 1.05987681e-06
 9.46980833e-07 1.01074920e-06 1.04834692e-06 7.27255383e-07
 1.55034070e-06 9.47211902e-07 1.38782855e-06 1.62981235e-06
 1.15627415e-06 2.01852095e-06 3.77575475e-07 3.78417212e-07]
[2.9650172e-07 5.9416203e-07 6.4096048e-07 5.4912624e-07 5.3757202e-07
 3.9896756e-07 5.4270754e-07 6.2345600e-07 4.7441711e-07 5.3777654e-07
 5.5209983e-07 6.3543246e-07 4.3273943e-07 5.2194707e-07 1.2648940e-06
 8.9746618e-07 4.6357673e-07 4.4849776e-07 7.2941799e-07 8.5329060e-07
 8.1254757e-07 6.1344116e-07 1.7003916e-06 2.1202045e-06 1.5138763e-06
 1.3112804e-06 1.5564841e-06 1.2987410e-06 1.3226869e-06 2.4690644e-06
 3.2643682e-06 2.2091519e-06 2.3871255e-06 1.9752133e-06 2.3931977e-06
 2.6291884e-06 1.7289641e-06 1.6723233e-06 2.2930217e-06 2.0148866e-06
 1.3843501e-06 1.6593794e-06 3.7131474e-06 2.0410896e-06 3.9535244e-06
 3.2693054e-06 4.7220597e-06 9.5649139e-06 3.7978014e-06 4.4261751e-06
 8.8548322e-06 5.5350752e-06 3.3388690e-06 4.7056883e-06 5.4604557e-06
 4.1577068e-06 3.3576368e-06 8.3517471e-06 5.1546253e-06 5.9666727e-06
 3.4056084e-06 2.6426148e-06 3.8945313e-06 2.9500818e-06 3.8662783e-06
 3.3206086e-06 5.2639029e-06 3.9875272e-06 3.4728312e-06 3.3941913e-06
 3.6558320e-06 3.2371725e-06 4.6744731e-06 4.7678132e-06 6.6227308e-06
 5.7306975e-06 4.0222535e-06 4.3566924e-06 1.1980366e-05 1.0383904e-05
 8.8561856e-06 5.4403467e-06 9.1514967e-06 1.0170174e-05 8.3160057e-06
 1.0110295e-05 1.6366910e-05 1.3229129e-05 1.2660545e-05 1.2191439e-05
 1.1464068e-05 1.3478623e-05 1.4267812e-05 2.1711186e-05 4.6029643e-05
 3.0085575e-05 3.1654243e-05 2.2490674e-05 1.4874372e-05 2.3481354e-05
 1.3820466e-05 2.0602527e-05 1.2334560e-05 1.2495941e-05 1.6404310e-05
 1.4240705e-05 1.7617991e-05 2.3667968e-05 1.8532075e-05 1.0751651e-05
 3.5328510e-05 1.7227068e-05 3.1609568e-05 2.6001397e-05 2.2720162e-05
 3.9329243e-05 1.8897359e-05 6.9794733e-06 2.1793408e-05 1.4833560e-05
 1.9193298e-05 1.6756529e-05 1.3713151e-05 1.5075818e-05 2.2221022e-05
 2.0423640e-05 1.2759044e-05 1.4383494e-05 2.5745196e-05 1.5196342e-05
 1.4717069e-05 1.3647329e-05 2.4372739e-05 2.5306668e-05 3.2304775e-05
 2.5987749e-05 1.3853935e-05 1.1286666e-05 6.6852444e-06 1.7082888e-05
 1.9343684e-05 5.2343315e-05 4.4601806e-05 4.7063470e-05 4.5126333e-05
 9.5316645e-06 2.2257222e-05 2.7797118e-05 2.9731198e-05 3.1974607e-05
 1.2627949e-05 2.1043435e-05 7.2903917e-06 1.5656904e-05 1.7744060e-05
 1.8311759e-05 1.0640389e-05 5.4028169e-06 3.8514430e-05 2.6728294e-05
 2.8545544e-05 1.1124063e-05 1.4165118e-05 2.9796234e-05 4.5197285e-05
 1.9453955e-05 8.7211583e-06 3.5927387e-05 4.1662701e-05 5.3111700e-05
 5.4008062e-05 3.3053086e-05 2.1234400e-05 1.3865522e-05 1.2224155e-05
 7.9925630e-06 2.0831088e-05 9.2401106e-06 2.4148829e-05 5.8390488e-06
 4.5304250e-06 4.0269711e-06 6.2713807e-06 1.8343002e-06 1.1822332e-05
 8.5970087e-06 8.8113711e-06 1.5589467e-05 4.3708947e-06 4.0362634e-06
 1.7315136e-06 4.9737760e-06 1.5397432e-06 1.0909262e-06 2.6237740e-06
 2.2037352e-06 2.0095697e-06 1.3807070e-06 1.1013332e-06 5.9862640e-07
 9.5266978e-07 8.4786552e-07 1.2097947e-06 4.9915133e-07 9.6583915e-07
 1.8202448e-06 9.2120962e-07 5.2620669e-07 1.1468400e-06 7.8288281e-07
 5.6607303e-07 6.3165470e-07 4.3820356e-07 2.8163333e-07 6.6199738e-07
 3.2408079e-07 6.9493916e-07 4.6991988e-07 6.5814947e-07 7.8285751e-07
 9.7427869e-07 4.9873091e-07 4.8923658e-07 3.1226281e-07]
[3.19193504e-07 9.47550404e-07 9.10655956e-07 7.46299065e-07
 6.76634500e-07 5.67483767e-07 2.78182114e-07 4.74758849e-07
 6.65021332e-07 7.01312899e-07 5.08698747e-07 4.44623424e-07
 4.12882656e-07 7.03073511e-07 9.70338419e-07 1.09679604e-06
 5.90261152e-07 5.53832763e-07 6.48031175e-07 6.66378298e-07
 7.38837741e-07 5.62799528e-07 1.22882818e-06 1.34223819e-06
 1.12476982e-06 2.23248162e-06 1.86478462e-06 2.07842277e-06
 1.88112290e-06 1.25825011e-06 1.56915257e-06 1.50711492e-06
 1.61943490e-06 1.60956426e-06 2.05355127e-06 2.12994632e-06
 1.97283839e-06 1.38624580e-06 1.96916812e-06 1.52953874e-06
 3.09209190e-06 2.19325443e-06 2.78340735e-06 2.47709227e-06
 2.60015713e-06 4.45429532e-06 6.32817455e-06 4.39451787e-06
 4.67899054e-06 5.04323407e-06 5.01843078e-06 1.04279543e-05
 4.92127674e-06 4.33044761e-06 5.06309470e-06 3.58336729e-06
 3.77053493e-06 2.32940988e-06 2.99747376e-06 2.85084207e-06
 3.73924195e-06 4.60893398e-06 5.95528900e-06 7.00116470e-06
 3.47498030e-06 3.01126488e-06 7.36088487e-06 4.56623775e-06
 3.95258803e-06 5.36699690e-06 3.75364471e-06 8.35011633e-06
 3.62595824e-06 1.19169927e-05 5.83846895e-06 4.31311446e-06
 5.48781281e-06 6.00969906e-06 6.64990148e-06 7.81480139e-06
 5.27549537e-06 1.19958522e-05 1.71582560e-05 1.00594725e-05
 4.46511012e-06 9.15111286e-06 1.21672174e-05 8.71989050e-06
 1.14631375e-05 1.03925231e-05 8.98036160e-06 7.24084384e-06
 1.34513493e-05 1.38748992e-05 2.40182435e-05 4.83664044e-05
 2.09782011e-05 1.61200169e-05 1.85714071e-05 2.16489734e-05
 1.45869772e-05 1.82726726e-05 1.52466591e-05 1.61320422e-05
 8.88655359e-06 1.29402297e-05 1.45728927e-05 1.13445503e-05
 1.35573546e-05 1.50879232e-05 1.23104937e-05 1.89466318e-05
 2.13162712e-05 2.04954686e-05 2.60479792e-05 4.38969473e-05
 1.91967574e-05 7.94451444e-06 1.54096651e-05 2.28401277e-05
 2.09553546e-05 1.77973616e-05 1.66249756e-05 1.34785505e-05
 1.70555450e-05 1.11843874e-05 1.13796041e-05 1.66048831e-05
 2.22296458e-05 8.76139711e-06 1.34070651e-05 2.09556511e-05
 3.76639546e-05 4.78084112e-05 2.56575640e-05 1.66892860e-05
 2.87779112e-05 1.34375541e-05 1.20822597e-05 1.40694829e-05
 2.83699774e-05 9.12318428e-05 1.57088634e-05 3.36561970e-05
 3.43917018e-05 2.43151353e-05 6.84548795e-05 3.62427490e-05
 2.41545422e-05 2.38744160e-05 2.03344953e-05 1.58970088e-05
 6.35537726e-05 1.83152970e-05 3.03685283e-05 1.16592519e-05
 8.29377404e-06 1.32159867e-05 3.76196840e-05 3.69096306e-05
 4.70109771e-05 2.99523599e-05 1.15928451e-05 2.18668738e-05
 3.62051615e-05 6.80517405e-05 1.15155008e-05 3.73340044e-05
 4.09322784e-05 8.14263785e-06 3.42976091e-05 4.14117239e-05
 4.75555025e-05 1.92279458e-05 4.81560019e-05 1.18966273e-05
 1.18414710e-05 9.76878528e-06 1.40148322e-05 7.60501052e-06
 7.35956064e-06 1.21204794e-05 4.76091509e-06 5.56805344e-06
 6.56128441e-06 3.01722571e-06 3.53725773e-06 3.60950435e-06
 3.91679578e-06 9.40173686e-06 3.27351222e-06 3.83514953e-06
 2.27706005e-06 2.26223256e-06 3.42267049e-06 4.55142663e-06
 1.35074697e-06 6.02907051e-07 1.11506006e-06 1.71202112e-06
 2.01192347e-06 6.35096285e-07 5.66372535e-07 5.20435549e-07
 5.05774381e-07 4.39551826e-07 6.50795755e-07 4.51042723e-07
 7.78324591e-07 8.58707097e-07 7.86687906e-07 6.49347555e-07
 4.54245196e-07 4.96612529e-07 4.81926804e-07 1.11980830e-06
 4.73990355e-07 1.01281364e-06 6.01955264e-07 8.21906895e-07
 1.06818106e-06 2.77362886e-07 2.11009208e-07 2.23173274e-07]
[5.04333968e-07 1.57166380e-06 8.71254713e-07 5.33179559e-07
 6.20458366e-07 3.82576985e-07 3.51684008e-07 6.60828846e-07
 4.22346147e-07 3.25569431e-07 7.25446171e-07 5.62815728e-07
 4.66204824e-07 4.94426274e-07 7.26866631e-07 6.46560238e-07
 6.73758734e-07 4.86482179e-07 8.51061259e-07 5.68998757e-07
 6.99873624e-07 5.85822193e-07 1.47955450e-06 9.34663774e-07
 9.19550985e-07 1.29541593e-06 2.24389919e-06 2.34505001e-06
 2.54348629e-06 1.48856725e-06 1.48327911e-06 1.93924893e-06
 2.29545844e-06 1.61395485e-06 1.60746868e-06 2.00063801e-06
 9.94430479e-07 9.22351035e-07 1.81100529e-06 2.31240188e-06
 1.30365845e-06 2.30124169e-06 2.52887571e-06 2.59394983e-06
 2.86732939e-06 4.29406145e-06 4.54207429e-06 5.08912080e-06
 6.81561914e-06 7.61977981e-06 9.06142941e-06 7.80717983e-06
 6.77669232e-06 5.97733560e-06 4.14443502e-06 5.09466918e-06
 4.53335633e-06 5.52434722e-06 4.34695676e-06 5.12880661e-06
 7.04948843e-06 5.43782107e-06 4.61251875e-06 6.25136863e-06
 5.02825560e-06 1.09658286e-05 7.26853477e-06 8.20611149e-06
 6.43459134e-06 5.14579733e-06 7.12367364e-06 4.24417340e-06
 4.01207444e-06 3.73632224e-06 4.07083144e-06 4.41165639e-06
 4.11686278e-06 5.47631544e-06 8.49105436e-06 9.28852660e-06
 1.03970160e-05 5.85093267e-06 1.00051539e-05 6.62746015e-06
 1.33903077e-05 1.03310340e-05 2.45255214e-05 2.11431125e-05
 1.46936436e-05 1.76701669e-05 1.77729180e-05 1.07600636e-05
 1.65408710e-05 1.10023348e-05 2.67582436e-05 2.06047389e-05
 1.63794557e-05 2.23477782e-05 3.41181658e-05 2.74861959e-05
 1.57932682e-05 1.44418555e-05 2.09825648e-05 2.40534810e-05
 1.66444679e-05 1.66818172e-05 3.11460863e-05 2.88414594e-05
 1.74013876e-05 1.83278225e-05 1.47892015e-05 1.25793622e-05
 2.97827646e-05 2.13133480e-05 3.21824955e-05 3.92729889e-05
 1.61631579e-05 1.94663608e-05 1.69330342e-05 2.09577338e-05
 2.87898583e-05 1.45306758e-05 2.75066650e-05 2.64899336e-05
 2.46903419e-05 1.58303465e-05 1.03519733e-05 2.03412656e-05
 2.76621067e-05 2.57438096e-05 1.62897577e-05 2.47015541e-05
 1.73099652e-05 3.76303469e-05 4.76592650e-05 3.07526461e-05
 1.88599806e-05 2.41522812e-05 3.97027761e-05 3.76581447e-05
 2.09658810e-05 2.75643397e-05 3.28687856e-05 2.58644777e-05
 1.23589407e-05 5.60041699e-05 9.13792173e-05 4.35959482e-05
 2.26938155e-05 2.39273559e-05 2.81761113e-05 3.37721649e-05
 2.77476011e-05 5.51900266e-05 1.08873646e-05 2.32784423e-05
 2.96664512e-05 1.97292666e-05 2.34787294e-05 1.92742536e-05
 3.78444238e-05 5.45935072e-05 1.96305209e-05 1.35331829e-05
 3.68854926e-05 1.97068202e-05 6.27256595e-05 5.87330542e-05
 1.38486575e-04 7.13279951e-05 1.45579033e-05 7.28083614e-05
 6.62263847e-05 1.01125215e-05 3.13290402e-05 4.34243666e-05
 7.59899604e-06 1.03206039e-05 5.77970650e-06 1.39190479e-05
 2.89006016e-06 1.47920300e-05 6.60413707e-06 7.26500366e-06
 1.03399789e-05 3.12747579e-06 3.18255547e-06 3.46778597e-06
 3.26897862e-06 4.01407669e-06 2.94706774e-06 2.65006315e-06
 3.06947300e-06 1.89227433e-06 2.58895852e-06 1.64612720e-06
 2.33288802e-06 7.55692383e-07 1.12637520e-06 1.24190819e-06
 1.11528936e-06 1.13093552e-06 1.27495639e-06 5.87074567e-07
 6.15893896e-07 7.79865275e-07 8.30597173e-07 1.04395951e-06
 1.05573065e-06 1.60637740e-06 1.02198749e-06 5.85333680e-07
 4.24406522e-07 7.23443634e-07 3.91998924e-07 5.53204075e-07
 4.53269536e-07 1.02320814e-06 8.75237049e-07 2.16873173e-06
 4.01375360e-07 2.37095833e-07 2.80564137e-07 1.15493584e-07]
[2.79125032e-07 5.83051474e-07 7.92519870e-07 7.91503055e-07
 6.72281146e-07 5.35672200e-07 4.71948624e-07 6.52186429e-07
 3.40317456e-07 6.44985448e-07 5.65997141e-07 9.11004975e-07
 7.88985517e-07 6.02796547e-07 5.62249397e-07 8.45367651e-07
 6.36033974e-07 7.27857753e-07 8.01563431e-07 8.86875739e-07
 8.99762938e-07 9.96296876e-07 1.00300360e-06 1.00299906e-06
 2.00245063e-06 1.40776456e-06 3.17388617e-06 2.95411269e-06
 2.22881954e-06 2.37359905e-06 2.77771028e-06 1.77670745e-06
 2.05105766e-06 1.60229604e-06 7.71468478e-07 2.04416733e-06
 1.16731280e-06 1.13599674e-06 1.53405665e-06 3.13352211e-06
 2.82198084e-06 2.94221354e-06 3.13653982e-06 3.59202318e-06
 3.63660934e-06 3.52116626e-06 5.02331386e-06 5.47243371e-06
 8.51045024e-06 6.91691093e-06 4.76573086e-06 8.18131139e-06
 7.63824664e-06 6.73480690e-06 4.67097789e-06 6.91089690e-06
 8.36578420e-06 6.54007408e-06 4.73660521e-06 5.06051811e-06
 5.18968272e-06 7.83205815e-06 3.02598914e-06 5.20165349e-06
 5.32661443e-06 5.57922476e-06 4.50396010e-06 9.24637152e-06
 3.27776456e-06 3.03203524e-06 5.01754585e-06 1.20025497e-05
 6.06005733e-06 3.64765378e-06 5.03190267e-06 5.93731374e-06
 8.31587658e-06 5.48071375e-06 9.86377654e-06 5.78613026e-06
 8.04305000e-06 9.29558155e-06 9.83916107e-06 8.86026464e-06
 8.23014307e-06 1.15702533e-05 1.11403679e-05 2.43817121e-05
 1.97810969e-05 1.65883594e-05 1.13579117e-05 2.19113081e-05
 2.43514860e-05 2.11885272e-05 2.96238886e-05 1.92722127e-05
 1.75680379e-05 1.54279787e-05 2.63664933e-05 3.95738571e-05
 3.49461516e-05 2.10805356e-05 2.16160206e-05 2.59137978e-05
 1.94304957e-05 1.39114563e-05 2.27638866e-05 1.60369873e-05
 1.07080423e-05 1.95992779e-05 2.37983932e-05 3.34251272e-05
 2.67376836e-05 1.57558625e-05 1.57016530e-05 2.40132704e-05
 2.53428170e-05 1.74506204e-05 1.74722081e-05 2.24397281e-05
 2.32914590e-05 2.38115754e-05 3.04078912e-05 2.52372774e-05
 1.90094943e-05 1.17412592e-05 1.32210698e-05 1.40408365e-05
 1.89896582e-05 1.03771499e-05 1.51668546e-05 1.51767226e-05
 7.82290499e-06 2.77153740e-05 2.70841356e-05 1.60492455e-05
 5.77043829e-05 3.44072032e-05 1.51061540e-05 2.51144174e-05
 4.32140077e-05 1.50813466e-05 7.86711535e-05 1.12025074e-04
 4.85619712e-05 1.91582385e-05 2.72420057e-05 4.02687474e-05
 3.62327373e-05 1.97249992e-05 3.46241541e-05 4.00100216e-05
 2.94804940e-05 2.11571842e-05 1.34831971e-05 2.95626687e-05
 1.52422290e-05 2.94528927e-05 2.37428230e-05 2.38218781e-05
 7.59251125e-05 2.04082535e-05 4.22694175e-05 3.37286474e-05
 2.92405985e-05 2.71017725e-05 3.33040989e-05 3.75292548e-05
 3.50146838e-05 1.57083341e-05 1.76699359e-05 2.27962504e-04
 1.47971325e-04 2.87319417e-05 4.16348339e-05 4.60714837e-05
 9.44000476e-06 2.30121168e-05 8.61987337e-06 3.01790860e-05
 5.78694699e-06 7.78775484e-06 1.09494795e-05 2.01213174e-06
 1.20625564e-05 5.16282671e-06 2.75100319e-06 2.64129176e-06
 1.42576755e-06 4.30084583e-06 3.81975951e-06 4.29964666e-06
 3.71689543e-06 2.61533387e-06 1.62215667e-06 9.93121034e-07
 1.41833573e-06 7.31435478e-07 1.62478148e-06 1.86272916e-06
 1.28184513e-06 6.31125033e-07 1.19209096e-06 8.07863671e-07
 5.49998447e-07 7.20510059e-07 1.58944067e-06 5.87117654e-07
 6.69541805e-07 7.86461158e-07 5.18029310e-07 4.89472711e-07
 6.92393826e-07 2.43253083e-07 3.79670070e-07 5.79745858e-07
 6.62885384e-07 1.23230018e-06 1.74520528e-06 1.18435935e-06
 4.34004420e-07 3.59909791e-07 2.81680968e-07 1.90846052e-07]
[3.41352234e-07 5.71571093e-07 8.58158216e-07 4.60720003e-07
 1.23482153e-06 5.28214684e-07 4.77168783e-07 5.14643716e-07
 6.80133780e-07 9.99902454e-07 7.73216186e-07 6.63726780e-07
 7.35372566e-07 3.76394041e-07 9.99844019e-07 6.14105716e-07
 5.21102322e-07 6.07143704e-07 9.29737780e-07 6.74406522e-07
 1.29372268e-06 9.17396790e-07 6.42447219e-07 7.24783888e-07
 8.64243475e-07 1.27911119e-06 1.83650843e-06 3.35809659e-06
 1.55068119e-06 1.84607677e-06 2.54170322e-06 1.04147637e-06
 8.35181538e-07 6.74681075e-07 1.09605242e-06 2.08695405e-06
 2.06327422e-06 2.06015284e-06 2.73325918e-06 1.64647452e-06
 1.33995366e-06 2.84979910e-06 2.90695129e-06 3.71869078e-06
 3.75983359e-06 3.76145249e-06 8.48518994e-06 6.29476017e-06
 6.13600923e-06 6.39739801e-06 4.65886342e-06 4.35143056e-06
 4.25833559e-06 4.77063713e-06 3.86098918e-06 3.70991688e-06
 4.97797009e-06 4.84646489e-06 2.38818780e-06 4.06318168e-06
 2.80675090e-06 3.23169934e-06 4.83010126e-06 5.17124272e-06
 3.91778349e-06 2.71237855e-06 4.56689804e-06 3.36711105e-06
 3.91656249e-06 1.96337010e-06 4.19100661e-06 6.22218658e-06
 5.90405443e-06 3.87942555e-06 2.80899349e-06 3.59230285e-06
 3.06211768e-06 3.93550363e-06 5.30668649e-06 5.18652223e-06
 7.21010156e-06 4.58066779e-06 5.33728462e-06 5.41613917e-06
 6.80055200e-06 7.54656685e-06 1.20689047e-05 1.35701584e-05
 1.18174621e-05 1.60700638e-05 1.12979515e-05 2.31339727e-05
 3.06871043e-05 1.10248729e-05 1.55547732e-05 8.68931693e-06
 1.51862814e-05 1.67013259e-05 1.46220664e-05 2.18082587e-05
 2.78271855e-05 1.97030822e-05 1.62983360e-05 8.73129011e-06
 2.03832315e-05 1.08450195e-05 1.94573058e-05 1.86951711e-05
 1.44263613e-05 1.63875975e-05 1.17389864e-05 1.82954736e-05
 1.13626129e-05 9.14828070e-06 2.70571345e-05 1.67487506e-05
 1.53878809e-05 1.70254734e-05 1.94528347e-05 2.75008060e-05
 2.00923969e-05 1.14196782e-05 1.45874583e-05 1.69009163e-05
 1.39173717e-05 1.47912288e-05 8.13529459e-06 1.90857372e-05
 1.58357234e-05 1.48389836e-05 8.71807697e-06 9.75360490e-06
 9.71746249e-06 1.08409977e-05 1.12649532e-05 2.71184272e-05
 2.41771486e-05 1.41843730e-05 2.95897426e-05 1.87497990e-05
 1.14559798e-05 2.70843884e-05 2.21387323e-04 4.18233940e-05
 9.53076305e-05 2.38055636e-05 3.61324819e-05 2.25135027e-05
 2.25144122e-05 5.88453258e-05 3.35190634e-05 1.16907913e-05
 7.72648127e-06 1.90682385e-05 3.87792134e-05 2.04008611e-05
 1.06402913e-05 9.63625916e-06 1.09598523e-05 2.24400737e-05
 2.07289049e-05 1.28696274e-05 2.63111633e-05 2.89710442e-05
 1.91303698e-05 2.99405201e-05 1.64596404e-05 2.90502339e-05
 5.13426785e-05 3.91394969e-05 1.55881044e-05 1.31893365e-04
 3.01992786e-05 5.68456489e-05 7.03857004e-05 7.23483026e-06
 5.92287688e-06 5.82522398e-06 7.50041136e-06 4.89853592e-05
 5.29628187e-06 4.24593281e-06 4.38311463e-06 2.54579209e-06
 5.79468724e-06 1.00484858e-05 2.39400538e-06 2.36512528e-06
 1.25457393e-06 2.35387006e-06 1.22591030e-06 2.39257679e-06
 2.25131475e-06 1.92557059e-06 1.98296152e-06 2.62523349e-06
 2.54991778e-06 8.18430351e-07 7.52152630e-07 2.39040241e-06
 1.50506150e-06 7.77542425e-07 8.20097000e-07 1.05850768e-06
 6.23054518e-07 4.97323811e-07 3.37499728e-07 3.37456498e-07
 5.92370498e-07 4.65117608e-07 4.96257428e-07 3.86856613e-07
 7.56044528e-07 5.30557770e-07 1.08253744e-06 8.48992158e-07
 5.19203468e-07 5.42919054e-07 1.20826905e-06 6.73701379e-07
 2.42486720e-07 5.79587038e-07 3.41616811e-07 1.43562787e-07]
[2.19223807e-07 4.13905781e-07 5.39698476e-07 5.18388958e-07
 5.29249633e-07 4.17117263e-07 4.20058228e-07 5.50855418e-07
 5.56506905e-07 4.79436778e-07 6.87012346e-07 7.15314002e-07
 3.97775011e-07 4.71067182e-07 6.18386764e-07 5.63648712e-07
 5.18723198e-07 6.70406905e-07 1.15088335e-06 5.39196492e-07
 4.95373513e-07 1.00376553e-06 9.41827238e-07 8.98016197e-07
 7.49963590e-07 1.14604825e-06 1.86300349e-06 1.78713447e-06
 1.41823455e-06 2.16494027e-06 9.43004977e-07 8.06060541e-07
 1.07710503e-06 1.01663727e-06 9.05579157e-07 9.46733678e-07
 1.55116732e-06 1.69803661e-06 1.64876246e-06 1.60714205e-06
 2.85038004e-06 2.54635984e-06 2.53735629e-06 2.91116703e-06
 4.52520044e-06 3.31722072e-06 3.28675287e-06 7.17397779e-06
 2.72233706e-06 5.79269499e-06 7.37669143e-06 8.75148453e-06
 5.64773973e-06 5.50439790e-06 8.22484708e-06 7.22133336e-06
 6.12091526e-06 6.06189724e-06 5.81708446e-06 8.65196034e-06
 2.91880792e-06 4.05919718e-06 3.21186667e-06 4.35527636e-06
 6.22584639e-06 3.03562115e-06 3.95403640e-06 4.66703432e-06
 2.85408896e-06 3.28077772e-06 3.33788739e-06 2.68753683e-06
 2.21410937e-06 2.83656686e-06 3.93493201e-06 3.49388938e-06
 3.68109158e-06 2.81093526e-06 7.86701003e-06 5.94540188e-06
 7.22530649e-06 8.83431221e-06 5.88830153e-06 8.61485660e-06
 6.69614747e-06 8.34226739e-06 1.06504813e-05 1.24358521e-05
 1.02604999e-05 1.12093630e-05 1.48740937e-05 1.76012763e-05
 1.11491390e-05 9.55901396e-06 1.26643345e-05 1.06962716e-05
 1.00408151e-05 1.21489402e-05 1.28201209e-05 1.31943243e-05
 8.41976998e-06 8.57132181e-06 2.11356601e-05 1.69524428e-05
 2.40277241e-05 9.98615087e-06 1.83566935e-05 2.06864916e-05
 1.25913457e-05 1.75242403e-05 1.34005177e-05 2.44257317e-05
 1.57724025e-05 1.05388799e-05 3.17713093e-05 2.36015421e-05
 9.85722636e-06 2.04803782e-05 1.59006395e-05 1.57421291e-05
 1.47183046e-05 1.18939815e-05 1.07983369e-05 1.40666598e-05
 1.33158283e-05 1.26434124e-05 2.62471076e-05 1.31752749e-05
 1.40642251e-05 8.30717909e-06 2.22561575e-05 1.93469441e-05
 1.00325660e-05 2.62594476e-05 6.58646677e-05 2.34317267e-05
 1.60602012e-05 1.22372512e-05 4.00779791e-05 1.62418964e-05
 2.37635541e-05 1.92410462e-05 1.84961900e-05 2.09001500e-05
 3.29345239e-05 7.66334852e-05 9.99787371e-05 6.68345092e-05
 4.85735472e-05 2.11837905e-05 2.01257808e-05 1.09637193e-04
 9.16471345e-06 1.20820150e-05 2.51354068e-05 1.22229694e-05
 1.76634730e-05 1.32984933e-05 1.58367493e-05 1.58583080e-05
 1.32040232e-05 5.87270506e-06 2.63839302e-05 1.73334938e-05
 3.41500381e-05 6.89552871e-06 8.65918773e-05 8.89250368e-05
 9.92677742e-05 2.68757485e-05 3.87232976e-05 7.30260945e-05
 8.95683406e-05 3.11692602e-05 4.70252889e-05 6.35429069e-06
 8.86093949e-06 4.14044780e-06 1.41891542e-05 3.47685932e-06
 5.17239596e-06 3.64842276e-06 7.64013839e-06 5.26855592e-06
 2.40580994e-06 2.84755492e-06 2.74863737e-06 2.89197374e-06
 2.89460058e-06 2.77883487e-06 2.03860895e-06 1.47996934e-06
 6.49085507e-07 1.21360847e-06 7.72980229e-07 7.15175304e-07
 1.25256668e-06 5.17211618e-07 4.03961394e-07 1.51792801e-06
 1.59697845e-06 6.14386124e-07 6.75924468e-07 8.02421539e-07
 1.00747991e-06 1.31330250e-06 6.10592565e-07 1.05803690e-06
 6.15325348e-07 5.70650798e-07 5.29813690e-07 1.91185222e-07
 5.14780879e-07 7.20133755e-07 3.38091610e-07 9.90142098e-07
 3.18695925e-07 6.07929394e-07 8.00456121e-07 5.33696266e-07
 3.36023390e-07 7.40141559e-07 4.34831122e-07 2.01931400e-07]
[3.52101807e-07 6.27416682e-07 1.01324588e-06 9.84302346e-07
 6.96617974e-07 3.31372121e-07 4.83954864e-07 4.07713145e-07
 4.75606498e-07 4.30284359e-07 5.03084323e-07 1.37415202e-06
 4.40192906e-07 3.48492080e-07 5.54568715e-07 5.57140424e-07
 6.13424675e-07 9.67168262e-07 1.09111795e-06 1.29179136e-06
 5.87445697e-07 7.00413523e-07 1.05156550e-06 9.37543803e-07
 1.38424639e-06 8.73505485e-07 1.16853141e-06 1.11753764e-06
 1.58365947e-06 2.12126656e-06 1.29891123e-06 9.01637179e-07
 1.81001235e-06 8.43486077e-07 1.42311421e-06 1.69169380e-06
 2.53424309e-06 1.41037162e-06 1.97756094e-06 3.72281670e-06
 3.72541399e-06 2.09621453e-06 1.90550907e-06 4.63989136e-06
 3.79163248e-06 3.63555591e-06 9.87403928e-06 5.79310654e-06
 4.03580225e-06 6.43249041e-06 7.79389666e-06 1.34537913e-05
 1.15114535e-05 8.71986049e-06 1.07865781e-05 1.06936504e-05
 9.11017833e-06 7.02443458e-06 7.58689748e-06 4.84145312e-06
 8.43608268e-06 5.42069574e-06 4.60827505e-06 6.08502387e-06
 3.81320115e-06 3.71508486e-06 1.18704675e-05 4.95181439e-06
 4.08338246e-06 6.17450360e-06 6.21369099e-06 3.99101873e-06
 3.98838529e-06 3.86988177e-06 4.34076674e-06 3.29406794e-06
 5.55126098e-06 2.69552584e-06 7.04387321e-06 7.94989228e-06
 1.32406567e-05 1.13588403e-05 9.64925312e-06 9.57063094e-06
 1.34291868e-05 9.00944633e-06 9.74959858e-06 1.08434870e-05
 1.41774062e-05 2.60607285e-05 2.16557510e-05 8.99395400e-06
 8.42389727e-06 1.13649921e-05 1.00893967e-05 1.41428764e-05
 1.12710513e-05 7.67214169e-06 8.70391614e-06 2.60790639e-05
 1.24812614e-05 9.14062184e-06 1.64223220e-05 1.49757934e-05
 1.62995493e-05 1.51939012e-05 2.50634548e-05 1.98916623e-05
 1.71606134e-05 8.16633565e-06 1.73966891e-05 2.52028312e-05
 8.79252457e-06 2.14925603e-05 2.53200487e-05 2.08902184e-05
 1.02139720e-05 3.01438267e-05 2.00940722e-05 1.78510581e-05
 1.61467997e-05 1.34263528e-05 2.25208278e-05 1.28625434e-05
 9.77072614e-06 1.07253436e-05 1.97242916e-05 1.01313190e-05
 1.02652002e-05 1.00209481e-05 1.87568985e-05 2.41258531e-05
 2.82285528e-05 1.17766867e-05 4.41975135e-05 1.46686189e-05
 5.54941907e-05 1.99463830e-05 5.66743947e-05 3.12101947e-05
 1.45309787e-05 1.06522777e-04 7.53053973e-05 8.33388112e-05
 3.07328271e-04 1.92391279e-04 5.68177456e-05 3.36979392e-05
 7.62754644e-05 6.39246573e-05 2.75039347e-05 3.07317350e-05
 4.32688830e-05 1.83117154e-05 7.24518250e-05 4.26390725e-05
 2.57556803e-05 1.16735473e-05 1.84313394e-05 1.38470414e-05
 1.90508381e-05 2.73751193e-05 3.36012163e-05 1.83125467e-05
 2.32548027e-05 3.64743210e-05 2.63959864e-05 1.68949282e-05
 2.66100687e-05 3.66309941e-05 5.92159377e-05 1.79693961e-04
 4.17108058e-05 3.55293014e-05 2.33781484e-05 4.47309576e-05
 2.25834647e-05 4.54588235e-06 1.36881708e-05 5.03620686e-06
 2.87988314e-06 2.94150868e-06 3.69470604e-06 2.44935268e-06
 2.20523452e-06 3.14679050e-06 3.40126280e-06 3.14981821e-06
 5.59083264e-06 1.84501050e-06 3.55282941e-06 3.60219451e-06
 3.77094329e-06 1.60371292e-06 1.39034694e-06 5.65664322e-07
 1.02037336e-06 6.83125734e-07 4.74070362e-07 7.95100107e-07
 9.25536824e-07 6.58289764e-07 8.95185394e-07 9.21823357e-07
 1.23779012e-06 9.31152101e-07 1.31500474e-06 1.38188295e-06
 4.52770536e-07 5.13676525e-07 5.12112138e-07 4.71876234e-07
 1.49129983e-06 5.32342710e-07 5.86918020e-07 3.32696118e-07
 2.50761701e-07 2.51599317e-07 4.41385964e-07 4.11861379e-07
 8.43211239e-07 4.18096619e-07 2.17211891e-07 1.82866913e-07]
[1.67162099e-07 3.32902658e-07 9.71343070e-07 7.73956742e-07
 6.20228320e-07 4.45142859e-07 3.16854795e-07 1.06672667e-06
 3.27447083e-07 3.57250684e-07 3.99333885e-07 4.48482638e-07
 6.19453658e-07 6.07605898e-07 5.60469346e-07 5.47969705e-07
 5.19633602e-07 1.07334870e-06 1.01210014e-06 7.45442264e-07
 4.29332744e-07 9.23408436e-07 1.02041156e-06 1.11484076e-06
 1.08579604e-06 1.52801601e-06 1.25688769e-06 1.79866345e-06
 1.15785315e-06 2.03406103e-06 2.05180118e-06 2.04757089e-06
 1.05829940e-06 1.41150770e-06 1.53485632e-06 2.35885932e-06
 2.16704098e-06 1.44211663e-06 4.38873712e-06 2.11069073e-06
 4.11862175e-06 2.96181884e-06 3.39244434e-06 4.80109020e-06
 3.87740511e-06 5.36567450e-06 3.36399830e-06 5.01821842e-06
 4.67895779e-06 4.65411176e-06 8.12320923e-06 9.53295876e-06
 5.45925832e-06 1.55256803e-05 1.28375623e-05 5.14108115e-06
 3.89399474e-06 1.07282067e-05 5.89380716e-06 7.69166945e-06
 4.42340615e-06 5.72035060e-06 4.47006141e-06 6.97670839e-06
 5.60188528e-06 7.86430883e-06 3.75640661e-06 6.36921550e-06
 3.97416807e-06 5.66327572e-06 4.67208201e-06 6.39345672e-06
 2.89177956e-06 5.27980183e-06 4.14325996e-06 5.03526326e-06
 5.12900215e-06 3.12576481e-06 5.76678713e-06 1.39301674e-05
 1.55699436e-05 7.00141936e-06 1.51720824e-05 5.74542764e-06
 6.75403726e-06 5.39216444e-06 8.64336926e-06 2.34247836e-05
 1.84139917e-05 2.53839753e-05 1.45545664e-05 1.73643257e-05
 1.29720820e-05 1.22554893e-05 1.04243054e-05 1.74492943e-05
 1.18079843e-05 9.13302119e-06 1.85830995e-05 1.80721963e-05
 1.51383138e-05 1.45493250e-05 1.34314423e-05 1.90685478e-05
 1.06794832e-05 1.11736372e-05 1.38881996e-05 1.60217151e-05
 1.19165243e-05 1.29817190e-05 1.51409486e-05 2.00229479e-05
 1.66531099e-05 1.64560770e-05 1.61023690e-05 2.96694216e-05
 1.67768412e-05 1.58981074e-05 2.79595497e-05 5.37189444e-05
 1.62784363e-05 1.34220945e-05 1.28051543e-05 1.18225544e-05
 1.42601748e-05 1.79817453e-05 1.17900281e-05 1.48428308e-05
 5.23209883e-06 9.15780311e-06 1.01817886e-05 2.54520783e-05
 1.33409776e-05 5.09249367e-05 2.11405713e-05 5.17035114e-05
 7.49030369e-05 7.03192272e-05 5.29353747e-05 9.45364081e-05
 4.43206809e-05 3.38581449e-05 1.86787263e-04 2.25778072e-04
 8.87786373e-05 1.09774912e-04 7.08496445e-05 3.63887375e-04
 5.36235457e-05 5.67815587e-05 5.73700636e-05 6.37388730e-05
 1.09294204e-04 2.86633003e-04 6.48901623e-05 9.56404256e-05
 3.93259179e-05 1.37862453e-05 7.72992735e-06 1.83359134e-05
 1.00516600e-05 1.46270531e-05 9.13937765e-05 2.71364970e-05
 1.92257303e-05 3.87627333e-05 2.12417654e-05 2.72301622e-05
 3.17201084e-05 4.24530845e-05 6.91912792e-05 2.21775452e-04
 7.35075228e-05 2.30056557e-05 1.60946420e-05 1.19578981e-05
 7.59088880e-06 8.65387392e-06 1.89658003e-05 2.72762863e-05
 1.94881250e-06 1.35278378e-05 5.34692708e-06 4.05451465e-06
 4.22961784e-06 5.34832725e-06 2.72100783e-06 3.97578196e-06
 7.69986400e-06 6.46113085e-06 2.74186118e-06 3.46863362e-06
 2.77506388e-06 1.35735024e-06 6.86727390e-07 9.40822986e-07
 5.54347935e-07 5.88711714e-07 7.53715312e-07 1.44224407e-06
 6.94538812e-07 8.85069767e-07 9.13911947e-07 1.57074680e-06
 4.57072929e-07 1.13800991e-06 9.70923452e-07 7.09715493e-07
 4.54604191e-07 2.06419330e-07 4.04225744e-07 6.02050363e-07
 5.88193188e-07 1.91770553e-07 3.20558257e-07 3.36514034e-07
 6.32631497e-07 3.51046992e-07 6.35766185e-07 5.53214079e-07
 1.16211186e-06 5.74515070e-07 3.33881189e-07 1.19626677e-07]
[2.67524683e-07 4.06974465e-07 5.64996924e-07 5.35700678e-07
 4.96045402e-07 3.08981356e-07 3.38449127e-07 4.34660507e-07
 3.96007209e-07 3.77596820e-07 3.94390668e-07 4.49854838e-07
 3.92194607e-07 3.18725682e-07 5.19872685e-07 4.25952408e-07
 4.61470790e-07 9.01456190e-07 6.58978649e-07 6.78899198e-07
 6.73841896e-07 5.88434602e-07 8.00326063e-07 7.22923062e-07
 1.07880680e-06 1.12240116e-06 9.81832272e-07 1.01235025e-06
 1.66778852e-06 7.68283826e-07 1.89970660e-06 2.19372964e-06
 1.10919336e-06 1.31749323e-06 1.77677430e-06 1.45271417e-06
 2.62201979e-06 2.36843402e-06 2.42703277e-06 3.67581833e-06
 4.20529022e-06 1.80312998e-06 3.25973156e-06 2.84079920e-06
 3.30472903e-06 3.63071581e-06 2.71837234e-06 6.37937455e-06
 3.67110465e-06 3.58413581e-06 4.42381270e-06 4.62882281e-06
 8.55612143e-06 7.02484385e-06 1.01638989e-05 1.74981269e-05
 6.90001752e-06 5.55212455e-06 7.98618657e-06 6.28247517e-06
 4.14317992e-06 5.99259874e-06 4.55224517e-06 3.52677012e-06
 7.47452441e-06 6.29479246e-06 4.37228891e-06 9.64896481e-06
 4.53909388e-06 5.58117745e-06 9.11333245e-06 7.62921854e-06
 3.35620257e-06 3.03892853e-06 1.63397654e-05 5.78905929e-06
 3.74469255e-06 2.83251461e-06 4.95873792e-06 1.21261774e-05
 1.54131922e-05 7.80045684e-06 1.25387851e-05 1.42804565e-05
 4.96406210e-06 7.06268111e-06 1.69110008e-05 1.59542105e-05
 2.38195589e-05 1.42228273e-05 1.32812847e-05 1.03968205e-05
 9.70522433e-06 9.46210639e-06 1.25709021e-05 1.22914398e-05
 8.82165205e-06 1.16236124e-05 1.54146182e-05 1.69749092e-05
 1.48830768e-05 1.09230032e-05 1.40392958e-05 1.36767594e-05
 1.01843434e-05 1.18015569e-05 1.67045528e-05 1.39481299e-05
 1.16476012e-05 9.76006049e-06 1.33599651e-05 1.61174758e-05
 1.26681143e-05 1.02546519e-05 1.71157099e-05 2.60445449e-05
 6.99691964e-06 2.34020790e-05 2.63062684e-05 2.32972016e-05
 1.59000338e-05 1.54094578e-05 1.31061461e-05 1.61388507e-05
 1.13881915e-05 1.40898164e-05 1.17204663e-05 1.08960512e-05
 7.61354568e-06 6.67900849e-06 3.05811336e-05 3.83186671e-05
 1.27197427e-05 1.46321472e-05 2.35093612e-05 1.59850224e-05
 2.55036211e-05 5.41045301e-05 1.46772305e-04 1.88411032e-05
 3.91600734e-05 1.60593754e-05 8.42469744e-05 8.67439885e-05
 6.81728052e-05 3.21819280e-05 5.15353400e-04 4.05119354e-05
 5.49175347e-05 2.68012227e-05 2.52681621e-05 4.45353362e-05
 6.62188904e-05 6.31615403e-05 7.99484042e-05 4.20581891e-05
 3.61817038e-05 2.17149191e-05 1.76163176e-05 2.39212695e-05
 8.73399495e-06 2.56030762e-05 5.08154444e-05 2.15459386e-05
 2.59209100e-05 1.22348292e-05 1.32421237e-05 2.17020042e-05
 4.47328493e-05 1.84745440e-05 7.23575504e-05 7.72870626e-05
 1.00246516e-05 1.61372864e-05 1.27470967e-05 7.41532176e-06
 5.08034873e-06 5.04094760e-06 5.75992226e-06 3.44369801e-06
 7.34458445e-06 6.30970362e-06 1.60003601e-05 1.19799506e-05
 1.42627368e-06 8.85196732e-06 2.20430024e-06 2.36202209e-06
 3.58940156e-06 2.04904404e-06 2.46371906e-06 4.71859175e-06
 7.42007842e-07 1.81595851e-06 1.55785949e-06 1.06606058e-06
 8.99773966e-07 4.84880218e-07 1.07186668e-06 9.43793111e-07
 1.04818946e-06 4.57709888e-07 9.47383171e-07 9.54974894e-07
 7.46165540e-07 5.95711015e-07 1.27055182e-06 6.99776535e-07
 3.42290463e-07 3.02477503e-07 7.25616871e-07 6.17336752e-07
 1.76271740e-07 1.67083570e-07 6.37067217e-07 6.06818446e-07
 8.16388308e-07 4.03996069e-07 7.22765208e-07 5.18178695e-07
 8.08366337e-07 6.74792545e-07 3.29322347e-07 2.30348135e-07]
[4.51553575e-07 4.18984769e-07 7.63331172e-07 5.51114113e-07
 3.54440402e-07 2.83582466e-07 3.75365630e-07 5.52931169e-07
 6.09783626e-07 6.01679631e-07 3.45378425e-07 4.58873501e-07
 5.27642044e-07 2.89714791e-07 5.71393116e-07 5.78194374e-07
 4.21316713e-07 5.13412260e-07 6.29424960e-07 3.71868936e-07
 4.90855314e-07 6.38170775e-07 7.52144558e-07 5.83246049e-07
 8.48941454e-07 9.67400297e-07 9.84957637e-07 2.36944015e-06
 2.26241355e-06 1.14784962e-06 1.50701192e-06 1.68400493e-06
 1.07733047e-06 1.07964945e-06 1.86253271e-06 1.46485218e-06
 1.95223515e-06 2.77223990e-06 2.36630535e-06 2.99444673e-06
 2.83397480e-06 2.95025689e-06 5.18186198e-06 7.26350254e-06
 3.41322743e-06 4.37156359e-06 3.59421028e-06 3.84107852e-06
 5.57646126e-06 4.46918193e-06 5.79050766e-06 9.62805370e-06
 3.81685277e-06 6.36402910e-06 4.62016715e-06 9.36228480e-06
 8.83886150e-06 1.08723643e-05 1.35716664e-05 5.29899398e-06
 1.06195330e-05 4.74643321e-06 6.65654261e-06 1.34640350e-05
 5.98137694e-06 1.01452633e-05 6.98354643e-06 8.37657262e-06
 4.62570779e-06 4.28475505e-06 3.51743870e-06 8.93592642e-06
 4.71697058e-06 5.59788850e-06 4.04483808e-06 5.62454670e-06
 3.27228895e-06 5.69252416e-06 5.50966206e-06 9.13754502e-06
 8.68400912e-06 1.08707018e-05 9.18037949e-06 1.18047201e-05
 1.12449889e-05 8.85603185e-06 9.08607308e-06 1.33988578e-05
 1.28797001e-05 1.15433295e-05 1.01850519e-05 1.18350899e-05
 6.75878482e-06 7.02478019e-06 1.14488112e-05 1.24080470e-05
 1.04483015e-05 1.15994781e-05 2.21904265e-05 9.98313863e-06
 1.00393763e-05 7.86128021e-06 8.21403501e-06 3.23100357e-05
 1.13375754e-05 7.60593321e-06 1.08961895e-05 1.16393348e-05
 8.30696536e-06 5.51648600e-06 1.71786796e-05 2.17556899e-05
 8.69746873e-06 1.61511125e-05 1.34860993e-05 1.74453326e-05
 1.59637548e-05 1.32283321e-05 1.68917759e-05 1.22251049e-05
 1.07699607e-05 1.55921462e-05 1.37992383e-05 1.30058033e-05
 2.01883649e-05 7.03446858e-06 1.61447551e-05 1.83513857e-05
 2.67286214e-05 1.74811867e-05 2.15690507e-05 9.50376398e-06
 1.35125765e-05 6.80410949e-06 1.80154257e-05 2.05729157e-05
 1.62486958e-05 7.89673049e-06 4.25490980e-05 7.84093936e-05
 2.79671458e-05 4.57392198e-05 7.37031733e-05 5.27585391e-04
 1.06851781e-04 7.56136433e-05 3.35437624e-04 4.74030203e-05
 5.33415114e-05 7.16099239e-05 4.83854419e-05 6.45006803e-05
 7.06414066e-05 2.62611225e-04 4.94937012e-05 7.64666038e-05
 2.75477560e-05 3.80334859e-05 1.14374234e-05 1.18165844e-05
 2.51484689e-05 2.35337302e-05 3.34670913e-05 1.68621991e-05
 2.65598865e-05 5.39161229e-05 1.29696564e-05 6.26682231e-05
 2.47544467e-05 2.18035620e-05 3.91331741e-05 1.35217459e-04
 1.86545421e-05 7.46791875e-06 8.92752814e-06 5.28131341e-06
 6.21594154e-06 1.34337797e-05 1.83687825e-05 6.28234784e-06
 9.03894488e-06 5.87155591e-06 5.70357042e-06 4.81990219e-06
 6.15320596e-06 5.00538727e-06 5.50878394e-06 2.02086244e-06
 1.99986721e-06 2.13075350e-06 1.86098805e-06 1.32611979e-06
 1.09927419e-06 2.05012202e-06 1.05827201e-06 7.14257510e-07
 6.13312125e-07 1.06096240e-06 1.05613333e-06 8.70691963e-07
 5.42670932e-07 1.01333865e-06 1.84683813e-06 1.69573866e-06
 7.96218956e-07 3.81918397e-07 2.92568131e-07 7.11196947e-07
 6.61996012e-07 4.24982659e-07 4.03009153e-07 5.30194029e-07
 5.39656583e-07 3.03702649e-07 3.95391226e-07 9.88181682e-07
 3.76327080e-07 2.84786182e-07 5.95500296e-07 3.60735726e-07
 4.45373075e-07 5.37681046e-07 2.95284707e-07 2.42910716e-07]
[8.34106004e-07 7.35783431e-07 9.27942892e-07 4.51082400e-07
 6.29460658e-07 5.18442164e-07 4.22165158e-07 7.39746781e-07
 4.56187621e-07 2.85938512e-07 9.28509564e-07 8.18925400e-07
 3.73156666e-07 5.12875602e-07 5.98108215e-07 6.56889540e-07
 4.66700698e-07 7.27697568e-07 5.06551771e-07 6.50595382e-07
 6.33252455e-07 6.48793446e-07 5.79480911e-07 9.22731999e-07
 1.18455546e-06 7.92805167e-07 1.09207861e-06 2.00881027e-06
 1.33911851e-06 1.71073088e-06 2.55147461e-06 1.67616724e-06
 1.24092026e-06 1.45131298e-06 2.28043541e-06 1.12780629e-06
 1.25479391e-06 2.19726735e-06 1.63100322e-06 9.11108691e-06
 2.99029216e-06 3.45804528e-06 7.29019530e-06 4.20577044e-06
 2.70949022e-06 2.12168902e-06 6.25273560e-06 3.34094534e-06
 6.19101775e-06 4.26553788e-06 5.61385013e-06 3.49685911e-06
 4.90430966e-06 5.92188371e-06 6.90279376e-06 9.35459866e-06
 9.08844504e-06 8.82382574e-06 7.72181102e-06 8.56067800e-06
 4.97235078e-06 8.87122587e-06 9.35901244e-06 1.05462123e-05
 6.09337621e-06 8.95330140e-06 1.19378519e-05 8.17932505e-06
 1.13294091e-05 6.24749373e-06 5.70162456e-06 6.73565273e-06
 6.60530850e-06 6.75457022e-06 5.81947234e-06 6.50946595e-06
 9.50734557e-06 4.38045663e-06 4.67180735e-06 7.82974075e-06
 8.10685742e-06 1.61760709e-05 1.03928660e-05 1.91750059e-05
 9.99546592e-06 8.40689427e-06 1.62091037e-05 1.62901142e-05
 1.54780719e-05 1.33331696e-05 1.58681960e-05 1.22581769e-05
 1.04221754e-05 5.50362029e-06 1.08203822e-05 1.40134071e-05
 1.59136689e-05 1.34675201e-05 1.89526163e-05 9.77906620e-06
 9.87914700e-06 3.80072856e-06 1.07999995e-05 7.55439260e-06
 1.10679493e-05 1.62037632e-05 1.39154226e-05 9.02633747e-06
 9.67921551e-06 1.18631315e-05 2.00756203e-05 2.71402150e-05
 1.28821775e-05 8.73450335e-06 1.76340272e-05 1.61592543e-05
 1.74632460e-05 1.10466453e-05 1.22566853e-05 1.49254674e-05
 1.64980538e-05 1.73956651e-05 3.33112657e-05 1.81102569e-05
 2.52391255e-05 2.10986418e-05 1.29978953e-05 1.59369647e-05
 1.68782699e-05 8.23647588e-06 1.41098053e-05 2.22377257e-05
 1.00515745e-05 9.52175196e-06 1.95488137e-05 8.19360357e-05
 7.37455484e-05 4.20585457e-05 5.65220726e-05 7.74365544e-05
 2.88156152e-05 7.60853218e-05 4.44737852e-05 8.27909680e-05
 5.19721652e-05 1.09829336e-04 1.50691063e-04 1.06590385e-04
 8.53239544e-05 2.61547593e-05 8.95918711e-05 1.10657456e-04
 5.64757320e-05 4.09661297e-05 2.53917551e-05 9.89067194e-05
 4.70062478e-05 2.18428049e-05 3.42463427e-05 1.18037642e-05
 1.34488873e-05 1.33961157e-05 2.03820473e-05 2.13190233e-05
 2.65405251e-05 2.18490022e-05 1.33033791e-05 4.23164747e-05
 4.63781907e-05 4.85052988e-05 1.27940773e-04 3.11339136e-05
 3.25496985e-05 7.35491312e-06 1.16463752e-05 1.35048858e-05
 6.76683567e-06 7.27872020e-06 5.04002446e-06 3.85657859e-06
 5.25338737e-06 1.00769803e-05 2.11785209e-06 3.59995465e-06
 6.47930165e-06 4.78650691e-06 5.45977173e-06 1.88671345e-06
 2.71083377e-06 1.26897817e-06 2.11929569e-06 2.12991586e-06
 2.98324630e-06 9.71458235e-07 1.32985258e-06 1.04805952e-06
 4.60415123e-07 8.87971055e-07 1.15634566e-06 1.09585505e-06
 7.62096136e-07 3.96221367e-07 2.73582214e-06 2.05908032e-06
 7.52664789e-07 5.00843328e-07 2.46628474e-07 1.51353299e-06
 8.41539759e-07 6.77000969e-07 1.22558902e-06 3.78130068e-07
 1.03326818e-06 1.12025771e-06 1.37492907e-06 9.15789087e-07
 6.21173456e-07 4.38481862e-07 5.19229843e-07 7.40113421e-07
 8.44947920e-07 4.40134585e-07 2.86483242e-07 1.69464201e-07]
[4.52886269e-07 7.52721746e-07 8.05068623e-07 1.16379067e-06
 5.14623650e-07 6.06551566e-07 4.45782007e-07 5.72790270e-07
 4.09090489e-07 4.22341003e-07 4.96359405e-07 5.56283055e-07
 4.64857436e-07 5.50896345e-07 5.32003867e-07 6.72577983e-07
 8.69482847e-07 6.54546568e-07 5.55448025e-07 1.13396686e-06
 4.49370191e-07 6.69310168e-07 6.60705155e-07 1.20006382e-06
 1.04609887e-06 1.11046984e-06 1.66417647e-06 1.50984931e-06
 2.24707946e-06 9.81968583e-07 1.64174025e-06 2.40147369e-06
 1.85360898e-06 2.46895593e-06 1.78435278e-06 3.21220955e-06
 3.08653739e-06 1.58297416e-06 3.36893845e-06 4.47847424e-06
 4.09299219e-06 5.97201733e-06 4.26642646e-06 3.12372981e-06
 2.67325345e-06 3.49678089e-06 3.61083153e-06 4.39557425e-06
 5.25723226e-06 5.39058419e-06 6.49298590e-06 4.99420776e-06
 3.52732764e-06 3.16668047e-06 6.41483666e-06 9.19626837e-06
 5.36508014e-06 6.45117279e-06 1.93748110e-05 6.45771388e-06
 6.14191231e-06 1.24942862e-05 1.04065957e-05 1.34935917e-05
 1.14370841e-05 1.68986735e-05 6.25842085e-06 1.07279311e-05
 7.78942922e-06 1.19937804e-05 9.69901976e-06 8.15473322e-06
 5.61689421e-06 8.83116900e-06 5.36474590e-06 7.27581937e-06
 6.81157007e-06 5.15102329e-06 5.08013318e-06 1.05560866e-05
 1.00526604e-05 7.19235368e-06 9.24723554e-06 1.21954117e-05
 8.12254802e-06 1.68232818e-05 1.39950389e-05 8.33571812e-06
 1.46531493e-05 1.49341258e-05 1.88693211e-05 2.11305141e-05
 1.52724151e-05 1.22805768e-05 1.46569473e-05 8.06034586e-06
 1.27690610e-05 1.59024348e-05 1.97169920e-05 1.83653538e-05
 1.49875386e-05 1.14438981e-05 9.31004615e-06 1.74742945e-05
 1.67318376e-05 1.86783018e-05 1.22389902e-05 1.62466440e-05
 1.00336729e-05 1.44610822e-05 1.49277230e-05 9.77238506e-06
 1.79115195e-05 1.42336912e-05 2.76732517e-05 2.00281829e-05
 1.85502995e-05 2.02052233e-05 2.62743724e-05 1.89932653e-05
 1.63140903e-05 2.79963006e-05 3.94696399e-05 1.48441150e-05
 2.34235576e-05 1.43294865e-05 1.22756383e-05 2.40325990e-05
 1.70799340e-05 1.32693303e-05 2.51075307e-05 1.26996410e-05
 1.71284901e-05 3.08422859e-05 4.03938102e-05 2.43538361e-05
 4.02354963e-05 2.82240271e-05 5.25800388e-05 4.13147172e-05
 2.72043453e-05 2.79913002e-05 5.74174446e-05 1.52585751e-04
 5.83536348e-05 2.99133913e-04 1.85273646e-04 1.33506735e-04
 7.14035923e-05 1.14126211e-04 1.83536598e-04 1.80986128e-04
 5.28093842e-05 6.94633418e-05 4.76460555e-05 4.65562480e-05
 1.01867859e-04 3.74252668e-05 2.60508241e-05 1.86529160e-05
 1.15367120e-05 1.82417134e-05 1.56629721e-05 2.08484344e-05
 2.43078448e-05 2.96918606e-05 2.34242489e-05 3.43466781e-05
 1.00138830e-04 2.70000655e-05 1.33007590e-04 2.82348792e-05
 2.61272417e-05 1.14313589e-05 3.52090647e-05 1.35908767e-05
 6.40574581e-06 1.13757633e-05 5.71805867e-06 1.06450925e-05
 3.99986675e-06 3.05648450e-06 1.17154959e-05 9.38258290e-06
 3.71915553e-06 4.12976033e-06 3.00808256e-06 2.26476436e-06
 2.48943797e-06 2.59946569e-06 2.17198817e-06 9.42168299e-07
 1.75917421e-06 3.22842084e-06 1.52816665e-06 6.96268501e-07
 8.47939191e-07 6.51408300e-07 1.01065086e-06 1.15617058e-06
 4.81828067e-07 7.32837009e-07 1.18305343e-06 1.43703130e-06
 5.00004035e-07 3.99807050e-07 4.64479882e-07 7.85922509e-07
 1.14060924e-06 1.01461683e-06 7.45469208e-07 3.51779960e-07
 4.98296572e-07 6.03937167e-07 6.06511151e-07 6.65278833e-07
 5.36635866e-07 6.90909189e-07 4.02947904e-07 7.76282093e-07
 8.95573692e-07 7.88463069e-07 3.84604505e-07 1.56555089e-07]
[3.23619673e-07 6.73622026e-07 4.96246003e-07 6.30305237e-07
 4.86078363e-07 4.36276736e-07 4.65493059e-07 3.87636391e-07
 4.16784928e-07 6.38087215e-07 7.09773929e-07 4.84508519e-07
 6.09559834e-07 3.53153979e-07 4.26242053e-07 5.23153858e-07
 4.98790939e-07 3.18139314e-07 4.80782774e-07 4.15858068e-07
 5.01544207e-07 8.09152596e-07 6.23598055e-07 6.49149513e-07
 7.24957943e-07 6.56485838e-07 6.84164661e-07 1.62943797e-06
 9.41753342e-07 1.00945238e-06 9.00311761e-07 2.10536314e-06
 1.69645807e-06 1.32357400e-06 1.90500907e-06 2.07644757e-06
 2.56982571e-06 4.03795048e-06 6.45987757e-06 2.93072662e-06
 3.91887943e-06 4.05041646e-06 3.23870995e-06 3.04583523e-06
 3.32556033e-06 3.03865204e-06 4.95604991e-06 6.25686016e-06
 6.47052593e-06 3.86405327e-06 6.00070371e-06 4.39792166e-06
 3.15062130e-06 4.07999596e-06 4.17555020e-06 7.08251582e-06
 7.78873255e-06 3.95676398e-06 5.88868033e-06 4.67424798e-06
 5.66556037e-06 6.30145450e-06 6.28988482e-06 1.77680868e-05
 1.17859527e-05 7.22906771e-06 9.15723376e-06 9.94411130e-06
 7.58878150e-06 7.91272760e-06 4.89517879e-06 9.17800935e-06
 6.51828532e-06 6.33201353e-06 6.50544598e-06 4.59457488e-06
 3.94660537e-06 4.23353049e-06 6.24449422e-06 5.42538328e-06
 5.99211080e-06 5.61639854e-06 7.01638737e-06 7.37602886e-06
 3.25088172e-06 4.93754897e-06 1.05570989e-05 1.56895330e-05
 1.06109537e-05 1.00596271e-05 7.95187589e-06 1.05915142e-05
 1.12457756e-05 8.58481872e-06 1.22016891e-05 1.38812293e-05
 1.25927718e-05 1.80714178e-05 2.25124968e-05 1.26696696e-05
 1.63654531e-05 1.01298401e-05 1.49309353e-05 1.03141656e-05
 1.37361430e-05 1.08974173e-05 1.07336682e-05 1.28648899e-05
 9.78254866e-06 1.15630182e-05 1.35342789e-05 2.06524346e-05
 2.45085848e-05 1.25498809e-05 1.98805028e-05 1.76657741e-05
 1.21052544e-05 1.74007291e-05 2.39330311e-05 1.95825560e-05
 2.48270244e-05 1.27401545e-05 1.13372635e-05 2.20786605e-05
 1.15599760e-05 5.89689807e-06 1.70303065e-05 7.92384526e-06
 1.15987432e-05 1.70543717e-05 1.73334211e-05 1.65964775e-05
 1.29073696e-05 2.14533211e-05 1.91251111e-05 1.64829471e-05
 1.97965710e-05 1.69086179e-05 5.13175728e-05 6.22617299e-05
 5.02590738e-05 9.46377113e-05 2.58084856e-05 3.41689592e-05
 7.03160404e-05 5.28609562e-05 1.43463505e-04 9.61435726e-05
 1.78993505e-04 5.50316872e-05 2.27668366e-04 3.50412534e-04
 7.12879846e-05 8.62234083e-05 1.66699916e-04 5.17340377e-05
 8.09147095e-05 9.46331638e-05 2.02818101e-05 1.50358564e-05
 1.63021850e-05 2.16445242e-05 1.60051368e-05 9.19188824e-06
 2.79082942e-05 3.30202165e-05 9.30674014e-06 4.90917046e-05
 2.68126805e-05 2.40085064e-05 2.35304342e-05 1.51377435e-05
 1.82045551e-05 7.58735041e-06 1.01277592e-05 2.54259357e-05
 1.07450714e-05 1.32462910e-05 1.11043018e-05 4.85509372e-06
 8.00391081e-06 3.55349107e-06 3.94287281e-06 4.32175648e-06
 4.38275492e-06 1.39202541e-06 1.43197667e-06 1.06344430e-06
 2.34787922e-06 2.22288531e-06 3.56620944e-06 6.08320477e-07
 1.06197729e-06 2.12176315e-06 9.18989656e-07 6.24696156e-07
 6.59809302e-07 1.77688128e-06 7.78389904e-07 4.94468338e-07
 6.72795807e-07 7.56178451e-07 7.89244496e-07 1.66876146e-06
 4.24899554e-07 6.24600716e-07 3.60369285e-07 4.09371978e-07
 8.37818391e-07 6.35119193e-07 3.54394274e-07 7.73125066e-07
 2.92922095e-07 1.78977203e-07 9.33020146e-07 9.02365684e-07
 3.87895057e-07 1.75675225e-07 5.63688388e-07 6.24536597e-07
 8.78712001e-07 6.89382261e-07 2.87864083e-07 3.04334719e-07]
[4.63885016e-07 6.46539547e-07 7.40654059e-07 4.62627241e-07
 3.76542289e-07 4.20789178e-07 3.79699287e-07 5.45948808e-07
 6.10553286e-07 3.06059007e-07 5.13432326e-07 5.32317642e-07
 3.28379315e-07 2.67892688e-07 2.79103205e-07 3.27007484e-07
 4.38747634e-07 4.73974978e-07 3.79193324e-07 4.98515362e-07
 2.17108422e-07 3.68662455e-07 6.08137498e-07 5.11035523e-07
 4.44641501e-07 8.87631529e-07 7.71171642e-07 9.88265469e-07
 9.81642529e-07 1.26323800e-06 9.24192591e-07 1.46768525e-06
 2.12913051e-06 1.64997448e-06 1.86009186e-06 1.58833700e-06
 2.55214400e-06 1.66891778e-06 5.70516158e-06 5.41895679e-06
 4.59886360e-06 4.93610787e-06 4.28668091e-06 3.28668261e-06
 1.98216344e-06 7.01101499e-06 3.39729536e-06 3.55036286e-06
 3.05986669e-06 6.77778553e-06 4.63030528e-06 5.18644765e-06
 3.54472104e-06 3.47861237e-06 5.34641958e-06 4.17976526e-06
 6.49723370e-06 6.30381464e-06 4.11444717e-06 5.01516479e-06
 3.48410981e-06 5.09889060e-06 7.11132952e-06 6.48076139e-06
 4.42735427e-06 6.89708759e-06 1.43549478e-05 8.57800933e-06
 1.21424919e-05 7.86586952e-06 7.34615196e-06 1.03602142e-05
 8.14741998e-06 5.51383573e-06 5.19775494e-06 7.08450307e-06
 1.03714819e-05 4.59196690e-06 6.62346793e-06 6.63420133e-06
 3.74201227e-06 5.37645792e-06 5.96033851e-06 7.30021520e-06
 9.09050232e-06 5.74434353e-06 7.05850516e-06 4.96481834e-06
 9.71372901e-06 1.29357477e-05 8.57207488e-06 6.51617711e-06
 7.26218059e-06 8.11971768e-06 1.01273190e-05 1.21847215e-05
 1.29817081e-05 8.89675448e-06 1.07102305e-05 1.60451727e-05
 7.19997115e-06 4.34746607e-06 6.41325096e-06 1.70494914e-05
 9.18536716e-06 1.64897883e-05 1.76265439e-05 8.31397392e-06
 1.73351382e-05 1.68166371e-05 9.83719292e-06 1.78491700e-05
 1.68593979e-05 1.95000321e-05 3.50143200e-05 1.70111161e-05
 2.22822255e-05 2.37765398e-05 1.52347166e-05 2.30131263e-05
 2.28314948e-05 1.28152269e-05 1.62530287e-05 1.34749962e-05
 9.46280579e-06 1.48575537e-05 1.22954998e-05 1.57072845e-05
 2.68837775e-05 1.53285073e-05 1.93541619e-05 1.43968036e-05
 1.56243386e-05 2.98325631e-05 1.02996937e-05 1.87194000e-05
 2.39847595e-05 3.27550224e-05 1.55429789e-05 1.62747237e-05
 2.80451641e-05 1.80669776e-05 1.99375354e-05 4.34780195e-05
 7.51188054e-05 2.49297027e-05 4.82374453e-05 5.69728873e-05
 1.60160838e-04 2.56491505e-04 2.34801511e-04 3.33075623e-05
 6.33157251e-05 5.58822241e-04 1.90999897e-04 1.05423496e-04
 1.12696631e-04 2.81594112e-05 4.73544351e-05 9.67002416e-05
 1.86342877e-05 1.12997395e-05 1.06260713e-05 3.50230002e-05
 1.74776160e-05 1.31936786e-05 1.18055204e-05 2.93380090e-05
 2.95614354e-05 4.07153675e-05 7.00918690e-06 2.27239125e-05
 4.92469826e-06 5.73329089e-06 4.73242972e-06 1.91898998e-05
 1.70448347e-05 2.06716268e-05 2.81973262e-05 8.54754853e-06
 3.01245086e-06 2.83215354e-06 2.12099189e-06 4.52679933e-06
 4.27475652e-06 2.43446766e-06 2.20151492e-06 4.22548055e-06
 2.58032810e-06 5.89502270e-06 3.58100783e-06 2.49111349e-06
 6.94777100e-07 3.00122724e-06 1.44089893e-06 1.63911955e-06
 7.56558848e-07 7.44911347e-07 9.43531688e-07 7.27534371e-07
 1.43549516e-06 6.55391034e-07 7.99775250e-07 7.60966998e-07
 3.42597303e-07 5.68076644e-07 5.20412925e-07 9.97514576e-07
 6.51669268e-07 6.03296485e-07 9.78384378e-07 3.67957682e-07
 2.87288088e-07 9.82282927e-07 5.69373640e-07 6.85910265e-07
 6.30242596e-07 1.96578753e-07 3.58011249e-07 3.96071982e-07
 2.06262541e-07 2.96086341e-07 2.43223923e-07 1.46063215e-07]
[4.63697603e-07 2.81609323e-06 1.50364565e-06 9.05304262e-07
 6.22763650e-07 3.63532536e-07 4.91891285e-07 3.44629740e-07
 4.83693952e-07 3.02087784e-07 4.07270392e-07 3.64375154e-07
 5.91437015e-07 6.03437456e-07 8.04781905e-07 6.35154493e-07
 5.99881616e-07 4.41849551e-07 5.50558866e-07 3.97488208e-07
 5.45402600e-07 2.84701343e-07 4.37407692e-07 7.37837297e-07
 8.76897332e-07 8.99557563e-07 1.06799268e-06 1.20580319e-06
 1.05067716e-06 8.13647773e-07 2.16988087e-06 3.19803644e-06
 1.34592517e-06 1.96675887e-06 3.02135959e-06 3.93954178e-06
 1.75663445e-06 4.98251757e-06 6.17189653e-06 8.32607020e-06
 4.49285244e-06 5.71831561e-06 6.82379277e-06 6.17359865e-06
 2.87588841e-06 2.86473482e-06 2.55449163e-06 3.25586007e-06
 5.51725270e-06 8.65926540e-06 7.61971160e-06 9.12801352e-06
 3.63032200e-06 3.87976752e-06 1.20870000e-05 1.40150050e-05
 4.81836241e-06 3.43333159e-06 5.94522635e-06 3.46264460e-06
 6.02413775e-06 4.42691544e-06 6.96282268e-06 6.14722876e-06
 9.68656877e-06 1.05354966e-05 1.09239018e-05 1.71069751e-05
 6.50018183e-06 1.11392546e-05 1.55873913e-05 8.65260063e-06
 1.33635449e-05 1.62874421e-05 8.21912818e-06 1.50706919e-05
 6.17777778e-06 4.52739641e-06 8.27531312e-06 5.15047986e-06
 5.74170735e-06 4.40416306e-06 9.62480499e-06 9.65021627e-06
 9.69705707e-06 5.39677785e-06 6.13984048e-06 5.92229480e-06
 9.92772311e-06 1.16648307e-05 9.12905216e-06 1.39552212e-05
 1.69220966e-05 1.57669801e-05 1.35723121e-05 1.89945167e-05
 1.15777584e-05 1.37923353e-05 1.19376427e-05 1.64020439e-05
 1.24876278e-05 9.87448675e-06 3.03068755e-05 2.38191260e-05
 1.46970242e-05 9.82024176e-06 1.09569928e-05 1.81046580e-05
 2.72417456e-05 1.52994035e-05 2.17009601e-05 2.10313465e-05
 2.10350772e-05 3.42943495e-05 3.97848016e-05 2.67783853e-05
 3.18257808e-05 1.73310564e-05 1.00227226e-05 3.53094038e-05
 1.52225684e-05 8.94851564e-06 1.87728838e-05 2.71284316e-05
 1.67453854e-05 1.29877435e-05 1.70852582e-05 1.55929774e-05
 1.81373052e-05 1.23981126e-05 2.16163517e-05 1.58943403e-05
 1.64903031e-05 1.74772485e-05 3.16414844e-05 1.07297594e-04
 3.47274108e-05 2.01985949e-05 5.86960705e-05 4.69737097e-05
 1.34659522e-05 1.79431991e-05 3.41479899e-05 1.10299559e-04
 1.66550002e-04 8.93542019e-05 9.33338961e-05 9.26028588e-05
 1.09118126e-04 1.09884983e-04 2.56842963e-04 6.85986452e-05
 2.02378840e-04 7.78411413e-05 1.53074929e-04 4.05342580e-05
 1.06616171e-04 5.33883831e-05 2.52275695e-05 6.05962705e-05
 1.34653412e-04 4.43827448e-05 2.11087081e-05 4.12590307e-05
 8.48489708e-06 1.13376836e-05 2.30300666e-05 8.49767366e-06
 4.63818833e-05 1.88634967e-05 2.59402004e-05 9.80610821e-06
 2.13873918e-05 3.64985463e-05 7.97587199e-05 3.47834321e-05
 1.88511203e-05 2.08148431e-05 2.87874573e-05 2.33840183e-05
 1.63233435e-05 5.58456441e-06 3.56267151e-06 1.08759932e-05
 5.26736221e-06 2.65414565e-06 2.12193731e-06 6.99701513e-06
 3.39899179e-06 7.75143064e-07 5.44965724e-06 1.13280669e-06
 1.15629655e-06 1.75701109e-06 5.75266859e-06 1.14569389e-06
 2.79077472e-06 4.63412789e-07 1.28106979e-06 9.36324795e-07
 8.48053617e-07 3.97840495e-07 5.35356264e-07 8.82144150e-07
 6.67682116e-07 5.53978737e-07 1.09379141e-06 3.61886009e-07
 4.94785638e-07 2.61792763e-07 2.83023866e-07 2.94069849e-07
 7.04238630e-07 6.48462958e-07 1.11534109e-06 3.84586883e-07
 8.37544178e-07 4.93028551e-07 8.88168813e-07 9.59970976e-07
 6.23398421e-07 2.04406817e-07 3.18171601e-07 4.69542357e-07]
[3.6053916e-07 3.0092651e-06 1.2473005e-06 1.6471467e-06 7.0755885e-07
 3.8620092e-07 3.9134943e-07 7.0262195e-07 4.7866837e-07 3.3242631e-07
 3.2962294e-07 5.8071549e-07 5.5655352e-07 4.4716367e-07 3.1588121e-07
 5.0105007e-07 5.2857825e-07 7.3437786e-07 4.2752882e-07 5.0956947e-07
 4.4819919e-07 2.0824801e-07 5.5744329e-07 1.0372733e-06 6.5191693e-07
 1.1104727e-06 6.6026536e-07 1.3673786e-06 1.6418265e-06 1.1335102e-06
 1.1200156e-06 2.3329064e-06 1.7081480e-06 2.5602719e-06 2.4789908e-06
 3.2664677e-06 2.8602772e-06 3.6199908e-06 4.8850975e-06 6.2889935e-06
 3.4942841e-06 6.4399833e-06 9.1178008e-06 5.9294562e-06 4.4914814e-06
 3.3591321e-06 4.4815461e-06 6.0661605e-06 4.4558919e-06 6.1040032e-06
 6.0510720e-06 7.4217460e-06 3.8198514e-06 5.7708799e-06 1.3379398e-05
 1.3073750e-05 4.9274054e-06 6.9559483e-06 5.6933736e-06 4.4126023e-06
 6.4308847e-06 6.8914464e-06 3.9259453e-06 7.9339488e-06 7.3250849e-06
 4.9382306e-06 5.6568119e-06 1.1318425e-05 5.9855415e-06 1.6739445e-05
 1.8478964e-05 2.6097432e-05 1.1718962e-05 7.9656502e-06 5.1425463e-06
 8.3271352e-06 6.6746920e-06 7.5424741e-06 8.8845009e-06 9.7703441e-06
 1.0667819e-05 5.9829686e-06 1.0514446e-05 1.4103686e-05 1.6145719e-05
 7.7553677e-06 6.0518046e-06 2.3845887e-05 1.3713009e-05 1.1487363e-05
 7.8802532e-06 3.1227170e-05 7.6991601e-06 7.5560711e-06 1.2345742e-05
 2.1189031e-05 1.3220517e-05 1.9122697e-05 8.3430978e-06 1.4985820e-05
 1.4590299e-05 1.7031491e-05 1.5602334e-05 3.0279885e-05 7.3097822e-06
 1.0653854e-05 2.6910237e-05 1.5311527e-05 1.0110800e-05 1.6305654e-05
 2.4653558e-05 1.4936616e-05 2.7404938e-05 2.8231596e-05 3.7869733e-05
 4.7998761e-05 2.2926355e-05 3.0870899e-05 1.2806195e-05 1.7387882e-05
 1.2207405e-05 1.9839457e-05 1.7521326e-05 1.6196902e-05 1.4486376e-05
 9.5244495e-06 2.6107280e-05 1.9146477e-05 1.9144962e-05 1.7041419e-05
 2.0038131e-05 2.9076187e-05 1.7471490e-05 1.0658827e-05 2.4875711e-05
 1.2651159e-05 2.8946408e-05 1.2925008e-05 3.5407600e-05 2.5233370e-05
 3.9430532e-05 1.7861783e-05 1.2197994e-04 6.1157341e-05 9.4693496e-05
 2.6498415e-04 1.2583782e-04 1.8443826e-04 9.1373724e-05 1.1819878e-04
 1.4632945e-04 5.1627994e-05 7.7828598e-05 3.1997333e-04 1.8591626e-04
 3.6313329e-04 1.0806482e-04 7.4306801e-05 1.3890830e-05 3.1904819e-05
 9.4953721e-05 5.4483327e-05 2.3587314e-05 2.5816398e-05 1.2587482e-05
 8.2169563e-06 1.1300045e-05 1.3142430e-05 1.6397245e-05 1.9386038e-05
 7.4043353e-05 2.9606044e-05 7.8706807e-06 4.6238667e-05 1.4053745e-05
 3.6901314e-05 2.5135994e-05 4.5122160e-06 1.9631350e-05 8.8108927e-06
 4.7029052e-06 5.3536605e-06 3.5880721e-06 3.3492199e-06 5.9349168e-06
 4.2415036e-06 1.6915943e-06 3.3206552e-06 2.3856471e-06 3.9400488e-06
 3.8884568e-06 3.7700418e-06 1.8618812e-06 2.2311126e-06 2.4463088e-06
 8.3195317e-07 1.2432212e-06 1.4000731e-06 7.5181379e-07 2.5566108e-06
 7.4122710e-07 1.1832334e-06 6.1394491e-07 1.5672317e-06 5.5110405e-07
 6.8270219e-07 6.8573746e-07 8.5169614e-07 4.1604775e-07 3.4144696e-07
 6.6431835e-07 2.4164316e-07 6.2187502e-07 3.4466075e-07 9.4556680e-07
 2.9830184e-07 5.6051465e-07 9.7176928e-07 4.6170018e-07 7.2453594e-07
 5.2495517e-07 4.6206287e-07 5.1113182e-07 4.8328388e-07]
[7.51307425e-07 1.04928688e-06 1.46225022e-06 9.43384123e-07
 6.57479688e-07 4.57131847e-07 5.86732597e-07 8.47669526e-07
 4.15508708e-07 3.31197299e-07 6.39973905e-07 5.21582308e-07
 6.17953503e-07 4.44743137e-07 5.36449249e-07 4.79608047e-07
 3.43669740e-07 6.50044740e-07 6.61128354e-07 3.76645488e-07
 2.85327076e-07 4.21728942e-07 6.60881540e-07 8.37333630e-07
 1.05273341e-06 6.77548087e-07 9.14732937e-07 7.64212416e-07
 1.03576929e-06 1.09041935e-06 1.13491433e-06 1.90817900e-06
 1.77392906e-06 2.52184464e-06 3.64457151e-06 3.37247616e-06
 2.80154268e-06 4.48973924e-06 3.55674024e-06 7.58250280e-06
 4.55282543e-06 2.91432002e-06 3.23078075e-06 3.09247866e-06
 2.57336001e-06 5.72814452e-06 4.46048534e-06 6.73012255e-06
 5.49743390e-06 3.18258230e-06 6.38401752e-06 8.10933034e-06
 8.89147577e-06 7.69362850e-06 1.22223983e-05 1.04678693e-05
 6.31421653e-06 1.53355959e-05 7.48274442e-06 6.28666248e-06
 5.05849675e-06 3.23267955e-06 4.27866462e-06 4.58642535e-06
 6.20909623e-06 4.60885121e-06 3.38033897e-06 6.89662056e-06
 7.00800410e-06 9.32196144e-06 6.10601046e-06 1.09375933e-05
 1.01332744e-05 1.49699163e-05 3.85435760e-06 8.14765826e-06
 9.01853764e-06 6.35774086e-06 9.79468405e-06 1.26567902e-05
 1.60413711e-05 6.65140033e-06 6.89640228e-06 1.17355885e-05
 1.35513283e-05 6.44870988e-06 8.48572290e-06 1.05612389e-05
 1.73292356e-05 1.89917428e-05 1.68275383e-05 8.45249542e-06
 1.20364375e-05 7.74873934e-06 9.13389340e-06 1.22649044e-05
 1.13130882e-05 1.14186596e-05 1.05826584e-05 1.59350002e-05
 1.30396120e-05 2.20653528e-05 1.50561837e-05 1.12967018e-05
 1.70762341e-05 7.90518789e-06 1.23568434e-05 2.46078998e-05
 1.20166369e-05 1.60681175e-05 3.12090851e-05 2.26408392e-05
 2.99511757e-05 2.65536873e-05 3.21809566e-05 1.48663285e-05
 1.95690536e-05 2.36029246e-05 1.30802391e-05 1.50110054e-05
 1.69382783e-05 1.31360393e-05 1.77469992e-05 1.50715096e-05
 9.62185277e-06 9.13726035e-06 1.77709935e-05 1.35994860e-05
 1.48614527e-05 1.03181228e-05 2.04041189e-05 1.51965532e-05
 1.51775612e-05 1.88437607e-05 1.60768905e-05 2.43618560e-05
 1.97655136e-05 3.44128603e-05 4.03444465e-05 1.81771884e-05
 4.29245520e-05 4.97540314e-05 1.04453706e-04 1.18234624e-04
 6.68525827e-05 7.54868888e-05 6.47436173e-05 2.48987024e-04
 1.16913579e-04 4.60095871e-05 8.09510675e-05 1.37142270e-04
 2.33484330e-04 3.03165609e-04 1.09692461e-04 1.30381086e-04
 1.63609919e-04 3.59337973e-05 9.94504262e-06 3.16761616e-05
 2.67262803e-05 4.43464050e-05 2.13084040e-05 1.78716382e-05
 1.06028483e-05 6.16683474e-06 1.00649549e-05 2.86392806e-05
 2.67151754e-05 2.59209100e-05 4.04543862e-05 5.69395779e-05
 1.11471591e-05 1.32795576e-05 6.69269548e-06 1.14512577e-05
 3.86225329e-05 1.57839604e-05 1.46936845e-05 9.37724053e-06
 1.28022075e-05 5.93498999e-06 4.97120618e-06 3.26450663e-06
 4.01394982e-06 3.88694434e-06 1.24778569e-06 7.02902616e-06
 1.97985332e-06 3.13673331e-06 3.60761646e-06 1.72376349e-06
 1.57769489e-06 2.23494112e-06 1.18128344e-06 9.24878577e-07
 1.39566691e-06 2.34177128e-06 2.45797287e-06 7.51939069e-07
 1.38045107e-06 2.80452605e-06 7.75384194e-07 1.18093783e-06
 4.25181696e-07 4.16177500e-07 7.05421996e-07 5.17066212e-07
 9.55623705e-07 5.52380754e-07 5.16191562e-07 4.23948222e-07
 6.41520046e-07 2.85736832e-07 2.91966757e-07 6.07727259e-07
 3.98464607e-07 6.54059420e-07 1.85635415e-07 5.96300652e-07
 5.22414211e-07 4.52013751e-07 2.45446699e-07 3.88957915e-07]
[4.60023017e-07 7.92008052e-07 2.00574436e-06 1.90108915e-06
 1.07079325e-06 3.11279791e-07 5.99178350e-07 6.86815667e-07
 3.77843207e-07 3.22824093e-07 4.33575707e-07 7.35610399e-07
 4.21836830e-07 5.74673606e-07 5.51194603e-07 5.42033604e-07
 5.50468201e-07 4.28731397e-07 4.47463890e-07 3.62407008e-07
 4.07062061e-07 8.63357570e-07 6.73229067e-07 6.06715957e-07
 9.30807630e-07 5.62109335e-07 1.28152703e-06 8.80318851e-07
 7.79192021e-07 2.03837794e-06 1.25385179e-06 2.34883760e-06
 2.67900418e-06 2.72110060e-06 3.75475247e-06 5.11542612e-06
 3.90875357e-06 2.91967513e-06 4.54386372e-06 4.15118075e-06
 5.07917321e-06 4.83998792e-06 3.59374008e-06 4.98763211e-06
 1.65986296e-06 1.85069132e-06 3.32188756e-06 4.64844743e-06
 4.77772528e-06 4.34385083e-06 8.70498570e-06 8.47907631e-06
 3.20889490e-06 5.20978574e-06 4.34705498e-06 1.50208734e-05
 1.04535693e-05 7.00887676e-06 8.08927234e-06 5.20202548e-06
 4.05626133e-06 2.49404707e-06 6.99384373e-06 9.38095218e-06
 5.31146907e-06 6.69863175e-06 5.78063737e-06 8.11466089e-06
 7.41093027e-06 6.43305111e-06 5.66439257e-06 9.82333859e-06
 7.82814641e-06 9.77607215e-06 1.31602219e-05 7.50206300e-06
 6.03614035e-06 7.06281935e-06 9.61533442e-06 1.28482397e-05
 1.36048520e-05 8.17190357e-06 5.10809014e-06 7.46010983e-06
 1.12646185e-05 5.17557783e-06 1.70389485e-05 1.53210149e-05
 1.08579579e-05 7.15905708e-06 7.76012439e-06 2.00118575e-05
 1.02509357e-05 9.77005766e-06 8.63727018e-06 1.85599292e-05
 1.33933981e-05 1.55652833e-05 1.56109527e-05 1.39798540e-05
 2.48606448e-05 1.37883972e-05 1.27807771e-05 2.04776225e-05
 1.32335927e-05 1.32094801e-05 1.41287865e-05 1.65022811e-05
 1.33786416e-05 1.00556936e-05 3.52638926e-05 3.71050010e-05
 2.17092947e-05 1.56405367e-05 2.27101136e-05 2.19049471e-05
 1.22691172e-05 1.36448261e-05 1.12395719e-05 1.77166130e-05
 1.98815469e-05 9.35048229e-06 1.39315953e-05 1.52302500e-05
 9.71985901e-06 2.38236698e-05 2.08255569e-05 3.00390820e-05
 1.77000966e-05 1.02483618e-05 2.14522679e-05 2.29976122e-05
 1.54775862e-05 1.74509278e-05 2.24684281e-05 2.17511533e-05
 3.04183777e-05 1.99788119e-05 2.76423289e-05 3.63426443e-05
 1.53338679e-05 6.07723086e-05 1.19589262e-04 4.64674231e-05
 4.22202975e-05 4.87415055e-05 4.52552158e-05 6.88046784e-05
 1.07607550e-04 3.86033025e-05 7.97846951e-05 3.07275986e-05
 1.05062813e-04 1.55092872e-04 3.65970154e-05 2.49207980e-04
 1.24833590e-04 6.75192787e-05 2.50633657e-05 2.90561784e-05
 2.63561178e-05 1.56203550e-05 2.25630865e-05 1.63573513e-05
 1.22612373e-05 8.09126504e-06 1.10894325e-05 1.45947743e-05
 2.30389433e-05 1.12359457e-05 5.34269202e-06 3.41060804e-05
 2.78371317e-05 5.24965326e-05 3.42791100e-05 2.60676989e-05
 3.60213562e-05 4.66717174e-05 1.17998616e-05 1.96293458e-05
 4.64482173e-06 6.53126335e-06 6.59407851e-06 8.75022670e-06
 5.96492055e-06 4.15600198e-06 2.96593430e-06 2.48977199e-06
 2.89009108e-06 1.56579790e-06 2.71892645e-06 1.65367328e-06
 2.85789497e-06 1.64803487e-06 1.15535192e-06 1.57703209e-06
 9.20890443e-07 1.17621096e-06 1.79603160e-06 1.81169253e-06
 1.24050723e-06 5.18208083e-07 1.93454048e-06 1.51948063e-06
 2.64317777e-07 5.71571775e-07 4.58560947e-07 1.14157353e-06
 9.73357260e-07 5.03887804e-07 8.33157799e-07 6.94283074e-07
 4.39988270e-07 5.36700838e-07 4.13109660e-07 5.77981609e-07
 3.77829878e-07 3.31644713e-07 4.62212512e-07 2.16236526e-06
 1.95641337e-06 4.56724138e-07 2.53826585e-07 2.57785700e-07]
[5.23083486e-07 9.01863586e-07 1.33471588e-06 1.73874321e-06
 1.25583051e-06 6.32081708e-07 5.72339275e-07 5.25157930e-07
 4.18827540e-07 5.63749097e-07 4.86156807e-07 5.50768448e-07
 4.92632239e-07 4.62065913e-07 6.60497392e-07 5.10713278e-07
 8.27125177e-07 4.70221181e-07 9.39106542e-07 4.61330131e-07
 2.69970855e-07 5.55497650e-07 8.10203517e-07 1.08256199e-06
 1.43725140e-06 6.83405744e-07 1.09584471e-06 7.37040864e-07
 1.13146268e-06 1.72200680e-06 1.57923023e-06 2.08459733e-06
 2.53129633e-06 2.96500730e-06 3.42708540e-06 4.21928644e-06
 2.80364770e-06 1.59878198e-06 5.67567986e-06 4.68072403e-06
 3.73900070e-06 2.51580263e-06 4.09574022e-06 2.35789685e-06
 2.88185015e-06 7.61034562e-06 2.95593668e-06 3.87748287e-06
 1.19104625e-05 8.52300400e-06 1.93453543e-05 1.48511708e-05
 7.59693148e-06 9.20168350e-06 1.24538456e-05 7.47887816e-06
 2.63865309e-06 7.63625849e-06 9.38062385e-06 3.72746490e-06
 4.75744810e-06 3.26461873e-06 4.23652409e-06 3.96818632e-06
 4.40420672e-06 4.20142533e-06 4.43692988e-06 6.34038906e-06
 7.30011152e-06 6.06222056e-06 8.06321350e-06 1.05154713e-05
 6.47644401e-06 4.06666868e-06 1.24007211e-05 7.61062802e-06
 3.33397747e-06 8.34488401e-06 1.05547670e-05 1.21847070e-05
 1.16092378e-05 7.98400652e-06 8.39740369e-06 6.60349951e-06
 5.40118708e-06 7.18701858e-06 1.36524868e-05 8.60892123e-06
 1.61485350e-05 1.40192433e-05 5.32101103e-06 1.75462537e-05
 1.35630153e-05 9.78742810e-06 2.18906043e-05 1.92482094e-05
 1.26298328e-05 1.82641161e-05 2.16117314e-05 1.71389747e-05
 1.76382800e-05 1.48858262e-05 1.87353980e-05 1.83266111e-05
 1.40816019e-05 1.87735659e-05 2.02386746e-05 2.16501649e-05
 1.15822068e-05 2.33299888e-05 2.13719377e-05 3.38685168e-05
 1.71874344e-05 1.48680165e-05 2.19101548e-05 1.88354188e-05
 1.85784411e-05 1.58920848e-05 2.58442178e-05 3.42042149e-05
 1.57771137e-05 2.20146103e-05 1.09363318e-05 9.47567514e-06
 1.64900030e-05 7.54039866e-06 2.22975068e-05 2.22865492e-05
 3.22044616e-05 2.12337836e-05 3.00527154e-05 3.16006044e-05
 3.03229590e-05 2.79395699e-05 3.68577457e-05 4.78240981e-05
 3.24681969e-05 2.26122338e-05 6.13961238e-05 3.62438477e-05
 3.28990391e-05 1.28382846e-04 8.66684350e-05 4.39668802e-05
 2.60666566e-05 4.67159552e-05 1.74822868e-04 2.75394850e-05
 3.83303959e-05 1.05300285e-04 1.90870996e-04 1.79001669e-04
 7.88188190e-05 7.45296202e-05 4.74766166e-05 6.64890322e-05
 1.04171930e-04 7.22154145e-05 8.12404905e-05 5.36120533e-05
 4.11173714e-05 2.76738356e-05 2.01756739e-05 2.53249145e-05
 1.90565806e-05 1.71710290e-05 1.36979188e-05 2.28607096e-05
 2.27769633e-05 2.15388081e-05 5.93312279e-06 1.70791682e-05
 2.85282822e-05 6.51826631e-05 3.70210801e-05 5.60221197e-05
 2.04840271e-05 2.34873005e-05 1.01039832e-05 3.91261965e-05
 4.99329690e-06 1.10463734e-05 4.70982059e-06 6.56802285e-06
 2.69188968e-06 5.29973886e-06 4.44944681e-06 5.42917542e-06
 5.72931503e-06 2.55242890e-06 6.88877071e-06 3.45009244e-06
 9.75364219e-06 1.03807622e-06 3.89533352e-06 3.27011116e-06
 3.30402622e-06 9.48511286e-07 2.48913148e-06 8.72554835e-07
 1.45993670e-06 4.59765630e-07 6.66100959e-07 6.99128066e-07
 3.70020956e-07 3.61619442e-07 6.74693240e-07 1.07162100e-06
 5.38417225e-07 7.17451712e-07 4.61653627e-07 6.64711422e-07
 1.13422789e-06 5.53821167e-07 9.53623896e-07 1.19181720e-06
 8.83638222e-07 8.72668863e-07 6.42227860e-07 5.97534893e-07
 1.00870841e-06 3.89003532e-07 1.51648635e-07 1.04147894e-07]
[4.29931873e-07 1.70256510e-06 1.46488890e-06 9.17902810e-07
 5.01510613e-07 7.00802502e-07 4.51289822e-07 3.83052026e-07
 5.39252767e-07 4.94433550e-07 4.36455281e-07 2.45729638e-07
 3.53679837e-07 3.47301807e-07 6.85897703e-07 4.43220301e-07
 5.60859405e-07 6.88470664e-07 6.08160519e-07 5.53174289e-07
 4.97155440e-07 6.81730853e-07 5.79680147e-07 7.63846231e-07
 1.05161450e-06 7.61654690e-07 8.65968389e-07 7.66679761e-07
 1.18426158e-06 1.72042212e-06 1.74197521e-06 2.94488359e-06
 3.46648335e-06 3.06341485e-06 7.75563149e-06 4.70486475e-06
 3.69856821e-06 4.32453317e-06 3.75406057e-06 7.20138132e-06
 6.08593427e-06 3.45058038e-06 5.53466816e-06 4.06708432e-06
 3.73804846e-06 5.79100788e-06 5.79505286e-06 8.21055346e-06
 8.59818374e-06 6.31368903e-06 7.10431050e-06 6.86060775e-06
 8.46109197e-06 6.54450150e-06 6.87693273e-06 1.11448180e-05
 6.66456435e-06 7.55555857e-06 4.37181325e-06 4.40903341e-06
 4.27774512e-06 4.67770587e-06 3.73087664e-06 2.87367675e-06
 3.49798938e-06 5.46284127e-06 4.45886008e-06 7.99385907e-06
 5.02168450e-06 7.44350427e-06 5.33201319e-06 1.53775927e-05
 9.02743886e-06 7.51437256e-06 5.70644079e-06 6.07702486e-06
 1.36257613e-05 8.22531365e-06 1.28068414e-05 1.82791700e-05
 9.63294315e-06 9.75534203e-06 9.63655384e-06 8.42346799e-06
 6.18314471e-06 7.64704237e-06 1.20203067e-05 1.20995892e-05
 7.96301811e-06 1.06931402e-05 8.06604203e-06 1.89926723e-05
 9.37366622e-06 5.63761205e-06 2.49200657e-05 1.93617034e-05
 2.16798126e-05 2.35084462e-05 3.34683755e-05 3.39830694e-05
 1.00039315e-05 8.94795903e-06 2.11811512e-05 1.68033221e-05
 1.62742526e-05 1.10896062e-05 1.50621754e-05 2.15360760e-05
 1.74007419e-05 2.20528364e-05 2.91307279e-05 4.16448856e-05
 6.25399625e-05 2.45763367e-05 1.88751474e-05 4.08658561e-05
 5.79575899e-05 3.66572385e-05 2.35218686e-05 3.33923126e-05
 1.74241086e-05 1.36342969e-05 1.30509752e-05 1.76613758e-05
 1.36522322e-05 1.97143654e-05 1.71362499e-05 3.44288092e-05
 4.40430122e-05 3.38172867e-05 1.64929315e-05 2.76734772e-05
 4.25307808e-05 1.88155245e-05 1.46572120e-05 1.93948435e-05
 2.40764257e-05 2.42711158e-05 1.85389563e-05 7.19725576e-05
 9.04651315e-05 2.05328124e-05 2.57097272e-05 4.41602788e-05
 3.93574446e-05 2.60079105e-05 1.01498597e-04 8.81250890e-05
 9.46018845e-05 6.31708608e-05 1.62415876e-04 1.24932005e-04
 6.66642736e-05 2.58165328e-05 6.28879352e-05 2.77949293e-05
 2.72182860e-05 7.02156904e-05 1.10272660e-04 6.99453740e-05
 3.31063529e-05 2.77311628e-05 1.08074164e-05 1.49843390e-05
 9.61279875e-06 1.35754626e-05 2.68592175e-05 2.94570345e-05
 7.26693770e-06 1.78909722e-05 1.46383036e-05 1.41908249e-05
 2.99048606e-05 2.31058457e-05 2.04623211e-04 1.41723285e-05
 2.39595411e-05 1.52983666e-05 1.12114312e-05 1.65342353e-05
 8.19699198e-06 9.66764219e-06 2.87476610e-06 1.79254130e-06
 4.38045072e-06 6.45530008e-06 6.98216854e-06 7.87719910e-06
 3.38032987e-06 1.60261277e-06 1.95821644e-06 4.39824680e-06
 6.92469212e-06 2.71762769e-06 3.48893013e-06 5.48626986e-06
 2.36350684e-06 1.22191307e-06 4.51415735e-06 1.29884950e-06
 2.06112759e-06 6.91005596e-07 9.18526268e-07 2.75215734e-06
 5.65994867e-07 5.97605265e-07 5.43165470e-07 6.68137375e-07
 3.60717110e-07 5.05109654e-07 8.07057575e-07 1.09412133e-06
 6.38772235e-07 6.26246276e-07 3.05154458e-07 4.60505674e-07
 4.76621153e-07 8.91855052e-07 1.11764632e-06 8.86965438e-07
 6.11072437e-07 4.88441117e-07 1.75882406e-07 1.64982893e-07]
[4.46706053e-07 4.82686858e-07 1.00186935e-06 6.53662937e-07
 6.76118816e-07 3.43894044e-07 3.03526974e-07 3.62208453e-07
 2.78520645e-07 2.68266604e-07 3.41448299e-07 3.59154029e-07
 2.78911102e-07 3.30709014e-07 3.40238984e-07 4.08727232e-07
 2.93636248e-07 3.42631125e-07 4.94129665e-07 5.14866599e-07
 5.38625898e-07 3.49004921e-07 5.00200770e-07 7.44338649e-07
 8.31044133e-07 5.65961045e-07 1.40697250e-06 1.25392614e-06
 1.13418866e-06 1.74946729e-06 2.02344359e-06 2.17254069e-06
 5.25937185e-06 2.59577996e-06 3.90386549e-06 2.24103655e-06
 2.54831957e-06 2.91704600e-06 2.64576715e-06 3.05894264e-06
 3.04309947e-06 3.18963043e-06 3.41193550e-06 3.47508035e-06
 3.09831194e-06 1.60234424e-06 3.69984105e-06 3.56015516e-06
 3.88894114e-06 4.18424179e-06 1.00684265e-05 6.95079643e-06
 9.63121147e-06 6.98538497e-06 5.61000661e-06 1.24179887e-05
 5.42863336e-06 8.18425360e-06 6.00277826e-06 2.81458961e-06
 3.78647860e-06 6.31980083e-06 4.03196600e-06 3.09118877e-06
 2.76297214e-06 3.04172022e-06 4.39624500e-06 6.03957415e-06
 2.01669604e-06 3.35770096e-06 6.98808935e-06 7.22162576e-06
 4.30214504e-06 4.35277434e-06 4.10959956e-06 6.25075199e-06
 5.86594115e-06 4.06483969e-06 7.27619044e-06 1.14068380e-05
 8.23540813e-06 9.22212712e-06 6.36355935e-06 7.15618808e-06
 4.98740746e-06 6.35667357e-06 9.15573855e-06 7.31872160e-06
 8.14762552e-06 1.59337415e-05 1.41368046e-05 1.13818105e-05
 1.20500908e-05 5.37510141e-06 1.25491761e-05 9.47489661e-06
 1.00423131e-05 1.17830432e-05 2.26660031e-05 2.28716108e-05
 1.69299601e-05 9.25815311e-06 1.73995049e-05 1.99457627e-05
 9.64501942e-06 5.88667317e-05 2.28768640e-05 2.29599627e-05
 2.47530261e-05 1.78242426e-05 1.11813133e-05 4.86094214e-05
 6.46838162e-05 2.08496112e-05 1.64224257e-05 1.85528588e-05
 2.70866021e-05 1.64365338e-05 1.34358052e-05 2.95076588e-05
 1.81404776e-05 8.70950407e-06 1.07957849e-05 9.87213480e-06
 2.22595936e-05 2.61671812e-05 3.80723941e-05 1.55572725e-05
 1.33151661e-05 1.34614738e-05 2.04735170e-05 2.47818152e-05
 1.61600183e-05 1.13906162e-05 3.00556949e-05 3.28439746e-05
 2.77203017e-05 1.12922617e-05 4.62938442e-05 2.52423997e-05
 1.40857548e-04 3.22413762e-05 1.95070879e-05 3.63443869e-05
 8.24463714e-05 7.68526879e-05 4.85587771e-05 4.26731276e-05
 2.33055107e-05 4.34307985e-05 3.42552194e-05 2.87263010e-05
 1.80844272e-05 4.46488302e-05 2.99627773e-05 1.59237534e-04
 1.06407271e-04 8.11924401e-05 1.00844154e-04 2.95872596e-05
 1.44617843e-05 1.73651897e-05 1.45951899e-05 1.20561135e-05
 8.45873001e-06 5.09974097e-06 6.91912783e-06 1.44835894e-05
 2.94697820e-05 1.34784068e-05 1.52398425e-05 2.46100008e-05
 1.22325118e-05 2.90630269e-05 1.50810838e-05 5.74829573e-05
 2.63942111e-05 2.06565328e-05 1.34216534e-05 2.12529030e-05
 6.63029141e-06 2.67850792e-05 6.33958325e-06 4.64151162e-06
 9.51916809e-06 1.43473198e-06 4.21514733e-06 2.70428404e-06
 1.41603377e-05 5.68309542e-06 3.81251539e-06 1.25333747e-06
 2.94504594e-06 3.34738343e-06 1.96650603e-06 2.99407316e-06
 1.76937817e-06 6.00189423e-07 4.77868753e-06 6.54206133e-07
 2.20858647e-06 4.12488049e-07 4.78445315e-07 8.12240899e-07
 1.65818619e-06 3.59025222e-07 7.51580330e-07 3.08756398e-07
 4.22684934e-07 8.18301658e-07 5.77660785e-07 3.08038494e-07
 5.71807107e-07 1.18655237e-06 3.56481479e-07 6.67850315e-07
 6.91499224e-07 5.84173165e-07 6.61639660e-07 7.31039108e-07
 5.57782926e-07 3.06818521e-07 1.36459278e-07 1.76390259e-07]
[5.17614183e-07 7.53957295e-07 1.11665986e-06 6.58994566e-07
 5.48949004e-07 5.22073890e-07 2.44554855e-07 4.63744868e-07
 2.27036821e-07 3.03605475e-07 3.08973654e-07 2.95041133e-07
 3.14987773e-07 2.84847005e-07 3.03507221e-07 3.93751321e-07
 3.16536415e-07 3.75267149e-07 4.88845842e-07 2.89334707e-07
 4.51043746e-07 9.15671592e-07 6.82691223e-07 6.44010754e-07
 3.91058620e-07 7.75315982e-07 6.48699654e-07 8.78670960e-07
 9.81276685e-07 2.28632598e-06 1.93359324e-06 3.05352842e-06
 2.87869716e-06 4.50005246e-06 3.15658622e-06 3.82158532e-06
 3.15689908e-06 2.22405220e-06 3.89350726e-06 2.48865194e-06
 2.43344130e-06 3.40889346e-06 2.23276152e-06 3.25158658e-06
 2.18993841e-06 1.82182475e-06 3.85655267e-06 4.88750993e-06
 2.04423714e-06 5.07804543e-06 3.79654625e-06 6.73697969e-06
 1.25560109e-05 8.95257472e-06 5.05490334e-06 1.19724027e-05
 6.74470584e-06 8.77197454e-06 3.44757495e-06 5.05506387e-06
 3.82465214e-06 3.31953925e-06 4.56217867e-06 7.12405199e-06
 3.92955235e-06 3.74584965e-06 2.28621207e-06 3.15236389e-06
 2.28355589e-06 3.00155921e-06 5.98778252e-06 5.81016457e-06
 3.97274516e-06 4.54360816e-06 7.52391861e-06 3.16169712e-06
 4.10374696e-06 2.88385672e-06 5.31592514e-06 4.08051892e-06
 9.99772146e-06 9.86366558e-06 7.36645006e-06 7.38911467e-06
 5.17817352e-06 8.23283244e-06 6.94278970e-06 7.35946878e-06
 5.87108252e-06 1.04982873e-05 1.13567366e-05 7.52138976e-06
 1.76470730e-05 1.17302125e-05 1.10642768e-05 1.59908104e-05
 1.62245487e-05 2.30907535e-05 1.50221895e-05 6.31212970e-05
 7.24082856e-05 2.34242470e-05 4.53285211e-05 4.61485506e-05
 2.56659932e-05 1.38312098e-05 2.17198685e-05 3.38764694e-05
 1.69485465e-05 1.75398764e-05 5.81620843e-05 1.62940487e-05
 5.11028447e-05 3.33899334e-05 1.46600323e-05 2.32221882e-05
 2.46197214e-05 1.72953714e-05 1.50315054e-05 1.27545763e-05
 1.55521411e-05 1.14750537e-05 1.27581034e-05 1.07271599e-05
 2.07197209e-05 1.65438232e-05 1.71249667e-05 2.90875705e-05
 2.20493694e-05 1.43753050e-05 1.53591627e-05 2.34331965e-05
 2.79570231e-05 2.24378546e-05 4.21186451e-05 2.12900632e-05
 2.79841315e-05 2.66821444e-05 2.84538983e-05 3.85349704e-05
 1.92321768e-05 1.75466612e-05 3.22129017e-05 5.62496825e-05
 6.49755457e-05 5.25108881e-05 5.77601713e-05 9.30884198e-05
 5.48308162e-05 8.85127738e-05 5.76144776e-05 2.37543136e-05
 7.87091631e-05 7.36614529e-05 3.38062273e-05 4.81995026e-04
 1.96715162e-04 8.92910466e-05 4.69831866e-05 9.86705054e-05
 5.45203802e-05 2.77820654e-05 1.26658024e-05 1.03009233e-05
 7.96245695e-06 4.03139029e-06 9.75332932e-06 2.76135834e-05
 2.62421308e-05 7.00027667e-05 2.90951812e-05 1.91784802e-05
 6.09525123e-05 7.06576611e-05 1.55521091e-04 6.66727865e-05
 5.47162745e-05 2.73629503e-05 1.21593557e-05 1.90956598e-05
 2.63783422e-05 2.78396169e-06 6.10200186e-06 4.78065203e-06
 4.99223916e-06 4.75965589e-06 1.87517753e-06 8.52001267e-06
 1.32634386e-06 1.92740549e-06 2.34804452e-06 1.31963259e-06
 7.87631052e-07 2.69172415e-06 3.88449735e-06 2.33990681e-06
 1.90527510e-06 3.62082943e-07 7.28313353e-07 7.10267841e-06
 1.89024331e-06 1.16470653e-06 2.79421761e-06 8.15059423e-07
 7.93486095e-07 8.14395037e-07 4.55301262e-07 7.19895240e-07
 7.85965597e-07 3.15137896e-07 4.09807853e-07 3.92801979e-07
 2.01337627e-07 2.16676582e-07 3.12058347e-07 3.87052040e-07
 6.90921468e-07 7.44347574e-07 7.04000229e-07 3.44647333e-07
 2.87069014e-07 3.51887735e-07 1.76592550e-07 6.46429399e-08]
[1.0599573e-06 8.1165604e-07 8.6251890e-07 1.8564568e-06 8.5451683e-07
 4.1733654e-07 5.1709048e-07 3.4326942e-07 2.1328162e-07 6.2107421e-07
 5.8378953e-07 3.7775752e-07 4.4335437e-07 1.9668545e-07 6.1042437e-07
 4.4334220e-07 4.8799217e-07 4.3442378e-07 4.9409630e-07 4.6388800e-07
 5.0908540e-07 6.1762938e-07 7.6862665e-07 9.2196825e-07 9.3666057e-07
 5.4810084e-07 1.0501806e-06 9.8389808e-07 9.3710514e-07 1.2582569e-06
 3.0697383e-06 4.0877171e-06 3.0836738e-06 3.6008266e-06 3.3025365e-06
 5.1714528e-06 1.9081901e-06 3.0564333e-06 2.5413781e-06 1.8110044e-06
 1.9589254e-06 3.6617096e-06 5.7397210e-06 6.2500908e-06 8.1189810e-06
 2.4626572e-06 4.8036477e-06 8.3930909e-06 6.4336114e-06 6.7141832e-06
 1.3008535e-05 9.6888270e-06 1.1390755e-05 8.5769379e-06 6.7586025e-06
 6.6760258e-06 1.3375000e-05 3.8460644e-06 5.7960565e-06 6.3759162e-06
 5.4242428e-06 5.6871991e-06 6.2294325e-06 4.6055175e-06 5.2756682e-06
 2.1344879e-06 2.6399114e-06 5.2529285e-06 3.5085898e-06 3.1716529e-06
 1.1880956e-05 8.4918283e-06 4.9464065e-06 8.0434556e-06 4.9178930e-06
 7.0496048e-06 4.9780306e-06 6.2298263e-06 7.5253379e-06 5.6744957e-06
 7.2015523e-06 6.3458742e-06 1.6252756e-05 1.4108450e-05 1.1367792e-05
 1.1041276e-05 9.1381589e-06 8.0501377e-06 1.5909814e-05 1.7845619e-05
 7.8862286e-06 9.8753799e-06 1.2285553e-05 1.2328244e-05 3.2962613e-05
 2.7214830e-05 2.9887407e-05 4.0117124e-05 3.4639885e-05 2.4442377e-05
 3.0245528e-05 3.6650858e-05 4.8322294e-05 1.6109901e-05 2.5717973e-05
 1.9220375e-05 1.7396589e-05 1.6405429e-05 1.2459925e-05 2.6718482e-05
 5.6295921e-05 1.5632511e-05 2.9096946e-05 2.4910210e-05 3.3174783e-05
 3.3317214e-05 1.2013862e-05 1.2825130e-05 1.8797247e-05 2.7413924e-05
 1.9688487e-05 1.6918129e-05 1.4910101e-05 1.9686955e-05 7.7888408e-06
 9.6304566e-06 2.8871538e-05 2.0188212e-05 9.7780839e-06 1.2501446e-05
 1.3327178e-05 8.1480748e-06 1.1207764e-05 1.7104790e-05 2.0254813e-05
 1.8725063e-05 2.7373297e-05 1.1690970e-05 5.1807347e-05 3.1015723e-05
 3.7341419e-05 1.2859858e-04 1.5680045e-05 3.1222269e-05 5.7648984e-05
 5.8952155e-05 5.5772991e-05 1.3995147e-04 7.5067568e-05 7.7950288e-05
 5.1125553e-05 8.1917424e-05 3.1614578e-05 2.0489859e-05 3.0424819e-05
 5.1563398e-05 2.3184097e-05 1.6123415e-05 3.8242284e-05 4.3465116e-05
 5.8165286e-05 3.1083746e-05 5.3795880e-05 3.2336258e-05 1.2896922e-05
 1.1632518e-05 2.2618302e-05 5.3020776e-05 1.7939155e-05 1.5093409e-05
 4.9117167e-05 5.4631488e-05 6.6283551e-06 3.0149158e-05 3.1512533e-05
 6.1989536e-05 1.0970492e-05 8.7233184e-06 1.0434452e-05 5.2265023e-06
 4.9758937e-06 5.1945522e-06 1.6267965e-06 4.8581692e-06 7.3870069e-06
 6.2369031e-06 1.5861054e-06 3.4472307e-06 3.3317583e-06 1.5986707e-06
 2.1304297e-06 1.1372231e-06 1.9553274e-06 1.2080654e-06 2.4326587e-06
 2.0450973e-06 2.3717405e-06 7.7661645e-07 9.2059685e-07 5.3964663e-06
 2.5097208e-06 3.4969562e-06 7.3221986e-07 7.2775975e-07 2.2046713e-06
 8.3478511e-07 6.8931439e-07 5.7109793e-07 3.0354195e-07 4.7782561e-07
 4.9623083e-07 5.5508116e-07 4.3732348e-07 2.1200428e-07 3.1509293e-07
 6.4337178e-07 3.9545401e-07 4.7524097e-07 6.8575793e-07 2.8454497e-07
 4.4685839e-07 2.3425748e-07 1.9872662e-07 7.0340135e-08]
[6.24623794e-07 1.56935300e-06 8.67997471e-07 1.25724966e-06
 1.16729780e-06 4.96013570e-07 3.94071861e-07 5.75309912e-07
 5.97138978e-07 6.06053277e-07 5.42991017e-07 6.89474348e-07
 5.03814192e-07 2.39184942e-07 4.98101144e-07 5.57667875e-07
 3.38882046e-07 5.47174750e-07 5.14317890e-07 4.60394318e-07
 4.81665836e-07 7.36087088e-07 5.69449014e-07 6.23278595e-07
 7.91681543e-07 7.78297135e-07 1.22476774e-06 9.71593522e-07
 7.90058948e-07 1.06422215e-06 3.96767336e-06 1.88575177e-06
 3.14107479e-06 3.00464671e-06 5.80466849e-06 3.80513961e-06
 2.41323278e-06 3.41465488e-06 2.18416608e-06 5.88137846e-06
 4.31680883e-06 3.93172240e-06 2.49941468e-06 3.21838093e-06
 2.55524242e-06 4.44705074e-06 5.83570181e-06 1.31668639e-05
 7.62004129e-06 9.18747901e-06 7.70340830e-06 7.78699632e-06
 9.97626285e-06 5.81509676e-06 1.13773785e-05 1.37457973e-05
 1.08278246e-05 3.45818717e-06 7.72366820e-06 6.15481122e-06
 4.21932782e-06 5.66619019e-06 5.54958706e-06 6.90516254e-06
 2.09053655e-06 2.21501523e-06 2.68970962e-06 5.50540290e-06
 4.07804328e-06 3.85211615e-06 7.19246964e-06 1.52246421e-05
 7.63741264e-06 5.22534765e-06 5.26088252e-06 6.51494474e-06
 5.99486384e-06 3.41003101e-06 6.20754508e-06 3.76695971e-06
 5.89152341e-06 5.81063659e-06 9.17191210e-06 1.16350348e-05
 1.31968291e-05 1.74334364e-05 1.51257482e-05 2.36353098e-05
 1.11345144e-05 9.11822917e-06 1.81317482e-05 2.07658668e-05
 1.38854884e-05 2.71542376e-05 3.18361926e-05 4.86819627e-05
 7.22422046e-05 3.53677751e-05 1.57350205e-05 1.30709277e-05
 5.67034185e-05 3.33536555e-05 3.67578286e-05 1.85492227e-05
 1.54032023e-05 1.19805381e-05 1.22150232e-05 2.28142890e-05
 2.41799007e-05 1.73696062e-05 2.86030136e-05 2.18621335e-05
 1.61857515e-05 2.41480720e-05 6.17627011e-05 1.83675456e-05
 2.77551935e-05 2.23846273e-05 2.57280317e-05 2.06119075e-05
 1.92113894e-05 1.94319236e-05 1.62714095e-05 1.21819139e-05
 1.12514381e-05 1.26664199e-05 2.58725722e-05 3.15042853e-05
 1.12380831e-05 1.72411255e-05 1.07199412e-05 2.93444227e-05
 2.35026473e-05 2.79585056e-05 2.36988126e-05 2.45852734e-05
 3.12667689e-05 3.61483253e-05 2.81174380e-05 2.26583270e-05
 9.05435663e-05 8.69910946e-05 1.74480610e-05 7.03831902e-05
 1.39622207e-05 6.32903102e-05 2.72006491e-05 1.64246128e-04
 3.54468539e-05 1.24286234e-04 6.06235990e-05 1.05326304e-04
 2.31781451e-05 6.01833453e-05 1.13791488e-04 1.00133329e-04
 1.61751988e-04 5.35221334e-05 4.00319077e-05 6.67524364e-05
 4.61181735e-05 2.46994387e-05 3.11378935e-05 3.73542425e-05
 3.15886282e-05 1.63525710e-05 1.88580034e-05 3.62276187e-05
 9.49021487e-05 4.78030142e-06 2.42671140e-05 5.24043680e-05
 1.15563134e-05 5.29445560e-06 4.79688060e-05 5.27504890e-05
 2.96567905e-05 8.56104089e-06 5.31817159e-06 1.22109277e-05
 1.84397595e-06 7.22354298e-06 3.25909969e-06 6.16117723e-06
 2.99221642e-06 2.74178797e-06 3.99072314e-06 9.29199450e-06
 5.11939425e-06 7.22597542e-06 1.36066683e-06 2.87826947e-06
 6.59443913e-06 2.64940445e-06 1.15829368e-06 1.74060267e-06
 1.54749830e-06 1.30700425e-06 1.89519824e-06 7.03311207e-06
 3.01470141e-06 2.13835824e-06 9.41835708e-07 4.88754586e-06
 1.05032848e-06 1.37677682e-06 5.10308212e-07 9.69132202e-07
 5.49297624e-07 5.92386300e-07 6.28011890e-07 5.10766995e-07
 4.83174802e-07 3.93927593e-07 7.47440708e-07 1.25157646e-06
 2.87676158e-07 1.95602425e-07 3.80086789e-07 6.86097167e-07
 5.30547482e-07 1.35033446e-07 1.80596928e-07 4.49389546e-07]
[6.66101016e-07 1.13466433e-06 9.30816611e-07 1.17714490e-06
 1.07399876e-06 4.74411678e-07 4.04210596e-07 4.00694944e-07
 4.94522794e-07 5.36162190e-07 7.61088870e-07 4.57743113e-07
 3.81690370e-07 3.13291366e-07 7.84779331e-07 4.80895039e-07
 5.39267489e-07 3.78147973e-07 6.10261850e-07 4.35520320e-07
 4.07714509e-07 3.85592244e-07 4.54116019e-07 8.64901097e-07
 6.05856314e-07 9.99937242e-07 9.76393608e-07 8.96707490e-07
 1.30093292e-06 2.55993314e-06 2.79490359e-06 2.88640717e-06
 2.65557787e-06 2.45680462e-06 2.63494144e-06 2.83865575e-06
 2.70854503e-06 3.39759390e-06 4.99458656e-06 4.07413199e-06
 5.36485959e-06 4.96774510e-06 2.30308183e-06 4.13102362e-06
 4.20342576e-06 3.47633090e-06 5.55968654e-06 9.25098084e-06
 4.49996742e-06 7.21527613e-06 9.65538857e-06 1.59065694e-05
 6.86771091e-06 7.84833628e-06 3.49358220e-06 8.44294755e-06
 5.98871566e-06 4.80081098e-06 4.61879245e-06 7.17778539e-06
 4.90286038e-06 2.28012073e-06 2.44017770e-06 2.50012249e-06
 4.77433468e-06 3.89909383e-06 4.48715218e-06 2.93292692e-06
 1.11489987e-06 3.80360075e-06 7.14215230e-06 3.80651477e-06
 5.78099161e-06 5.26453732e-06 5.12745146e-06 5.35056324e-06
 5.00226770e-06 5.21612083e-06 6.68764869e-06 9.57081284e-06
 6.42768782e-06 6.01269267e-06 7.44411363e-06 8.54109294e-06
 1.12534362e-05 8.86673934e-06 7.98440306e-06 1.95194116e-05
 1.86223879e-05 1.00724365e-05 1.84991495e-05 2.71865847e-05
 3.94199305e-05 1.23202944e-05 1.49245907e-05 2.83360860e-05
 2.99279327e-05 2.90635817e-05 9.71648387e-06 9.26284247e-06
 1.47715909e-05 1.35244727e-05 1.47616383e-05 8.53194160e-06
 1.33913300e-05 5.49918923e-06 2.60993675e-05 2.02522806e-05
 4.27378145e-05 2.06345085e-05 1.41925657e-05 1.65529764e-05
 1.34182310e-05 1.46203138e-05 1.04346727e-05 1.06052858e-05
 1.37965662e-05 2.50694738e-05 2.66932566e-05 3.62382816e-05
 1.23683531e-05 9.64834817e-06 1.32120213e-05 1.55866855e-05
 5.38121321e-06 2.39653218e-05 3.44342552e-05 1.53440906e-05
 1.03275261e-05 1.53679721e-05 3.25661495e-05 1.97442751e-05
 2.74360445e-05 2.35872049e-05 2.24447995e-05 2.09490045e-05
 4.69812185e-05 2.19240956e-05 2.05752240e-05 3.37991041e-05
 5.03928750e-05 2.41262842e-05 2.59268854e-05 5.59891341e-05
 7.50121108e-05 2.40038698e-05 8.96083875e-05 4.94491942e-05
 1.11636538e-04 1.11030335e-04 1.14454881e-04 8.17725595e-05
 6.07728616e-05 2.77525778e-05 8.26936957e-05 8.51189543e-05
 5.76147722e-05 5.28482451e-05 4.77613503e-05 5.94918092e-05
 2.66550542e-05 2.96675062e-05 3.94476774e-05 2.17619254e-05
 3.70848647e-05 2.03332402e-05 2.00218237e-05 2.62360682e-05
 1.70824860e-04 6.09611561e-05 1.10506204e-04 1.50396054e-05
 5.34228275e-05 3.29273171e-05 1.88032263e-05 2.63780439e-05
 2.25762979e-05 5.51590847e-06 2.95915720e-06 1.01657652e-05
 2.04333173e-06 3.33536923e-06 7.65809091e-06 4.54139399e-06
 2.54462861e-06 1.60009915e-06 1.67059261e-06 6.09275276e-06
 8.46844614e-06 1.05353786e-06 4.17715682e-06 3.30072885e-06
 4.74909621e-06 6.28349562e-06 1.85174338e-06 4.68201915e-06
 2.22571521e-06 2.64733239e-06 1.82729889e-06 1.40333384e-06
 6.26224710e-06 2.04964886e-06 9.22714833e-07 8.00564351e-07
 3.05086905e-06 8.17321506e-07 1.15169610e-06 9.16992406e-07
 7.17393107e-07 4.22478394e-07 6.42401858e-07 6.12100280e-07
 4.74625864e-07 3.62768105e-07 4.07290514e-07 2.47455858e-07
 6.95400786e-07 3.42735660e-07 4.87577893e-07 4.32737949e-07
 2.79506281e-07 1.63023785e-07 3.02638085e-07 7.76493252e-08]
[9.44931060e-07 2.26014731e-06 1.43579246e-06 6.93760910e-07
 8.67362075e-07 8.48718798e-07 4.20907355e-07 5.73877003e-07
 4.94300991e-07 4.94372614e-07 5.58107956e-07 5.03828289e-07
 4.83269275e-07 5.34683807e-07 4.96188477e-07 4.38118974e-07
 2.69360243e-07 2.53978442e-07 3.24964361e-07 5.03665945e-07
 3.52170986e-07 9.08220557e-07 6.69823805e-07 1.33960293e-06
 1.06951290e-06 8.56936595e-07 1.14504633e-06 1.04818025e-06
 1.82415613e-06 2.53563326e-06 4.46598415e-06 2.21251389e-06
 2.69549037e-06 1.72350565e-06 2.02989327e-06 2.07102721e-06
 2.08206075e-06 2.39592850e-06 2.14469196e-06 5.66614790e-06
 4.55931877e-06 4.11704832e-06 2.42147121e-06 4.42319697e-06
 2.81957978e-06 3.45473109e-06 4.48585888e-06 9.55668565e-06
 5.66922427e-06 3.88890612e-06 5.96739710e-06 7.89558089e-06
 4.52798258e-06 1.05749532e-05 1.42987192e-05 3.88946455e-06
 3.72026693e-06 2.88142178e-06 3.88635772e-06 6.25942084e-06
 4.81640700e-06 2.57720149e-06 5.19962805e-06 4.60640103e-06
 4.79690743e-06 2.30571936e-06 3.40112206e-06 7.38698373e-06
 5.78124082e-06 6.57564851e-06 5.69780286e-06 9.72468752e-06
 6.12518261e-06 7.99755526e-06 7.75293120e-06 1.53632773e-05
 1.09545217e-05 7.68269001e-06 3.31864862e-06 7.67430265e-06
 5.54189910e-06 3.89366369e-06 5.00480883e-06 7.57511179e-06
 6.73915747e-06 1.71945794e-05 1.75117148e-05 2.26432094e-05
 1.00668558e-05 1.60711152e-05 1.12557109e-05 4.90930543e-05
 3.91371868e-05 1.42482277e-05 3.76360367e-05 2.15247474e-05
 4.39291871e-05 4.30374748e-05 4.56431917e-05 8.35037372e-06
 1.50248643e-05 1.39653976e-05 1.25189663e-05 1.47854807e-05
 1.31126071e-05 2.29906491e-05 1.34311622e-05 8.65864695e-06
 1.94813128e-05 2.80017939e-05 6.52195231e-05 1.31086017e-05
 3.68187721e-05 2.30111418e-05 2.57843712e-05 1.89441016e-05
 1.35363252e-05 1.91468007e-05 2.00001541e-05 2.40012741e-05
 8.51170444e-06 1.30900835e-05 2.15614418e-05 1.07178885e-05
 1.03479142e-05 1.67656617e-05 1.04951587e-05 1.19687456e-05
 1.47793426e-05 2.06197201e-05 1.48754343e-05 1.86248071e-05
 5.98706401e-06 1.40738985e-05 2.32331859e-05 2.35347961e-05
 5.20320064e-05 3.62344035e-05 2.14027295e-05 2.95136215e-05
 2.10561248e-05 1.29404843e-05 2.82655401e-05 3.33687785e-05
 1.97774607e-05 4.81705101e-05 2.00779716e-04 3.02256540e-05
 5.51632875e-05 2.62155791e-05 1.03459839e-04 8.06505195e-05
 9.24531196e-05 1.14223127e-04 4.67618229e-05 3.43501451e-05
 4.51896631e-05 1.43861480e-05 3.90083333e-05 9.04891858e-05
 2.04660901e-05 1.43258994e-05 4.37473936e-05 1.11144109e-05
 1.12781136e-05 1.21474068e-05 6.66238120e-05 2.91449633e-05
 2.51659567e-05 1.57042043e-04 1.79391664e-05 1.18988137e-05
 4.09905588e-05 1.58005587e-05 8.21158119e-06 3.14215540e-05
 1.13251272e-05 5.45648572e-06 3.82880580e-06 4.81941197e-06
 5.23353583e-06 6.23117739e-06 9.10831750e-06 1.11773761e-05
 4.33080595e-06 3.69032773e-06 1.13518099e-05 7.40403766e-06
 3.00995998e-06 3.01998512e-06 7.54323582e-06 3.02036847e-06
 6.78762308e-06 2.53072722e-06 1.93940923e-05 9.84175040e-06
 3.47151195e-06 2.43776663e-06 1.56248677e-06 2.26851103e-06
 1.08479185e-06 1.07733422e-06 2.75348452e-06 8.56551594e-07
 1.28027852e-06 6.81853464e-07 5.03292370e-07 6.23853623e-07
 5.84116151e-07 7.13030204e-07 9.03692580e-07 3.60616667e-07
 6.82997040e-07 1.78359244e-06 4.39326186e-07 3.44879965e-07
 9.30137219e-07 4.00362978e-07 2.40452835e-07 5.46577155e-07
 5.30115756e-07 2.57572253e-07 9.34186275e-08 1.01335502e-07]
[9.3363286e-07 2.1032704e-06 2.5500631e-06 1.3266554e-06 8.0663199e-07
 4.6713458e-07 6.6779967e-07 6.6269922e-07 4.3925436e-07 6.8816036e-07
 5.6735365e-07 5.1456612e-07 7.3378220e-07 2.6948013e-07 3.9188271e-07
 4.0957966e-07 4.3771354e-07 3.8774752e-07 4.1477506e-07 6.6976037e-07
 3.8771179e-07 5.1924445e-07 1.1053659e-06 6.8900357e-07 9.9146530e-07
 1.2379290e-06 9.4833143e-07 9.9569354e-07 1.2321356e-06 2.1079952e-06
 6.1415035e-06 5.0038966e-06 5.6425547e-06 2.4845529e-06 4.2117053e-06
 3.3068243e-06 3.2733869e-06 2.7282765e-06 3.6681915e-06 4.5144852e-06
 6.9690172e-06 4.1540279e-06 7.2410335e-06 3.2245989e-06 4.4044518e-06
 3.5738879e-06 6.0171042e-06 1.0941610e-05 4.5971387e-06 4.6859082e-06
 6.6061730e-06 1.1947756e-05 6.5969602e-06 3.6823105e-06 9.9372219e-06
 5.4426891e-06 1.1789962e-05 9.5100504e-06 6.7342366e-06 4.6578257e-06
 3.7645150e-06 3.5380017e-06 4.7276362e-06 5.7749990e-06 3.4032516e-06
 2.9536320e-06 2.8812799e-06 2.7072274e-06 7.5632852e-06 4.8675088e-06
 6.2431195e-06 9.3905301e-06 1.1891639e-05 9.5903597e-06 1.0640080e-05
 8.6368836e-06 1.1448278e-05 6.4483952e-06 4.7051963e-06 5.3609178e-06
 7.8006260e-06 7.8555031e-06 9.0319163e-06 6.2207714e-06 1.0702443e-05
 1.3716549e-05 1.8299803e-05 2.0147983e-05 1.8075943e-05 2.5129952e-05
 3.1101084e-05 2.0438869e-05 1.7569468e-05 5.7950678e-05 3.6977399e-05
 1.9035298e-05 1.4746337e-05 2.1489512e-05 1.9315024e-05 4.7946276e-05
 1.3111713e-05 3.2674274e-05 1.7889382e-05 3.7597358e-05 1.1516670e-05
 1.8418470e-05 1.8398370e-05 1.8581022e-05 1.9131703e-05 1.1764606e-05
 3.0964486e-05 7.4679992e-05 3.4650027e-05 2.0826708e-05 3.7205446e-05
 2.3422721e-05 1.5479762e-05 9.2311966e-06 1.1750959e-05 1.4447287e-05
 1.5820919e-05 1.1858399e-05 1.7590011e-05 3.9981471e-05 2.8263030e-05
 2.3062074e-05 1.3068219e-05 1.5489455e-05 4.6646135e-05 2.2698065e-05
 1.7575741e-05 1.8493007e-05 2.2879140e-05 2.3970155e-05 1.7201020e-05
 2.6236734e-05 9.4671268e-05 6.3408290e-05 2.4422867e-05 5.3417320e-05
 5.0422484e-05 1.4070235e-05 1.5120238e-05 4.5384673e-05 2.1463740e-05
 2.7086860e-05 4.2875559e-05 2.6532420e-05 2.7901711e-04 1.6660652e-04
 3.6910409e-04 4.4643250e-04 9.3293529e-05 6.9402624e-05 9.3234506e-05
 6.4761007e-05 3.1718446e-05 3.6054254e-05 7.0058602e-05 2.0828475e-05
 1.3712524e-05 1.6798491e-05 6.9088346e-05 3.7128699e-05 1.1667863e-05
 2.5416070e-05 2.7054564e-05 2.6031959e-05 6.0727431e-05 4.6519508e-05
 7.4934585e-05 3.3589666e-05 2.1955455e-05 8.5424799e-06 9.3040717e-06
 1.5397207e-05 8.2629913e-06 2.5908091e-06 9.5476380e-06 7.7656114e-06
 1.0482977e-05 3.3775787e-06 1.1984786e-05 3.9628703e-06 7.3660572e-06
 1.2247434e-05 7.8078474e-06 1.0003380e-05 3.0578622e-06 2.3707610e-06
 1.6725035e-06 3.7336774e-06 3.6332519e-06 1.0155217e-05 1.8732020e-06
 1.7573799e-06 1.5160391e-06 1.7983317e-06 1.0425018e-06 4.0511218e-06
 3.1251332e-06 3.0106469e-06 8.7793251e-07 2.1737328e-06 4.8465785e-07
 6.5078126e-07 6.7385349e-07 7.8003950e-07 5.7577250e-07 2.6131593e-07
 3.5610938e-07 5.4925204e-07 7.5790308e-07 1.0897010e-06 1.6052519e-06
 3.6815246e-07 6.4253004e-07 5.0470300e-07 3.1933428e-07 7.4726228e-07
 1.3443818e-07 1.4242609e-07 2.1388014e-07 1.5444212e-07]
[1.19286176e-06 2.98464147e-06 2.53866619e-06 1.54404199e-06
 8.43503074e-07 7.49521917e-07 6.77544449e-07 7.05187915e-07
 5.35377239e-07 5.02782257e-07 7.66038454e-07 6.16486830e-07
 5.31555088e-07 5.48659216e-07 4.73270262e-07 7.56898828e-07
 6.11370126e-07 9.52788014e-07 6.63479739e-07 1.01218995e-06
 5.53593395e-07 5.42079022e-07 7.61622061e-07 9.91307957e-07
 1.66481084e-06 1.06082075e-06 1.72842101e-06 2.67666178e-06
 1.82427448e-06 1.49191453e-06 3.79768994e-06 5.07554569e-06
 3.48748108e-06 4.78135280e-06 2.61669561e-06 6.69868450e-06
 2.12454165e-06 1.51697043e-06 2.74030640e-06 6.41997713e-06
 7.05954881e-06 4.09746644e-06 8.00696853e-06 5.17226681e-06
 2.08297433e-06 3.16630576e-06 5.12841143e-06 4.13243470e-06
 6.00306157e-06 7.57994349e-06 1.11104782e-05 6.14560122e-06
 4.67923064e-06 4.40211397e-06 6.08840355e-06 1.13718743e-05
 9.29265752e-06 5.39259054e-06 7.53379572e-06 5.22163327e-06
 4.99387306e-06 3.78701952e-06 5.00442184e-06 3.65453525e-06
 3.63126242e-06 5.29197132e-06 2.61283640e-06 6.67081486e-06
 3.17254489e-06 5.01372188e-06 6.92243293e-06 6.41015367e-06
 4.84344446e-06 8.03500461e-06 9.73751867e-06 1.04469036e-05
 7.24465599e-06 3.64513903e-06 3.54531562e-06 6.27226427e-06
 6.60051592e-06 1.14737313e-05 7.18478623e-06 1.20059076e-05
 8.73747285e-06 1.19277029e-05 1.69413925e-05 3.08133640e-05
 1.93979995e-05 1.36302597e-05 2.41381567e-05 2.06730820e-05
 1.36247736e-05 7.80556147e-05 1.42119434e-05 1.54259415e-05
 1.68347306e-05 1.66185910e-05 1.78554346e-05 2.63101392e-05
 1.97489044e-05 1.18210801e-05 1.16133597e-05 7.74646014e-06
 1.75401456e-05 1.27648809e-05 1.00108900e-05 1.27548519e-05
 1.79846647e-05 5.00619462e-05 1.59064675e-05 3.82021935e-05
 1.58627990e-05 5.52734455e-05 3.00952470e-05 1.94141794e-05
 4.42918281e-05 1.91305662e-05 1.34750817e-05 2.19916274e-05
 9.78049229e-06 1.91902291e-05 1.30535964e-05 3.78973018e-05
 2.27561486e-05 2.88628053e-05 2.94131660e-05 2.50119210e-05
 4.36036389e-05 2.17803808e-05 1.05690851e-05 1.97852805e-05
 2.42618335e-05 3.14895260e-05 2.23065563e-05 2.71504559e-05
 5.05783282e-05 6.69185320e-05 2.26602151e-05 2.73174373e-05
 1.65463953e-05 3.58529614e-05 1.56684619e-05 1.66739956e-05
 1.75448640e-05 6.83373291e-05 2.99067051e-05 2.68155418e-05
 2.17765148e-04 3.00689080e-05 1.02841390e-04 2.17069712e-04
 7.07823783e-05 1.07803869e-04 1.09907494e-04 6.95788549e-05
 4.85533128e-05 9.82002530e-05 4.41015181e-05 1.22202791e-05
 7.04785043e-06 1.85148165e-05 3.18694110e-05 2.71905956e-05
 1.12246198e-05 3.18085877e-05 2.63737093e-05 7.06990322e-05
 1.46754164e-05 2.02710435e-05 4.46335216e-05 3.14419631e-05
 1.56056176e-05 8.49872140e-06 1.51880131e-05 1.82990279e-05
 9.19260765e-06 8.44947954e-06 6.95463177e-06 2.30374844e-05
 1.20416735e-05 4.99991302e-06 9.62208742e-06 4.14065698e-06
 4.66844176e-06 3.45941794e-06 7.50498612e-06 1.04847650e-05
 7.72345993e-06 7.54505720e-07 3.19693663e-06 1.79853089e-06
 2.58057207e-06 3.61052867e-06 4.80416747e-06 7.75017998e-06
 8.52079893e-07 1.49378059e-06 2.02349315e-06 5.71504359e-07
 1.42838974e-06 7.80294897e-07 1.22019048e-06 2.13164367e-06
 8.22703953e-07 1.83358418e-06 6.68021585e-07 7.27460872e-07
 5.01290970e-07 5.52242511e-07 5.15019337e-07 1.96060182e-06
 9.42234976e-07 5.32323099e-07 3.93130762e-07 3.16544828e-07
 8.09284927e-07 6.24792563e-07 7.41833958e-07 5.37444009e-07
 6.86308283e-07 2.71980525e-07 2.66178318e-07 1.47821424e-07]
[8.6336985e-07 1.6850818e-06 1.1310390e-06 1.2930947e-06 8.0122817e-07
 4.4328627e-07 3.7746136e-07 6.3200793e-07 4.1940351e-07 5.5316758e-07
 7.2466963e-07 4.1193962e-07 4.1990495e-07 4.3348203e-07 2.9272334e-07
 4.2372957e-07 5.7822535e-07 3.9464217e-07 1.0812613e-06 7.9297979e-07
 4.4978808e-07 3.0669639e-07 8.5521248e-07 7.5645431e-07 1.2444223e-06
 9.0896282e-07 1.1349624e-06 9.9536067e-07 1.7895280e-06 3.0589499e-06
 2.5495162e-06 6.6264565e-06 3.2060213e-06 4.0452819e-06 2.2463585e-06
 2.0846110e-06 1.3559460e-06 1.9269407e-06 2.1335882e-06 2.1534072e-06
 2.5312268e-06 5.7756120e-06 8.2314209e-06 3.3433878e-06 3.9341071e-06
 3.9872971e-06 6.1435258e-06 3.6182446e-06 6.3398802e-06 3.9896649e-06
 2.0739810e-05 1.5330903e-05 4.1143480e-06 6.0189154e-06 8.1760736e-06
 6.4506457e-06 4.8296006e-06 2.6495061e-06 5.0690037e-06 5.0231743e-06
 4.7550689e-06 2.8326747e-06 3.9765164e-06 3.1677328e-06 3.8921321e-06
 3.9159791e-06 4.5712291e-06 5.8508995e-06 3.9517340e-06 3.3111110e-06
 4.0181149e-06 6.3831831e-06 7.3108918e-06 3.5588064e-06 6.2799213e-06
 3.8851799e-06 4.7556509e-06 3.9248193e-06 3.4295238e-06 4.8694769e-06
 6.0017392e-06 6.9670355e-06 9.9235904e-06 4.4747685e-06 1.0648265e-05
 7.0671595e-06 1.2236589e-05 2.2133694e-05 3.3206172e-05 1.0593543e-05
 4.0677201e-05 3.3806562e-05 7.7397226e-06 8.8825536e-06 1.3398650e-05
 8.1201542e-06 1.3817588e-05 8.2662045e-06 1.3537848e-05 1.2359743e-05
 1.7516499e-05 7.9051770e-06 4.6215446e-06 7.0915412e-06 1.3874301e-05
 1.3073291e-05 3.2229396e-05 1.7678072e-05 1.3431448e-05 1.1150347e-05
 2.0767135e-05 9.6510839e-06 8.5143301e-06 1.2851070e-05 2.0230664e-05
 1.2227592e-05 1.1548481e-05 1.3914037e-05 8.2573179e-06 7.5986864e-06
 1.3812428e-05 1.6357191e-05 3.4524015e-05 9.8791461e-06 1.2690653e-05
 3.3112923e-05 4.4971181e-05 3.1960251e-05 2.5626590e-05 9.4105226e-06
 2.0767402e-05 7.5176690e-06 1.3985317e-05 1.8417626e-05 1.3754118e-05
 2.0138845e-05 1.3659116e-05 3.1240015e-05 5.6537989e-05 1.4412289e-05
 1.1374814e-05 2.0309626e-05 7.3835756e-05 2.9598756e-05 1.0177850e-05
 1.0738041e-04 1.2940090e-04 2.5806020e-04 4.8322519e-05 1.0134724e-04
 8.2119368e-05 1.9449157e-04 2.9994459e-05 2.3037815e-05 7.4059040e-05
 4.1024145e-05 5.0370087e-05 1.1132894e-04 2.4256444e-05 1.3748849e-05
 1.3840862e-05 1.6902302e-05 1.1486561e-05 1.9216748e-05 1.9426892e-05
 1.0246517e-05 1.4868393e-05 1.0216850e-05 5.1690095e-06 7.2886469e-06
 1.2183213e-05 1.4572292e-05 1.7773324e-05 1.3830014e-05 2.0506212e-05
 1.2845764e-05 7.7978657e-06 1.0400853e-05 5.0519971e-06 8.4797248e-06
 8.1398912e-06 6.7399319e-06 1.2481304e-05 6.4682317e-06 8.1311600e-06
 5.0799645e-06 7.1905574e-06 6.9468551e-06 2.8656787e-06 1.6643911e-06
 6.5834924e-06 3.7464677e-06 9.6244557e-06 7.4598211e-06 1.0513001e-05
 2.5796180e-06 2.3574764e-06 1.4974485e-06 1.6536610e-06 2.3704845e-06
 1.1763132e-06 6.6105758e-07 3.1253410e-07 4.3530068e-07 5.2472916e-07
 9.4565104e-07 4.2432782e-07 7.3595265e-07 3.2741855e-07 1.3194157e-06
 6.8892524e-07 6.6616940e-07 4.8780237e-07 4.7021925e-07 3.0467581e-07
 3.1653394e-07 5.1204046e-07 5.8892942e-07 1.0917153e-06 7.6563015e-07
 8.2430915e-07 2.8618922e-07 1.3088986e-07 9.5160658e-08]
[7.98538906e-07 1.31279558e-06 1.13597957e-06 9.10637027e-07
 6.72476517e-07 6.22140931e-07 5.03587671e-07 3.81790528e-07
 3.05554266e-07 4.25768093e-07 3.73976945e-07 5.10273992e-07
 3.22395721e-07 4.45436996e-07 6.88123919e-07 3.81872809e-07
 4.90479522e-07 6.37912592e-07 3.69430580e-07 4.16612096e-07
 5.57803389e-07 3.60329665e-07 7.57925875e-07 1.85379031e-06
 1.84015687e-06 1.35313201e-06 9.07063907e-07 1.24006249e-06
 9.98874839e-07 2.97826659e-06 2.20102470e-06 2.67384598e-06
 4.50704056e-06 3.37782785e-06 2.95273389e-06 1.27876183e-06
 8.36300330e-07 1.80183008e-06 9.94324978e-07 3.54630561e-06
 1.63522873e-06 3.40615156e-06 2.70488931e-06 4.26498400e-06
 2.15561954e-06 4.92183563e-06 2.73071782e-06 4.52617996e-06
 3.80197616e-06 1.00538609e-05 2.40630034e-05 5.83552037e-06
 3.72984755e-06 2.18498872e-06 3.24502139e-06 2.74111517e-06
 2.96063195e-06 3.26631857e-06 6.87634747e-06 5.47052923e-06
 5.70276688e-06 3.52599091e-06 5.62951982e-06 3.03414095e-06
 3.23028985e-06 3.95144070e-06 4.98274085e-06 7.26168628e-06
 3.75495006e-06 7.53862196e-06 5.95455094e-06 6.87589090e-06
 6.80542507e-06 4.66734809e-06 4.66256188e-06 5.77549145e-06
 4.35755874e-06 3.29257273e-06 6.37734911e-06 3.37862548e-06
 7.29630437e-06 4.66834445e-06 1.19762517e-05 7.51620291e-06
 4.93143443e-06 5.38029781e-06 8.92856224e-06 8.57971463e-06
 1.11454528e-05 1.50481310e-05 1.10987057e-05 1.19823271e-05
 5.34786022e-06 1.20399018e-05 4.71002704e-06 9.15766486e-06
 9.66294647e-06 1.47292676e-05 9.57106749e-06 6.62053571e-06
 8.26355608e-06 5.47660238e-06 2.34222753e-05 1.34133479e-05
 1.08463037e-05 4.36865730e-06 7.77743935e-06 1.32121886e-05
 8.09347966e-06 9.52523533e-06 1.85329736e-05 1.45842487e-05
 8.95927496e-06 1.47746714e-05 1.08742379e-05 1.36609679e-05
 1.38334135e-05 1.76313933e-05 1.40902657e-05 8.40852681e-06
 1.58547737e-05 3.40534498e-05 1.40484872e-05 3.28221249e-05
 5.73598045e-05 8.97356767e-06 2.25474851e-05 1.96909441e-05
 1.43582483e-05 6.44579222e-06 3.49914444e-05 3.94809504e-05
 1.62269644e-05 1.46508419e-05 1.90729315e-05 1.44071055e-05
 1.03794964e-05 4.31481931e-05 7.12259935e-05 3.53358155e-05
 2.55012219e-05 3.20413383e-05 9.00890227e-05 7.36193106e-05
 7.43736673e-05 7.07730214e-05 2.66721501e-04 8.70483927e-05
 8.67624258e-05 1.77770606e-04 9.63697021e-05 8.43003218e-05
 3.54483454e-05 3.58599646e-05 3.35260229e-05 4.08506166e-05
 8.31707366e-05 6.30230134e-05 1.38551855e-04 4.75442503e-05
 1.96752753e-05 1.54160189e-05 2.99819203e-05 2.32921102e-05
 2.02523424e-05 9.39247093e-06 2.85176866e-05 7.50982645e-06
 1.16683050e-05 1.55862017e-05 1.78683495e-05 6.45018144e-06
 1.62863798e-05 1.35026321e-05 1.92391908e-05 1.37502548e-05
 8.32319438e-06 5.37281085e-06 3.56607484e-06 5.08944913e-06
 1.35101263e-05 4.16306921e-06 1.18005291e-05 4.31022318e-06
 2.78171615e-06 1.33761778e-05 9.08221500e-06 6.87270449e-06
 7.69620601e-06 8.69512951e-06 2.99665430e-06 1.25798097e-05
 6.48909418e-06 2.51566871e-06 3.71513011e-06 3.05722392e-06
 2.50657217e-06 2.69847919e-06 8.89059265e-07 6.52758490e-06
 1.87800913e-06 1.19104527e-06 7.67781103e-07 8.76748288e-07
 7.37939956e-07 8.04516560e-07 7.96676886e-07 2.27623855e-06
 8.73321369e-07 2.56529233e-07 3.45879045e-07 4.36816748e-07
 2.26323095e-07 4.58391554e-07 3.90486775e-07 2.24518146e-07
 3.81947274e-07 4.47683448e-07 4.68870553e-07 3.59487757e-07
 3.81268677e-07 2.42331595e-07 1.06619950e-07 5.88496043e-08]
[1.63501227e-06 1.53988640e-06 1.75204889e-06 1.90746277e-06
 9.76564024e-07 6.20470757e-07 8.50386868e-07 4.30440281e-07
 3.85563141e-07 4.60242887e-07 3.39460257e-07 4.73390429e-07
 3.26223926e-07 3.99295772e-07 9.11858422e-07 6.72678652e-07
 4.33557574e-07 6.65508423e-07 5.84392467e-07 8.34018863e-07
 7.23461028e-07 5.21780748e-07 1.20218112e-06 1.18312062e-06
 1.72080229e-06 1.47490789e-06 1.30891351e-06 1.51052700e-06
 1.73037768e-06 1.77804350e-06 4.90699495e-06 3.17530089e-06
 7.36528955e-06 2.50046742e-06 2.66764005e-06 2.11268866e-06
 1.32376272e-06 1.22462188e-06 1.44865442e-06 1.42427405e-06
 1.86916020e-06 2.24050018e-06 3.34665197e-06 2.56021849e-06
 2.59994999e-06 7.45352872e-06 3.90019977e-06 1.02330059e-05
 4.00821773e-06 3.17183162e-06 4.54178735e-06 4.27283567e-06
 2.29988632e-06 4.73180262e-06 5.39986513e-06 6.35808146e-06
 4.65421044e-06 6.95931931e-06 9.81425183e-06 5.07945379e-06
 5.33910497e-06 1.21652620e-05 7.30913962e-06 3.08726817e-06
 5.01967725e-06 3.58936154e-06 1.07992319e-05 5.84542386e-06
 4.17654292e-06 4.07948346e-06 9.20066941e-06 1.00984680e-05
 7.93845265e-06 6.76578202e-06 5.34577566e-06 5.23442350e-06
 9.08653783e-06 5.82914026e-06 1.08954482e-05 8.49439584e-06
 6.41417273e-06 9.73355145e-06 2.56083677e-05 1.11997751e-05
 6.38828942e-06 3.49264810e-05 1.02609074e-05 6.88403452e-06
 9.71279678e-06 1.83994925e-05 8.14939358e-06 2.02670908e-05
 7.52397136e-06 1.37424804e-05 1.66483333e-05 7.52162487e-06
 1.15792491e-05 1.23687350e-05 5.12660745e-06 1.24616263e-05
 9.28356440e-06 6.37980565e-06 1.05806612e-05 9.11204279e-06
 1.74950019e-05 1.08253544e-05 3.36562807e-05 1.59220708e-05
 2.71806111e-05 1.10167066e-05 1.03335478e-05 1.51319500e-05
 9.07486537e-06 1.45117692e-05 1.41593300e-05 1.08860504e-05
 1.34941993e-05 1.62250199e-05 1.58638923e-05 1.03726970e-05
 7.86152123e-06 1.50828573e-05 2.13250241e-05 1.32418509e-05
 7.98105975e-05 1.56070109e-05 2.17029137e-05 4.03063386e-05
 1.23515129e-05 1.13104470e-05 4.19974385e-05 3.11035437e-05
 1.65616821e-05 1.20597224e-05 1.91392664e-05 2.01902949e-05
 1.36584276e-05 4.44934667e-05 7.49370083e-05 6.69052679e-05
 5.52938727e-05 6.91867390e-05 1.58152077e-04 1.45419370e-04
 7.22063487e-05 1.50778375e-04 1.09161541e-04 3.65082058e-04
 7.02454054e-05 1.54319845e-04 1.23713093e-04 2.46238797e-05
 3.83901825e-05 6.94564369e-05 9.57815500e-05 1.50393476e-04
 1.84738892e-05 2.51361926e-05 2.92283017e-04 3.90397690e-05
 6.82972313e-05 3.01407345e-05 5.04557574e-05 5.82750472e-05
 3.47028072e-05 6.99975999e-06 1.80805819e-05 3.17171107e-05
 1.05053477e-05 1.28524553e-05 1.59412775e-05 1.23769278e-05
 1.85941190e-05 9.79662673e-06 3.89150809e-05 2.24296182e-05
 1.08103995e-05 1.05468289e-05 2.70542314e-05 5.41588497e-06
 1.14062304e-05 5.17202716e-06 7.86963301e-06 9.35456137e-06
 2.65929611e-05 1.20425002e-05 7.76069191e-06 1.36059871e-05
 1.10250649e-05 4.00281260e-06 1.57440184e-06 2.62450631e-05
 8.44125952e-06 3.82103690e-06 6.61496915e-06 4.15559725e-06
 1.56331419e-06 4.69447104e-06 2.78543962e-06 8.55652900e-07
 1.16823992e-06 2.39556880e-06 2.31458375e-06 2.10196345e-06
 1.07872881e-06 4.54433120e-07 9.08803258e-07 6.32486433e-07
 8.54069640e-07 5.23943129e-07 3.46803148e-07 2.92360596e-07
 8.35486674e-07 4.15086589e-07 4.81926691e-07 4.80860365e-07
 5.64226582e-07 3.43728942e-07 5.45690057e-07 5.40044709e-07
 6.85589612e-07 3.00498925e-07 4.80082925e-08 9.23901311e-08]
[1.58801458e-06 1.51824531e-06 1.86259638e-06 1.40565328e-06
 7.51348125e-07 5.29838871e-07 6.43797478e-07 5.92609297e-07
 4.07284773e-07 5.64430024e-07 4.24958756e-07 3.82849208e-07
 4.68641815e-07 4.00794107e-07 5.01374018e-07 6.63211722e-07
 5.57757460e-07 6.29754197e-07 7.31870102e-07 5.64515915e-07
 6.08656649e-07 1.06645859e-06 1.33084939e-06 1.22365202e-06
 1.13463125e-06 9.51491472e-07 1.70773262e-06 1.59432420e-06
 2.79582787e-06 1.60588195e-06 4.23819210e-06 3.73453736e-06
 2.42593342e-06 6.45799219e-06 6.42606346e-06 3.89350089e-06
 2.14868260e-06 1.80640370e-06 1.99689453e-06 1.75587718e-06
 2.90286630e-06 2.77771755e-06 2.01303601e-06 3.05027356e-06
 3.47127229e-06 4.25785311e-06 4.93270272e-06 1.25441329e-05
 2.28806425e-06 3.10203654e-06 5.85161206e-06 3.37678762e-06
 2.96297526e-06 4.35529864e-06 6.36273944e-06 9.19586000e-06
 7.61419187e-06 9.55299492e-06 1.24010867e-05 1.16562342e-05
 1.18100797e-05 1.30603175e-05 5.90397804e-06 9.23005064e-06
 8.02728118e-06 4.70697842e-06 1.30206645e-05 9.00724353e-06
 4.05080573e-06 4.93618927e-06 8.03199782e-06 8.27770782e-06
 5.45759349e-06 9.32779221e-06 4.74528997e-06 6.23894584e-06
 7.35596814e-06 1.42200142e-05 1.24381186e-05 9.03117234e-06
 1.11546169e-05 1.47816063e-05 1.56440346e-05 1.60964501e-05
 1.81234045e-05 6.81935126e-06 1.57764389e-05 3.41686355e-05
 8.77967341e-06 1.41899918e-05 1.00467332e-05 4.20371362e-05
 3.17649465e-05 1.57051709e-05 1.13723363e-05 1.55416219e-05
 7.45130819e-06 9.95036135e-06 1.86757243e-05 2.30244241e-05
 1.05243007e-05 5.57129306e-06 1.04411884e-05 2.09736154e-05
 5.51153835e-06 4.68696135e-06 8.58535441e-06 9.38715039e-06
 1.43760344e-05 1.04991959e-05 9.05065008e-06 1.78450355e-05
 2.38209450e-05 1.20587256e-05 1.53707424e-05 2.31435788e-05
 1.85315312e-05 2.87932689e-05 3.83306724e-05 3.21872685e-05
 4.45347450e-06 1.72694836e-05 1.23767895e-05 2.20589591e-05
 6.65894331e-05 2.74779522e-05 2.06243003e-05 2.71885019e-05
 2.75793846e-05 1.62979923e-05 1.99486913e-05 1.73350509e-05
 1.73659191e-05 1.52442108e-05 1.15447765e-05 6.09513845e-05
 1.26133755e-05 1.43386778e-05 5.37250417e-05 4.28278436e-05
 4.96880712e-05 7.19809977e-05 9.75213188e-05 5.58862121e-05
 7.66476442e-05 8.74843608e-05 1.68843428e-04 3.77720105e-04
 8.33006125e-05 2.61897454e-04 2.27870070e-04 1.12169910e-04
 9.19047161e-05 2.03266172e-04 1.33188252e-04 2.01580813e-04
 5.66117997e-05 5.72136632e-05 7.85484954e-05 4.04748389e-05
 2.34170293e-05 4.87664111e-05 3.14793579e-05 4.11979090e-05
 1.40023867e-05 1.50350652e-05 2.67602791e-05 4.08567757e-05
 5.83039719e-06 1.34388838e-05 7.02517218e-06 2.06118129e-05
 1.72914242e-05 1.12535963e-05 2.17290635e-05 2.60548495e-05
 7.50464824e-06 1.28157071e-05 7.32370017e-06 1.07564738e-05
 1.34050024e-05 9.33359297e-06 6.10807183e-06 1.11942381e-05
 3.19856881e-05 1.76878530e-05 2.19040612e-05 4.15509976e-06
 3.21509583e-06 3.48954950e-06 2.84175735e-06 3.33478033e-06
 6.11587666e-06 1.35410819e-05 5.25569567e-06 2.84866314e-06
 5.15446118e-06 2.44865646e-06 1.34903019e-06 1.96932479e-06
 1.75091145e-06 1.34737786e-06 2.59627814e-06 8.58102510e-07
 1.65913605e-06 2.24024575e-06 1.04574985e-06 7.43006979e-07
 1.32311663e-06 1.24499331e-06 1.31620573e-06 1.02035062e-06
 2.77371527e-07 4.42181658e-07 3.17260628e-07 3.05320185e-07
 6.19847413e-07 3.69612849e-07 3.18595539e-07 2.81294064e-07
 2.13046178e-07 1.68094644e-07 1.25592919e-07 7.28449621e-08]
[1.93263418e-06 1.72724879e-06 2.39505403e-06 8.71779093e-07
 1.05406014e-06 3.92056421e-07 7.85356008e-07 7.00167902e-07
 3.56034860e-07 5.47574530e-07 4.47858866e-07 3.25226210e-07
 4.19606977e-07 5.20070898e-07 6.01608747e-07 5.83987685e-07
 1.46592754e-06 7.52207086e-07 5.70975033e-07 8.48391437e-07
 4.31939696e-07 4.86643103e-07 9.80813638e-07 8.46752243e-07
 9.65028562e-07 1.28621707e-06 1.71510919e-06 2.10589201e-06
 3.03998536e-06 1.96148653e-06 4.29347119e-06 3.02967760e-06
 2.00734644e-06 2.97692532e-06 2.52247992e-06 2.18767150e-06
 2.92685831e-06 1.25187262e-06 1.70765031e-06 1.23458847e-06
 1.15353191e-06 1.36354140e-06 2.10958274e-06 1.68963288e-06
 1.65913298e-06 4.79517712e-06 3.05362050e-06 6.65089601e-06
 6.09410745e-06 6.54834230e-06 3.48244316e-06 4.11582414e-06
 2.42963665e-06 2.54818065e-06 3.97431540e-06 4.22228914e-06
 4.61884019e-06 9.44262956e-06 8.66761548e-06 1.23718592e-05
 8.73504086e-06 1.03643715e-05 5.19013565e-06 6.20775791e-06
 1.04866494e-05 4.33937566e-06 1.11987583e-05 6.07296306e-06
 4.52351014e-06 3.81466748e-06 6.44897818e-06 6.49144386e-06
 1.28705096e-05 6.56222664e-06 9.30864007e-06 8.55401140e-06
 2.90855860e-06 5.14817430e-06 8.73092631e-06 1.38621690e-05
 1.10126557e-05 4.33746254e-06 7.28263012e-06 6.38576967e-06
 4.67113568e-06 6.07216498e-06 2.15899327e-05 9.58043438e-06
 9.14994325e-06 1.18809621e-05 1.15653629e-05 1.51191334e-05
 2.45441497e-05 1.30723784e-05 1.38865480e-05 5.10990503e-06
 1.98931011e-05 1.11395129e-05 1.96568635e-05 6.59154148e-06
 1.02113054e-05 7.03033038e-06 1.43521656e-05 1.52598495e-05
 1.30732360e-05 8.77704861e-06 1.05557738e-05 7.49718083e-06
 1.03534403e-05 1.39993235e-05 7.53801714e-06 1.74672841e-05
 1.34626089e-05 1.27791100e-05 2.99584408e-05 1.97483441e-05
 2.22530944e-05 1.07555170e-05 9.28423742e-06 1.19151910e-05
 1.11411327e-05 1.00088937e-05 1.14577606e-05 8.01501756e-06
 5.25166361e-05 1.45494569e-05 9.67810411e-06 1.67479539e-05
 2.34060335e-05 2.41516245e-05 3.54388721e-05 1.97232985e-05
 7.60481771e-06 1.44199012e-05 1.18721291e-05 2.44875337e-05
 2.99505482e-05 1.68061506e-05 3.49292568e-05 1.52304201e-05
 6.01515312e-05 9.04910194e-05 3.21868938e-05 2.78934109e-04
 7.26619110e-05 3.64016421e-04 1.18242540e-04 2.34616222e-04
 8.56168335e-05 4.86584286e-05 1.91014304e-04 7.18624724e-05
 6.40192666e-05 1.00102006e-04 1.82708551e-04 1.14128343e-04
 1.60353025e-04 2.39846122e-05 1.53614546e-05 2.51091460e-05
 4.01180259e-05 1.57819431e-05 2.84829530e-05 5.38427594e-05
 4.10393222e-05 4.78061884e-05 3.13020828e-05 1.25797196e-05
 2.00179566e-05 1.46958728e-05 2.33583833e-05 1.30503513e-05
 1.73346070e-05 2.65859835e-05 1.33685389e-05 1.95918783e-05
 1.26937994e-05 1.89430193e-05 1.20543882e-05 7.46724936e-06
 5.47145237e-06 3.91884350e-06 1.27122285e-05 1.24467324e-05
 8.75347087e-06 9.93632875e-06 1.24160879e-05 4.07660946e-06
 2.95294558e-06 6.51685559e-06 1.17715035e-05 4.97183873e-06
 4.04879620e-06 1.37227025e-05 8.07622473e-06 8.31245416e-06
 6.37127914e-06 4.66327037e-06 7.15280112e-06 8.38683263e-06
 6.65131665e-06 2.71677709e-06 3.08232370e-06 2.93021026e-06
 1.41721250e-06 9.65115191e-07 1.34522190e-06 1.86688249e-06
 1.60830950e-06 4.82579935e-07 6.26526344e-07 7.93615982e-07
 6.17982835e-07 2.78924517e-07 5.59740272e-07 2.94587068e-07
 6.42936357e-07 6.08760331e-07 3.27752872e-07 1.99403203e-07
 2.56329457e-07 1.08904061e-07 2.17492911e-07 9.36796596e-08]
[1.72159741e-06 1.68729855e-06 1.30656952e-06 1.33935191e-06
 1.22719894e-06 7.45263151e-07 4.85907037e-07 5.79080847e-07
 3.36807346e-07 3.32937617e-07 4.30922313e-07 7.61947206e-07
 4.41876608e-07 5.24487803e-07 4.70738996e-07 7.45202726e-07
 6.54594260e-07 7.66256164e-07 8.14414022e-07 8.38075550e-07
 9.95953997e-07 9.71303621e-07 1.06230107e-06 1.23450843e-06
 1.22013159e-06 8.40651353e-07 1.35772837e-06 3.73439684e-06
 3.13198802e-06 1.63692084e-06 2.14397983e-06 3.13842361e-06
 3.04487298e-06 5.00507076e-06 4.03981221e-06 1.77618722e-06
 1.80321274e-06 1.19863864e-06 1.30219962e-06 2.42139549e-06
 1.27831208e-06 2.69135671e-06 1.46897901e-06 1.29437331e-06
 1.16489173e-06 1.84437442e-06 5.27045586e-06 1.58465718e-05
 4.54811243e-06 3.23682775e-06 3.14484828e-06 2.70344685e-06
 2.99119415e-06 2.05375795e-06 4.41290604e-06 8.55293092e-06
 6.77427897e-06 5.40193287e-06 6.30055183e-06 6.28754378e-06
 5.54907683e-06 6.63572018e-06 5.90027366e-06 7.07962181e-06
 1.76824924e-05 1.06052530e-05 5.33422781e-06 1.18587413e-05
 5.85518865e-06 4.20386323e-06 6.86097110e-06 1.64538669e-05
 9.66508742e-06 8.30308545e-06 5.07559662e-06 9.12083306e-06
 5.05661001e-06 1.34682150e-05 2.56169151e-05 1.45362783e-05
 7.81297058e-06 5.54058215e-06 5.21139600e-06 6.38812571e-06
 6.50800939e-06 4.25251710e-06 3.09812890e-06 8.46518833e-06
 8.88504292e-06 3.30605849e-06 7.80944265e-06 8.36283198e-06
 4.45006617e-06 1.48441250e-05 1.76436042e-05 1.18710532e-05
 1.22336542e-05 1.56847018e-05 2.68159420e-05 1.61629887e-05
 2.00062987e-05 8.85812824e-06 1.01966734e-05 1.06345951e-05
 1.07339156e-05 8.58519616e-06 9.85002498e-06 8.96714664e-06
 1.03045277e-05 1.54259615e-05 2.18470468e-05 2.53476173e-05
 3.10361502e-05 9.24823235e-06 3.20055442e-05 4.75177912e-05
 1.05376821e-05 6.25798157e-06 2.17597608e-05 3.55860939e-05
 1.31868701e-05 2.02420615e-05 9.35438220e-06 1.18359249e-05
 1.41683558e-05 1.60325926e-05 1.78266910e-05 1.71887932e-05
 1.44002770e-05 4.65719604e-05 7.23244666e-05 2.26866377e-05
 9.00032774e-06 9.88892589e-06 2.04183543e-05 2.66766729e-05
 2.22722501e-05 4.86332574e-05 2.77160489e-05 1.66796472e-05
 1.10464636e-04 6.44969914e-05 7.19796881e-05 1.26359329e-04
 3.79009107e-05 8.38778578e-05 9.30674141e-05 8.42626250e-05
 5.67134375e-05 8.52254161e-05 1.15618692e-04 4.61842254e-04
 1.11895140e-04 6.65321058e-05 1.17412557e-04 5.79409243e-05
 5.05822281e-05 3.72621289e-05 2.39326673e-05 3.86543652e-05
 1.46699795e-05 2.70040036e-05 4.75484703e-05 2.44611056e-05
 2.91360284e-05 8.35499086e-05 1.29546679e-05 2.68525182e-05
 2.74855392e-05 2.41951784e-05 1.46441007e-05 1.56353344e-05
 6.54391397e-06 3.16516998e-05 9.06034620e-05 6.92351969e-05
 9.71426289e-06 2.43956656e-05 6.22760999e-05 9.51058337e-06
 2.91988199e-05 1.72454165e-05 9.04646549e-06 4.88458818e-06
 7.58019587e-06 1.41384999e-05 2.61841774e-06 3.24699140e-05
 8.75256683e-06 4.39069890e-06 1.09736347e-05 1.39593731e-05
 4.26853012e-06 2.95067480e-06 7.37800656e-06 2.30912724e-06
 3.19943933e-06 2.46312243e-06 1.50795995e-06 3.60582635e-06
 2.37617041e-06 4.10284838e-06 1.50977496e-06 2.08990059e-06
 1.28699264e-06 6.15384522e-07 7.11129644e-07 9.87868475e-07
 1.32333423e-06 1.81153780e-06 1.98240400e-06 1.11151223e-06
 2.41175417e-06 2.73752107e-07 1.51348260e-07 4.06945560e-07
 8.98590145e-07 1.16295996e-06 9.49028163e-07 3.96966954e-07
 2.45646248e-07 3.19238467e-07 1.28645283e-07 9.67341762e-08]
[1.95908342e-06 1.75212210e-06 2.25498366e-06 2.52501218e-06
 1.48292872e-06 7.67281108e-07 8.94300456e-07 6.27901272e-07
 8.29904081e-07 5.60508454e-07 7.58261933e-07 7.12430221e-07
 4.53550825e-07 4.29186684e-07 1.12916894e-06 1.64060384e-06
 1.22234428e-06 1.03726506e-06 1.07880476e-06 1.03956063e-06
 5.76684442e-07 8.53300890e-07 1.37345876e-06 1.40291377e-06
 1.56697104e-06 1.84932742e-06 3.51393464e-06 2.31526678e-06
 1.97175382e-06 2.17776415e-06 1.28724344e-06 2.68157169e-06
 2.14221905e-06 1.73392175e-06 6.40917460e-06 1.91782146e-06
 2.61083665e-06 1.70945475e-06 1.60931984e-06 1.77879099e-06
 2.26510497e-06 1.93554479e-06 2.35160337e-06 1.67799135e-06
 2.36562710e-06 2.61474793e-06 7.03675460e-06 7.82962434e-06
 7.14147200e-06 5.66402014e-06 6.49309413e-06 9.77588297e-06
 4.45827891e-06 3.19988339e-06 6.27942063e-06 6.45344335e-06
 4.29701322e-06 2.80927566e-06 4.63335027e-06 4.86936869e-06
 5.58742568e-06 5.62299329e-06 1.04867186e-05 8.21517915e-06
 8.22436505e-06 1.08083550e-05 1.36231511e-05 9.58751389e-06
 1.07563974e-05 8.03325747e-06 1.54374829e-05 1.51488321e-05
 1.72555792e-05 1.91746094e-05 1.03058483e-05 6.45037653e-06
 6.52394738e-06 8.48469881e-06 4.82198411e-05 7.02876287e-06
 9.25462246e-06 4.30991940e-06 6.55360191e-06 6.61522563e-06
 5.53969357e-06 4.07472726e-06 9.76498632e-06 4.69954057e-06
 1.03833263e-05 1.08145905e-05 5.44981276e-06 6.44883175e-06
 7.11822349e-06 5.15797910e-06 8.30447334e-06 1.00941716e-05
 7.61556657e-06 8.26750238e-06 1.47816436e-05 4.28569074e-05
 2.40478894e-05 1.59706415e-05 1.31718480e-05 2.05689412e-05
 1.35387718e-05 1.41680239e-05 9.36407469e-06 5.24054622e-06
 2.44874918e-05 6.05762580e-05 3.72836548e-05 2.87010753e-05
 5.17358312e-05 1.14201393e-05 1.35976870e-05 1.14714903e-05
 1.49411762e-05 1.31943843e-05 4.87854595e-05 1.98930011e-05
 2.06922759e-05 1.99091955e-05 1.93052165e-05 2.72275192e-05
 4.06866020e-05 6.55007680e-05 2.78563184e-05 3.38824648e-05
 2.32035236e-05 2.39566507e-05 3.43175270e-05 5.61838970e-05
 4.60273477e-05 2.29775669e-05 5.48082644e-05 5.53479658e-05
 1.96163437e-05 4.06184881e-05 5.72313620e-05 1.81569616e-04
 2.58072920e-04 1.65546953e-04 2.00729424e-04 5.03536903e-05
 1.91734915e-04 1.14662667e-04 1.35799914e-04 1.30413115e-04
 1.17502816e-04 1.30372209e-04 3.18527658e-04 1.32573754e-04
 2.42569731e-04 2.04540192e-04 1.48155814e-04 7.42394041e-05
 4.35882648e-05 6.96520510e-05 1.54138310e-04 8.33951708e-05
 6.75897682e-05 5.98984298e-05 5.13199011e-05 9.31163595e-05
 2.03801756e-05 1.58482962e-05 3.39001854e-05 1.72637610e-05
 4.46951453e-05 3.51969029e-05 1.68833230e-05 1.18383859e-05
 1.73747085e-05 9.35448134e-06 2.72402303e-05 3.36041085e-05
 3.55844932e-05 1.08677559e-05 1.80899351e-05 3.48516369e-05
 1.24259686e-05 6.15147655e-06 2.08639176e-05 9.69968187e-06
 1.77026650e-05 4.84955490e-05 1.55783036e-05 2.27202713e-06
 4.42965393e-06 5.35774643e-06 4.54337396e-06 2.99755561e-06
 2.14287411e-06 1.06542927e-06 4.73607224e-06 1.05142601e-06
 7.50137360e-06 1.71098020e-06 2.26409679e-06 3.05969115e-06
 6.33270361e-07 1.10854046e-06 4.43785075e-06 1.90831383e-06
 1.10837982e-06 6.85530665e-07 1.98720841e-06 2.25345298e-06
 2.21723553e-06 1.72730563e-06 1.81606003e-06 4.93900529e-07
 3.59040314e-07 2.10014903e-07 3.88264851e-07 4.02020760e-07
 5.22274433e-07 6.87006661e-07 1.28011072e-06 1.29384432e-06
 6.93511709e-07 2.18970129e-07 1.43077429e-07 9.72208696e-08]
[1.64690937e-06 3.06774314e-06 2.57874012e-06 2.18861646e-06
 9.13931387e-07 6.16106888e-07 5.37685935e-07 1.17860407e-06
 8.19039087e-07 6.41077747e-07 4.32547040e-07 6.51926541e-07
 6.13615896e-07 4.38728762e-07 1.14851218e-06 1.26795749e-06
 1.40696159e-06 1.44810622e-06 5.93221273e-07 7.51545883e-07
 8.32063051e-07 7.45345289e-07 1.37775680e-06 1.59666888e-06
 1.21402820e-06 1.65867414e-06 3.44193745e-06 3.52401617e-06
 3.44438081e-06 3.01246541e-06 2.02361457e-06 1.72319244e-06
 2.26055749e-06 1.78287155e-06 2.15232285e-06 2.15459727e-06
 2.74703893e-06 2.41448765e-06 1.73842989e-06 2.37291806e-06
 2.73891578e-06 2.97274437e-06 1.49406242e-06 2.39260703e-06
 2.90291496e-06 2.51937331e-06 6.52074459e-06 3.28763963e-06
 4.44235957e-06 2.77814615e-06 4.45184014e-06 5.76419734e-06
 4.87978969e-06 5.46887713e-06 6.11903170e-06 3.73646049e-06
 3.00248462e-06 1.87152739e-06 6.54013229e-06 4.81236611e-06
 3.32254672e-06 6.14551800e-06 4.20137894e-06 7.00155215e-06
 7.79526363e-06 7.80367645e-06 8.47909632e-06 1.01733158e-05
 6.97415226e-06 6.45919135e-06 1.04042492e-05 1.37424968e-05
 1.95020111e-05 8.93827837e-06 1.11317086e-05 4.11545952e-05
 1.55469297e-05 7.12859037e-06 7.75831450e-06 1.47299388e-05
 9.04055923e-06 3.42088128e-06 2.56568160e-06 3.09132724e-06
 4.62046319e-06 7.94253265e-06 7.06486981e-06 6.99543625e-06
 4.68821054e-06 7.46182786e-06 5.70212978e-06 9.93690173e-06
 8.89247622e-06 7.04280183e-06 1.88206395e-05 1.16483034e-05
 5.20237882e-06 1.59693100e-05 1.19859551e-05 2.75225993e-05
 4.96486064e-06 9.74620070e-06 1.51320646e-05 4.28215026e-05
 1.97276422e-05 1.04196943e-05 6.55549275e-06 1.23130803e-05
 2.81471348e-05 1.55528032e-05 1.45068980e-05 2.64246100e-05
 3.00149259e-05 1.71518350e-05 1.34110714e-05 1.32047271e-05
 2.02070096e-05 1.33474596e-05 1.06587613e-05 4.05218198e-05
 2.95237278e-05 1.99135502e-05 1.41471783e-05 1.51673676e-05
 2.38587691e-05 3.19163082e-05 1.61195585e-05 3.35077202e-05
 3.00532211e-05 3.00538159e-05 1.81211562e-05 2.33296942e-05
 1.66197369e-05 2.68657168e-05 6.12278673e-05 5.82933717e-05
 3.15132020e-05 2.28836343e-05 5.19790665e-05 1.68658051e-04
 2.07154153e-04 1.21694808e-04 2.91007982e-05 1.22979094e-04
 1.75754307e-04 1.83402401e-04 2.04851734e-04 2.21491457e-04
 7.49763931e-05 2.00251001e-04 2.03867021e-04 2.13299369e-04
 1.93492087e-04 2.88011419e-04 1.07051455e-04 1.17152937e-04
 5.65556984e-05 2.87161092e-05 7.80583141e-05 5.96189384e-05
 8.46494513e-05 1.41932360e-05 3.10535870e-05 1.77870679e-04
 4.01341385e-05 3.29107679e-05 2.83629470e-05 1.25303595e-05
 8.26808100e-05 2.44803068e-05 1.63070017e-05 2.26237480e-05
 1.99201968e-05 1.79888539e-05 1.89286129e-05 2.13915973e-05
 1.59815736e-05 1.61565113e-05 1.09592866e-05 3.96607538e-05
 1.18886683e-05 1.97821191e-05 5.85636371e-06 1.05688778e-05
 1.18019962e-05 2.09340269e-05 3.41023297e-05 8.10240908e-06
 6.67699896e-06 1.52146606e-06 3.01884597e-06 1.33544052e-06
 3.48743492e-06 1.64586299e-06 2.71202248e-06 4.65509265e-06
 7.89875139e-06 1.36801020e-06 8.11197879e-06 4.73618093e-06
 7.62144907e-07 8.61661817e-07 3.10388600e-06 2.20778588e-06
 8.81396772e-07 5.09702943e-07 8.85931740e-07 2.57864303e-06
 3.66919267e-06 1.19951301e-06 5.29012596e-07 8.83664143e-07
 4.21918884e-07 6.36428240e-07 8.96572658e-07 5.33123284e-07
 1.66875850e-07 1.98631710e-07 8.16436398e-07 1.15082014e-06
 4.87225350e-07 1.30346493e-07 2.61905029e-07 7.42046282e-08]
[1.28119018e-06 2.90727462e-06 9.76217166e-07 1.49574043e-06
 1.17462048e-06 3.90876863e-07 4.36548817e-07 7.25904385e-07
 5.70798647e-07 4.92544530e-07 5.37669791e-07 4.09856881e-07
 6.27039356e-07 2.78914797e-07 5.11026485e-07 1.06034975e-06
 1.05947538e-06 8.58909686e-07 6.67962411e-07 9.02293323e-07
 4.86646684e-07 6.69257190e-07 9.18771605e-07 9.53073197e-07
 1.76456342e-06 2.61601167e-06 4.54800420e-06 3.20192771e-06
 1.58876662e-06 2.09271798e-06 1.85775571e-06 1.46498769e-06
 1.71894089e-06 1.28140471e-06 2.18890477e-06 2.24883934e-06
 1.51298889e-06 1.99223086e-06 1.88620822e-06 1.47006870e-06
 1.52259042e-06 1.68797942e-06 2.74461240e-06 1.13251315e-06
 1.66120788e-06 2.77987078e-06 1.66182826e-06 2.09308382e-06
 2.53516714e-06 2.75722937e-06 2.81826738e-06 4.12024701e-06
 3.77423271e-06 4.13303542e-06 2.96420080e-06 3.01533964e-06
 1.41284090e-06 1.74574870e-06 3.75394688e-06 4.09002087e-06
 6.00629073e-06 7.79504353e-06 5.05095841e-06 5.95025085e-06
 6.06320100e-06 3.23738573e-06 9.62337799e-06 6.15638373e-06
 5.42402677e-06 3.36326411e-06 8.67952349e-06 7.71523264e-06
 6.70410873e-06 5.76720413e-06 1.30052476e-05 8.10946221e-06
 6.09271183e-06 4.66213123e-06 1.18867247e-05 5.20442836e-06
 4.64703680e-06 3.48203207e-06 3.13452597e-06 2.75916136e-06
 4.72432794e-06 4.60065303e-06 4.86776480e-06 5.02127023e-06
 4.11422525e-06 5.60239505e-06 5.70777547e-06 6.30135219e-06
 4.46037393e-06 8.35857008e-06 1.19794286e-05 6.14140527e-06
 4.98644522e-06 1.00208817e-05 7.61880074e-06 7.15717351e-06
 7.04827971e-06 6.69105293e-06 4.96527764e-06 1.66066529e-05
 1.90605770e-05 1.10339033e-05 1.36597228e-05 9.05310026e-06
 1.90889350e-05 2.58807941e-05 1.47922328e-05 2.24363048e-05
 3.57833524e-05 1.85223271e-05 1.21172698e-05 1.03389038e-05
 1.09854118e-05 1.30266926e-05 1.62376455e-05 1.12513299e-05
 1.27822977e-05 1.16276524e-05 1.13975693e-05 1.76971444e-05
 1.74444267e-05 4.32697379e-05 1.11359923e-05 1.10696892e-05
 1.03681114e-05 1.83867451e-05 1.57618051e-05 3.87533801e-05
 1.14062959e-05 2.24077230e-05 4.43887839e-05 4.39962314e-05
 2.05933538e-05 7.48742459e-05 3.58034922e-05 1.60361833e-05
 8.44063834e-05 8.17747787e-05 7.50261534e-05 7.97480316e-05
 7.53125860e-05 1.01779005e-04 2.06261015e-04 2.02670155e-04
 1.53085784e-04 1.06823667e-04 2.14353204e-04 2.55430816e-04
 1.62670432e-04 1.94802516e-04 1.05594576e-04 4.89853410e-05
 1.31923603e-04 1.17381045e-04 9.00136729e-05 4.98423869e-05
 1.91998570e-05 2.19262347e-05 4.45728983e-05 6.31959192e-05
 2.54930055e-05 2.97426304e-05 2.73346814e-05 8.48803938e-06
 3.16284786e-05 3.93310111e-05 1.88804261e-05 3.54810327e-05
 1.59611463e-05 5.90035816e-05 1.27227677e-05 6.01414067e-05
 1.60585187e-05 1.81492269e-05 1.55889447e-05 6.56909424e-06
 1.81414107e-05 1.80335119e-05 3.73791845e-05 1.55687667e-05
 9.10767722e-06 7.87006502e-06 6.56628390e-06 1.18417729e-05
 1.69171028e-06 4.24788459e-06 7.05325010e-06 3.83206270e-06
 1.74602008e-06 4.71991189e-06 6.70508643e-06 6.72925444e-06
 1.10597728e-06 1.34210711e-06 5.49143670e-06 5.62381138e-06
 1.35065557e-06 2.29917282e-06 1.09880693e-06 1.64569121e-06
 9.78527055e-07 9.84805865e-07 6.37393953e-07 6.32411002e-07
 7.12685051e-07 1.16742831e-06 6.58826366e-07 6.65264224e-07
 4.81929249e-07 5.15208455e-07 3.39860975e-07 3.35667409e-07
 2.29142799e-07 1.24542623e-07 2.77594580e-07 3.59868750e-07
 2.04584452e-07 9.77985906e-08 4.36617889e-08 8.92515644e-08]
[4.27897390e-07 8.81558663e-07 7.34375533e-07 7.85903751e-07
 6.07531433e-07 4.31042963e-07 4.16370540e-07 5.23617018e-07
 2.52459671e-07 2.17951211e-07 3.95748430e-07 6.96668110e-07
 5.50363950e-07 7.53894710e-07 4.52748480e-07 6.72908470e-07
 6.24957352e-07 6.42860471e-07 6.56918303e-07 6.59216994e-07
 7.33603599e-07 5.72226838e-07 1.00668888e-06 1.57210434e-06
 2.00621844e-06 1.09047994e-06 2.96171606e-06 2.14315173e-06
 1.66670713e-06 1.06716629e-06 7.59674094e-07 9.16223144e-07
 1.74907109e-06 1.18546643e-06 1.37818324e-06 9.65298227e-07
 1.29910234e-06 1.41621911e-06 1.86679699e-06 2.51378765e-06
 1.72708667e-06 1.02856416e-06 1.16943340e-06 1.04036906e-06
 8.11161726e-07 1.83837381e-06 1.87760634e-06 1.76497360e-06
 1.64246433e-06 2.34583217e-06 3.22669803e-06 3.57609679e-06
 2.10736948e-06 2.52219547e-06 3.52471875e-06 2.20241486e-06
 2.46219952e-06 1.50855749e-06 3.64151560e-06 2.85827741e-06
 4.78486800e-06 2.13849466e-06 5.85956695e-06 5.08165249e-06
 2.83936265e-06 3.62896276e-06 2.84874272e-06 7.52695087e-06
 5.10371819e-06 3.06890138e-06 3.40284441e-06 4.53953589e-06
 3.13658643e-06 6.42182886e-06 1.07245614e-05 8.61012450e-06
 5.85339149e-06 3.87668570e-06 6.01831925e-06 4.61601530e-06
 3.53716678e-06 3.67976168e-06 2.57630722e-06 7.02149964e-06
 4.30212140e-06 4.77610274e-06 4.32535626e-06 4.15375052e-06
 4.18437457e-06 6.93863285e-06 7.19732634e-06 1.22512329e-05
 4.66255415e-06 3.65542837e-06 6.00943304e-06 5.99898658e-06
 1.05660793e-05 8.43022372e-06 1.93146479e-05 5.91695789e-06
 5.59218779e-06 8.15804469e-06 1.95079465e-05 1.41453465e-05
 8.94800814e-06 9.53032304e-06 1.45234808e-05 8.05116997e-06
 7.46191790e-06 1.74256802e-05 2.76854316e-05 2.89889649e-05
 1.71813354e-05 6.03499711e-06 2.35132393e-05 1.48150930e-05
 1.04420915e-05 8.55131475e-06 9.23314474e-06 8.62655634e-06
 9.07053709e-06 8.77661751e-06 9.95878781e-06 3.06771581e-05
 2.94174406e-05 9.80493860e-06 2.82938581e-05 2.54685347e-05
 1.71852880e-05 1.13207088e-05 1.83212887e-05 1.67640555e-05
 1.25135375e-05 2.68908771e-05 1.28548863e-05 3.83526894e-05
 3.26136687e-05 8.34426392e-05 2.91053584e-05 7.60993935e-05
 1.27885593e-04 9.25178683e-05 1.67350299e-04 1.23388701e-04
 1.57731978e-04 1.21608202e-04 3.03332839e-04 1.19778357e-04
 9.40417012e-05 7.03949772e-05 1.32463829e-04 8.01383503e-05
 5.18741836e-05 2.05806482e-05 1.90681421e-05 2.97536844e-05
 6.24853492e-05 1.51410815e-04 7.72013955e-05 8.65110997e-05
 2.87597741e-05 2.56439234e-05 2.52860973e-05 3.69366935e-05
 3.61526691e-05 1.32192945e-05 3.98418524e-05 4.20729666e-05
 1.29434329e-05 1.36727567e-05 4.48908722e-05 7.07180079e-05
 4.57962997e-05 1.92371845e-05 2.60474699e-05 1.17068448e-04
 1.67389098e-05 1.50830429e-05 3.89823663e-06 2.86320628e-05
 1.42515446e-05 1.04566680e-05 1.00502684e-05 2.43951745e-05
 1.69790073e-05 2.27756518e-05 4.71144176e-06 2.65151198e-06
 7.51197376e-06 2.33928426e-06 7.38142126e-06 4.04683897e-06
 5.00250280e-06 1.81723735e-05 4.05021729e-06 1.25087888e-06
 2.22096810e-06 2.92543632e-06 3.21233279e-06 1.88721981e-06
 1.62799552e-06 8.85756265e-07 7.28128782e-07 9.09241010e-07
 5.63639617e-07 3.67293751e-07 8.99274937e-07 1.64187850e-06
 1.45609044e-06 6.73230318e-07 1.34757965e-06 3.42547054e-07
 4.48777456e-07 9.71236545e-07 2.74954488e-07 3.31927680e-07
 2.74562666e-07 1.73831950e-07 3.45263430e-07 2.38158194e-07
 8.46211208e-08 1.62677864e-07 1.17627529e-07 7.53214877e-08]
[9.23393145e-07 1.14295574e-06 1.91892673e-06 1.17918091e-06
 7.15241015e-07 7.28959492e-07 6.17738635e-07 6.91219839e-07
 5.34633443e-07 3.85814246e-07 5.75229762e-07 8.38836058e-07
 6.88468901e-07 6.72431042e-07 1.11099178e-06 7.04422007e-07
 1.00782597e-06 9.53474228e-07 1.10564156e-06 1.30184219e-06
 8.71306554e-07 8.98003407e-07 1.59519061e-06 1.33159210e-06
 2.41184875e-06 1.72225589e-06 2.33802916e-06 1.90570097e-06
 2.22372250e-06 1.22509914e-06 1.45772890e-06 1.18275318e-06
 1.23170889e-06 6.07037293e-07 1.42135161e-06 1.70780856e-06
 1.12393786e-06 8.14612179e-07 1.53114445e-06 1.89488674e-06
 1.19415165e-06 1.37322593e-06 2.40574809e-06 8.08653169e-07
 1.69866928e-06 2.30024148e-06 4.09416361e-06 6.20250330e-06
 2.06666664e-06 1.55559883e-06 4.55656527e-06 2.01425155e-06
 1.20431434e-06 1.44544356e-06 3.52431675e-06 3.16734236e-06
 1.58254204e-06 2.01982516e-06 3.18792286e-06 2.04695243e-06
 2.01563876e-06 4.00951149e-06 8.33555168e-06 3.84048371e-06
 4.02962678e-06 3.40986094e-06 5.97813232e-06 5.90026457e-06
 3.86395459e-06 3.36542939e-06 1.11329182e-05 7.76588149e-06
 5.66359267e-06 4.39304722e-06 1.49359885e-05 5.61474008e-06
 7.55455449e-06 5.53777363e-06 4.69556244e-06 5.79209336e-06
 4.67414247e-06 3.69648478e-06 3.99251667e-06 6.38621214e-06
 5.35767276e-06 4.97896508e-06 4.01348780e-06 1.94573045e-06
 2.90547700e-06 3.92327502e-06 9.65288382e-06 7.72737349e-06
 6.68927896e-06 5.41390909e-06 5.91313074e-06 6.14231612e-06
 5.30820580e-06 6.54600944e-06 7.28623263e-06 1.07983187e-05
 6.06650474e-06 1.06023399e-05 1.79615563e-05 9.40202608e-06
 9.98054475e-06 1.05507925e-05 1.56317947e-05 1.22079409e-05
 6.37177209e-06 2.12761388e-05 2.71144472e-05 1.26193045e-05
 1.44608684e-05 2.36199321e-05 3.40008301e-05 5.29220306e-05
 3.27498819e-05 1.85407353e-05 2.26740540e-05 1.06979505e-05
 9.20418643e-06 1.74289598e-05 1.79662948e-05 1.09587018e-05
 7.29132125e-06 6.96130701e-06 3.63659638e-05 2.69487155e-05
 1.67419257e-05 9.44121621e-06 1.51955101e-05 1.25803608e-05
 2.62690155e-05 2.13542953e-05 2.00045779e-05 1.83523280e-05
 2.44621096e-05 9.01080421e-05 9.37426303e-05 5.07131917e-05
 4.30040127e-05 1.41677403e-04 3.59590282e-04 1.72261789e-04
 8.53628386e-04 1.20774668e-04 2.26019125e-04 9.48564557e-05
 1.02865451e-04 8.05138843e-05 6.66497217e-05 1.13621623e-04
 1.58062423e-04 5.83797664e-05 8.21484064e-05 1.12805719e-04
 3.71877213e-05 5.14217500e-05 4.47274178e-05 4.54161091e-05
 7.20614480e-05 1.87079877e-05 6.17577243e-05 1.50513733e-04
 9.60494435e-05 1.92219140e-05 9.48786110e-05 1.67662205e-04
 5.26207878e-05 2.90345397e-05 1.51034883e-05 1.40480799e-04
 2.30076432e-04 3.31975280e-05 2.10060971e-05 1.60164909e-05
 1.78580576e-05 5.99833538e-06 1.77534766e-05 2.32288385e-05
 1.14849609e-05 9.34603759e-06 1.74739471e-05 2.43250688e-05
 8.40222037e-06 2.59827357e-06 1.69583527e-05 9.21744413e-06
 6.03711169e-06 3.63446065e-06 9.04653916e-06 5.47293530e-06
 5.83360861e-06 2.83157465e-06 8.92375192e-06 6.89851731e-06
 5.93686900e-06 1.86868022e-06 1.60901948e-06 1.58177829e-06
 1.86206614e-06 2.24844894e-06 2.03835293e-06 4.97846145e-07
 3.80518668e-06 6.59003490e-07 8.74012358e-07 3.75349003e-07
 5.04392801e-07 9.60551461e-07 1.02695844e-06 6.60155536e-07
 1.77969105e-06 1.70942883e-07 1.14177544e-06 3.52169906e-07
 2.72245131e-07 2.01819205e-07 3.17164108e-07 2.74898184e-07
 1.87280150e-07 2.16223654e-07 2.43734547e-07 1.11069056e-07]
[8.72793123e-07 1.25669942e-06 8.96772747e-07 1.61670880e-06
 6.68509699e-07 6.84693134e-07 6.51884136e-07 6.32003037e-07
 2.90593874e-07 5.61935963e-07 7.89276385e-07 4.92635479e-07
 5.36260870e-07 6.92310948e-07 1.27896817e-06 1.14606769e-06
 1.10848760e-06 1.36566530e-06 8.78388335e-07 1.54077213e-06
 1.70440160e-06 1.52639461e-06 2.62501180e-06 3.31337469e-06
 1.92463631e-06 2.96739950e-06 2.17028423e-06 1.80139671e-06
 1.42807255e-06 1.05352956e-06 1.68311681e-06 7.32054843e-07
 1.36510891e-06 1.15918760e-06 1.36252822e-06 1.90112496e-06
 1.24788471e-06 2.24888117e-06 1.71767772e-06 1.96455585e-06
 1.25890881e-06 1.50239509e-06 8.88336956e-07 2.28903718e-06
 1.34575885e-06 1.32786602e-06 1.70889268e-06 3.29311388e-06
 1.99685314e-06 1.91032291e-06 1.28315435e-06 2.04600542e-06
 9.47045464e-07 1.61206708e-06 2.50687253e-06 3.38704922e-06
 2.02068895e-06 2.82317046e-06 2.56797989e-06 3.58400689e-06
 6.20856554e-06 4.51523965e-06 5.72183990e-06 4.59143212e-06
 3.37374900e-06 2.19156482e-06 5.04149784e-06 3.97602753e-06
 3.23742915e-06 9.73278929e-06 6.99563179e-06 7.33808383e-06
 1.07037122e-05 1.75116784e-05 1.04011342e-05 1.04499595e-05
 5.28958162e-06 8.47541469e-06 6.79591039e-06 5.92465221e-06
 4.30003138e-06 2.84866292e-06 4.11368819e-06 4.06658410e-06
 4.75495608e-06 5.42281123e-06 4.53871917e-06 8.84777273e-06
 3.18129719e-06 5.60154467e-06 4.57241276e-06 6.82570908e-06
 4.52903896e-06 3.33876847e-06 4.39290807e-06 1.24049720e-05
 5.21954644e-06 7.62216223e-06 9.24672077e-06 1.51806271e-05
 5.19898640e-06 6.66851156e-06 1.31973293e-05 7.91946604e-06
 6.42487430e-06 7.56290819e-06 1.37016423e-05 1.61174703e-05
 9.89320961e-06 9.11519874e-06 2.38112498e-05 1.58986459e-05
 1.68660972e-05 3.31446390e-05 2.15039017e-05 3.97401709e-05
 2.43811719e-05 1.86792404e-05 1.20506011e-05 1.56387632e-05
 8.86846010e-06 2.34244708e-05 1.59665051e-05 7.99374448e-06
 1.82602489e-05 2.34567924e-05 2.57541233e-05 3.01543405e-05
 1.94160893e-05 2.03828404e-05 1.50939186e-05 5.34937317e-05
 2.43205668e-05 2.85281149e-05 2.06317181e-05 2.52819245e-05
 5.74820551e-05 7.12029796e-05 6.50986622e-05 5.15117426e-05
 8.71467855e-05 1.20774865e-04 1.13386537e-04 1.22321886e-04
 1.45435857e-04 3.72317736e-04 1.12250389e-04 9.48859451e-05
 1.17902178e-04 1.02992861e-04 1.97985908e-04 3.48467962e-04
 1.43423269e-04 1.17343334e-04 1.46636157e-04 8.02516006e-05
 9.51693146e-05 4.47528109e-05 4.29030333e-05 4.43163444e-05
 7.75940061e-05 7.10026870e-05 1.56865972e-05 5.19257737e-05
 2.45287010e-05 3.15764555e-05 7.35672293e-05 8.34911843e-05
 4.93432599e-05 1.11731197e-05 2.89520758e-05 1.12781541e-04
 2.21019272e-05 2.17615689e-05 9.86841333e-05 2.18337027e-05
 1.79765393e-05 3.02726676e-05 7.42459406e-06 4.71080330e-06
 8.41264136e-06 2.35244879e-05 3.79616577e-05 6.21264689e-06
 5.91488970e-06 9.34509080e-06 1.95985631e-05 4.82476480e-06
 3.91792992e-06 7.47827289e-06 7.69367125e-06 1.20833547e-05
 2.28052318e-06 1.13849383e-05 1.35236305e-05 1.18722019e-05
 7.39340112e-06 2.46133118e-06 1.94801373e-06 2.85656711e-06
 2.32292200e-06 1.77242657e-06 4.27325449e-06 2.91526408e-06
 9.23509049e-07 1.13391352e-05 8.44747683e-06 2.13631802e-06
 1.03329887e-06 6.28309124e-07 5.00724127e-07 6.91066532e-07
 1.23288044e-06 7.04431613e-07 8.89410956e-07 4.50584366e-07
 2.11416491e-07 2.30831347e-07 1.46460962e-07 2.48791252e-07
 4.35702532e-07 1.78063644e-07 2.53828262e-07 1.18784193e-07]
[6.74281921e-07 6.84455642e-07 1.36450308e-06 1.40770953e-06
 6.32959313e-07 6.60473006e-07 3.70508786e-07 4.49594921e-07
 4.92082506e-07 4.27124490e-07 8.45446664e-07 6.49180777e-07
 6.10675443e-07 3.37550091e-07 7.07076595e-07 6.71757846e-07
 8.68018731e-07 1.07725157e-06 1.53399844e-06 1.49336245e-06
 1.25240479e-06 1.16295257e-06 2.16952117e-06 2.29224156e-06
 1.50424114e-06 2.07269318e-06 2.04077992e-06 1.67854307e-06
 1.05006507e-06 6.33541333e-07 1.97963550e-06 1.07926382e-06
 5.64566278e-07 7.56259851e-07 1.41328007e-06 1.42713668e-06
 1.32100229e-06 1.07065068e-06 1.20338393e-06 1.57343038e-06
 1.41332146e-06 1.15191881e-06 1.54896600e-06 9.08095899e-07
 1.42144029e-06 1.09918494e-06 1.40177542e-06 1.66232348e-06
 1.12223177e-06 9.65262643e-07 2.00311229e-06 1.59965441e-06
 8.73568979e-07 1.21758308e-06 2.54750853e-06 2.16274066e-06
 1.60110449e-06 1.79398069e-06 2.12670557e-06 2.30577348e-06
 5.58258625e-06 2.50294738e-06 2.58225305e-06 3.54852341e-06
 2.21336245e-06 3.50532605e-06 3.72197428e-06 2.81745429e-06
 1.18413127e-05 4.76147352e-06 3.85131398e-06 5.07470895e-06
 3.62759783e-06 4.93640846e-06 9.13529584e-06 7.79159109e-06
 3.94944846e-06 2.32378170e-06 4.77700496e-06 4.62530261e-06
 3.05902995e-06 2.38663074e-06 6.53541929e-06 3.14616113e-06
 2.66191569e-06 3.46756383e-06 4.41554539e-06 3.23650875e-06
 4.60276351e-06 4.11722976e-06 6.17244723e-06 4.74409853e-06
 4.79904384e-06 4.39944415e-06 4.46411423e-06 8.47255797e-06
 4.88771502e-06 6.82392601e-06 8.15827934e-06 1.28448773e-05
 6.09500194e-06 7.99254667e-06 9.21304945e-06 1.89690018e-05
 1.33047652e-05 1.49063417e-05 8.57291252e-06 8.97666905e-06
 1.17917980e-05 8.53985057e-06 1.30054113e-05 1.30580111e-05
 2.38993944e-05 1.86350862e-05 1.49692396e-05 1.82374697e-05
 8.86836096e-06 9.34007949e-06 9.05743491e-06 9.64880746e-06
 1.93389369e-05 9.15701548e-06 5.66517656e-06 9.79132074e-06
 9.26458870e-06 1.94385811e-05 2.16256831e-05 1.97170739e-05
 8.71379234e-06 6.65789639e-06 2.79625892e-05 8.90820593e-06
 2.72608177e-05 1.69442337e-05 4.20800025e-05 1.72675354e-05
 3.50159971e-05 4.49547115e-05 8.17674154e-05 3.00527881e-05
 2.57358188e-05 3.11325821e-05 1.24718659e-04 1.32612171e-04
 9.90873959e-05 4.78538968e-05 1.23057238e-04 1.27897016e-04
 1.74398752e-04 5.12862425e-05 7.23601261e-05 1.39082971e-04
 2.11871185e-04 1.85519995e-04 5.50924451e-05 7.74856453e-05
 2.27993660e-05 4.94096494e-05 3.96846335e-05 6.76274649e-05
 6.82561949e-05 4.31210901e-05 3.26064765e-05 6.20626597e-05
 4.72288048e-05 2.23026218e-05 2.63653001e-05 1.90939663e-05
 1.72293567e-05 1.09187335e-04 4.98593108e-05 1.02496590e-04
 3.67287721e-05 4.70854393e-05 2.23538573e-05 7.08046719e-05
 4.73438740e-05 3.42914536e-05 3.42988787e-05 8.05555374e-06
 2.18148543e-05 1.60181262e-05 6.60827072e-06 6.06120875e-06
 2.00078484e-05 1.59722749e-05 4.30360024e-06 4.14540955e-06
 2.32276693e-06 6.60279375e-06 7.17943158e-06 7.18537740e-06
 4.98725103e-06 1.24684257e-05 6.78227798e-06 6.57647479e-06
 2.33710944e-06 4.45170326e-06 4.68700864e-06 1.33617266e-06
 2.84038993e-06 4.86288673e-06 4.60551018e-06 1.90483991e-06
 6.78323602e-07 7.60398109e-07 2.41885141e-06 2.33661603e-06
 8.63661455e-07 9.57730776e-07 7.81274821e-07 7.85464692e-07
 9.67477604e-07 5.60666251e-07 2.46120294e-07 4.01096486e-07
 1.68373774e-07 3.20767100e-07 1.63290451e-07 1.84435109e-07
 2.32879643e-07 1.21846440e-07 1.36548877e-07 1.27398408e-07]
[3.38106673e-07 1.04747755e-06 2.23553729e-06 7.68805592e-07
 1.00472300e-06 8.02349405e-07 3.34728469e-07 5.78503204e-07
 4.13116169e-07 8.91231366e-07 6.05380592e-07 7.58321505e-07
 3.56777633e-07 3.43513051e-07 7.45329771e-07 9.81911512e-07
 8.36622348e-07 1.17683589e-06 2.57944407e-06 7.67330505e-07
 1.32134892e-06 2.06106461e-06 2.00703971e-06 4.37123663e-06
 2.23422171e-06 2.97947827e-06 1.76825415e-06 1.48171864e-06
 6.40620101e-07 6.08874984e-07 1.22732808e-06 1.30227329e-06
 1.88444903e-06 8.40949895e-07 8.91969876e-07 9.18985450e-07
 7.07986771e-07 7.47412457e-07 8.25160612e-07 1.66320297e-06
 1.51334586e-06 7.04015974e-07 1.22117581e-06 1.58489217e-06
 8.44609076e-07 1.14225111e-06 9.23844254e-07 5.70074747e-07
 1.00875411e-06 1.01790567e-06 1.41996952e-06 1.37517225e-06
 1.35284643e-06 1.37730649e-06 1.70558371e-06 2.77933646e-06
 2.08319420e-06 1.95462394e-06 1.80388304e-06 1.24579049e-06
 3.73120861e-06 2.70655073e-06 1.79142523e-06 2.38280154e-06
 2.51868914e-06 2.72220018e-06 4.46279091e-06 4.57873466e-06
 3.84718305e-06 3.35462050e-06 3.45346575e-06 4.27518899e-06
 4.63788410e-06 5.57472595e-06 6.59478383e-06 5.99685518e-06
 5.88554758e-06 2.53904932e-06 3.44560362e-06 6.16868010e-06
 3.52177790e-06 3.52865413e-06 5.55836732e-06 4.38566167e-06
 3.72167165e-06 3.35970321e-06 5.62087962e-06 6.54046517e-06
 6.84267297e-06 5.38832637e-06 4.89762351e-06 8.76531703e-06
 3.16825049e-06 3.59951196e-06 5.08192397e-06 8.55876442e-06
 3.82580583e-06 6.97975747e-06 6.96455618e-06 6.91011928e-06
 6.90543675e-06 8.95095491e-06 6.70855434e-06 9.44215117e-06
 1.01512733e-05 7.04592230e-06 1.24883700e-05 9.65930940e-06
 6.34728030e-06 1.55290818e-05 2.22143008e-05 2.07363246e-05
 2.11432416e-05 1.09744096e-05 1.51503764e-05 1.29859009e-05
 1.27049680e-05 1.74020079e-05 8.83946632e-06 1.58264629e-05
 1.83049178e-05 8.26989981e-06 1.06217276e-05 1.47946266e-05
 9.64162700e-06 8.53671099e-06 9.61253227e-06 1.64112389e-05
 1.18028656e-05 2.02314641e-05 2.61582263e-05 1.92361222e-05
 3.70795278e-05 1.38495134e-05 2.64849023e-05 3.58541001e-05
 4.77542744e-05 2.48450433e-05 7.79201582e-05 7.17208677e-05
 4.87483230e-05 6.73603936e-05 1.64852609e-04 2.71988247e-04
 3.18930921e-04 3.36592086e-04 1.97071859e-04 1.09232606e-04
 6.33046511e-05 2.64572791e-05 7.37401715e-05 1.55230475e-04
 1.56516617e-04 2.53225444e-04 1.01123827e-04 6.72269089e-05
 6.73042887e-05 1.86686757e-05 3.57850477e-05 5.80491287e-05
 1.09285022e-04 9.68986933e-05 3.10103351e-05 3.45459157e-05
 4.98270638e-05 8.26285304e-06 2.31728791e-05 2.91759570e-05
 3.32917589e-05 6.49598805e-05 3.15560865e-05 3.10106079e-05
 5.74739388e-05 3.50986556e-05 3.34215147e-05 5.18174238e-05
 2.51221554e-05 1.00217976e-05 8.75353817e-06 2.12063878e-05
 5.48504140e-05 1.36949893e-05 2.29764628e-05 2.18690166e-05
 9.07194135e-06 1.55082962e-05 6.79366121e-06 5.07294089e-06
 3.64886728e-06 4.50641210e-06 3.91374442e-06 1.54591680e-06
 6.68614121e-06 2.07148496e-05 4.89671993e-06 4.65730818e-06
 1.61303012e-06 7.61100182e-07 9.59543058e-07 1.37334553e-06
 1.94898075e-06 8.56239240e-07 3.54871941e-06 3.23123299e-06
 7.05860703e-06 4.33491368e-06 2.11613292e-06 2.30031833e-06
 2.41389625e-06 7.68232042e-07 4.73517417e-07 1.03438515e-06
 1.71115141e-06 5.59619764e-07 2.33984153e-07 3.10794718e-07
 3.50205141e-07 4.97703752e-07 2.24250343e-07 3.30900889e-07
 1.28159783e-07 1.15550741e-07 1.62688778e-07 7.63393402e-08]
[7.39551126e-07 9.98542873e-07 2.02351430e-06 1.26538237e-06
 8.75600847e-07 8.56227587e-07 7.10369989e-07 4.46574518e-07
 4.43464245e-07 6.13122154e-07 9.34655588e-07 6.44186628e-07
 7.61274862e-07 6.00243595e-07 9.62426952e-07 8.89471892e-07
 9.13932183e-07 6.10543850e-07 1.58269688e-06 1.70133353e-06
 1.90634398e-06 2.12733585e-06 2.11213251e-06 2.36417304e-06
 1.81523535e-06 1.99594115e-06 2.74386070e-06 1.54396469e-06
 7.77894400e-07 1.24022620e-06 2.23228403e-06 9.80543859e-07
 1.64947198e-06 8.90767467e-07 1.76495212e-06 1.20857942e-06
 1.35389939e-06 8.60582816e-07 1.07933135e-06 1.53633300e-06
 1.18666878e-06 1.54789939e-06 1.16253716e-06 5.96474706e-07
 9.90876401e-07 4.78331174e-07 1.82576025e-06 1.11589929e-06
 1.39460815e-06 1.14158559e-06 2.31305944e-06 1.29305135e-06
 1.28509510e-06 8.34652099e-07 2.33103515e-06 2.75723210e-06
 2.34437152e-06 1.78139010e-06 2.82810561e-06 2.53124631e-06
 1.99456395e-06 2.06472168e-06 3.24136613e-06 1.93808341e-06
 4.52532049e-06 4.09084123e-06 3.82300232e-06 3.93045229e-06
 3.80607094e-06 4.08487676e-06 6.52718154e-06 4.63323477e-06
 5.56894884e-06 9.25916447e-06 9.26617122e-06 8.50565357e-06
 8.61713943e-06 4.17756428e-06 4.65954099e-06 6.53243615e-06
 3.70321709e-06 4.03788044e-06 2.99268891e-06 2.43541990e-06
 2.61273908e-06 1.62581512e-06 4.12606505e-06 4.03121339e-06
 6.73023760e-06 3.69320628e-06 3.30223884e-06 1.90301273e-06
 4.24124892e-06 7.43617420e-06 1.82172898e-05 5.24375037e-06
 1.11669679e-05 6.03895978e-06 2.81219377e-06 3.17217859e-06
 3.59831483e-06 3.60186027e-06 1.10667252e-05 5.38347240e-06
 1.19598990e-05 8.02780596e-06 8.39804852e-06 1.25250745e-05
 6.78335346e-06 7.57345151e-06 1.91959243e-05 2.23248153e-05
 1.78868504e-05 1.88198937e-05 1.36879180e-05 1.11034888e-05
 1.39141366e-05 9.66713105e-06 1.59434585e-05 1.27013400e-05
 1.81291616e-05 1.42451609e-05 1.62788401e-05 2.40732243e-05
 7.11727489e-06 1.14520981e-05 9.07025787e-06 1.52454450e-05
 9.53963445e-06 2.76565934e-05 6.84642946e-05 2.09853879e-05
 1.10847368e-05 1.06850712e-05 2.68035747e-05 5.53716054e-05
 6.07121001e-05 1.48498919e-04 2.98016730e-05 1.10146917e-04
 4.58800932e-05 2.52127847e-05 2.01125586e-04 9.30793394e-05
 1.70144369e-04 8.79258223e-05 9.13170006e-05 1.27057603e-04
 3.93886876e-05 1.02548482e-04 7.57169910e-05 1.46066188e-04
 1.36329443e-04 1.62718658e-04 9.43568521e-05 3.43711494e-04
 1.13637798e-04 8.37264161e-05 4.04147868e-05 8.78743958e-05
 1.05981504e-04 8.88971917e-05 4.31484114e-05 5.83236215e-05
 5.80272172e-05 6.22667176e-06 2.82378369e-05 2.68651947e-05
 1.65807040e-04 7.92616702e-05 8.44570241e-05 1.77936472e-05
 6.50603542e-05 2.20973816e-04 5.46627380e-05 3.69403169e-05
 5.74244805e-05 1.62256038e-05 5.78311410e-05 2.40625741e-05
 1.52658715e-04 4.90822231e-06 4.75732086e-05 2.84461712e-05
 7.28028090e-06 9.73480473e-06 3.38251411e-05 1.32833884e-05
 2.32811908e-06 2.48148058e-06 3.98610200e-06 1.15266166e-05
 2.44150087e-05 3.11262556e-06 2.15274781e-06 4.65292123e-06
 5.64630909e-06 1.72239731e-06 3.22284336e-06 4.26723273e-06
 4.76923515e-06 2.49575055e-06 1.92950029e-06 4.35356606e-06
 4.63534934e-06 1.53867188e-06 1.12983537e-06 1.96467067e-06
 2.19370577e-06 7.31069292e-07 1.41266344e-06 1.94136851e-06
 1.12978933e-06 6.46627711e-07 2.91824506e-07 6.88118632e-07
 1.74824208e-07 2.35329921e-07 4.12832975e-07 3.95362008e-07
 1.75801162e-07 1.25231665e-07 1.32709644e-07 6.29273202e-08]
[5.10739028e-07 1.31137506e-06 9.18755461e-07 1.75515709e-06
 8.65808431e-07 4.31308990e-07 6.09998381e-07 5.99389352e-07
 4.11516567e-07 5.98264478e-07 1.23065990e-06 8.63088928e-07
 1.23374093e-06 5.14733131e-07 8.98022847e-07 7.42373004e-07
 9.65926461e-07 1.02488696e-06 1.50996993e-06 1.75097011e-06
 2.61447326e-06 2.64162941e-06 2.31258400e-06 2.83806526e-06
 1.42433953e-06 2.40682925e-06 1.54315421e-06 1.87015087e-06
 1.27633109e-06 8.35467233e-07 8.66386415e-07 1.62276240e-06
 6.70540032e-07 7.27874010e-07 7.64756805e-07 1.18339267e-06
 5.78580512e-07 9.35678543e-07 6.09669087e-07 1.41846738e-06
 9.96191261e-07 1.02074455e-06 6.54346422e-07 8.12959570e-07
 9.57882207e-07 7.86519365e-07 1.16003332e-06 2.50207790e-06
 2.38998587e-06 1.03503771e-06 1.07921051e-06 1.24500968e-06
 1.78467428e-06 2.34756862e-06 2.79570850e-06 1.52613381e-06
 3.67453663e-06 2.28618137e-06 2.30559704e-06 3.13951568e-06
 2.81047573e-06 1.33760386e-06 1.91713411e-06 2.30061573e-06
 3.32798231e-06 4.97627298e-06 4.31719127e-06 4.28603107e-06
 3.61865136e-06 6.52500830e-06 4.84956263e-06 2.95833274e-06
 7.04046761e-06 8.81204051e-06 7.59100340e-06 8.20173227e-06
 1.01126934e-05 4.38103280e-06 5.00530814e-06 3.89947536e-06
 3.12483121e-06 1.87793069e-06 2.33571109e-06 2.37339555e-06
 3.06245943e-06 2.60844422e-06 3.91826552e-06 3.85524027e-06
 4.28594103e-06 2.40737131e-06 4.27134182e-06 3.83086672e-06
 2.48292463e-06 6.16779653e-06 1.12704938e-05 6.12784970e-06
 1.15655139e-05 5.80029382e-06 4.51220103e-06 6.72065244e-06
 4.86320823e-06 5.57056592e-06 6.04021852e-06 9.60802481e-06
 4.92459776e-06 7.63932076e-06 1.27107915e-05 1.05842637e-05
 1.36116141e-05 6.82510472e-06 1.70175481e-05 1.74813867e-05
 1.23199397e-05 1.19610695e-05 1.65751826e-05 2.03074760e-05
 1.70242438e-05 1.77534821e-05 1.93597534e-05 1.43664292e-05
 1.20035029e-05 1.10754236e-05 1.43207508e-05 2.77774161e-05
 8.65211678e-06 1.06050829e-05 1.86302186e-05 1.10039973e-05
 1.65096772e-05 2.64380778e-05 8.66946648e-05 4.39734431e-05
 2.19731010e-05 2.67243795e-05 4.41644406e-05 3.70741800e-05
 2.48973502e-05 4.32917986e-05 6.20269711e-05 4.13839443e-05
 4.55483278e-05 6.40178187e-05 1.33781301e-04 8.08731638e-05
 3.25409055e-05 6.51125956e-05 1.04760584e-04 2.48903059e-04
 4.24610444e-05 2.39118075e-04 4.49171202e-05 2.85038637e-04
 5.01372415e-05 1.59052099e-04 9.81059493e-05 1.19767559e-04
 9.53760391e-05 6.15398312e-05 6.10155803e-05 4.11724723e-05
 5.27385091e-05 4.98003901e-05 6.62790844e-05 1.01335660e-04
 5.86733804e-05 6.89891531e-05 5.69771546e-05 3.53650648e-05
 6.33886739e-05 9.96811650e-05 7.56992740e-05 5.39566536e-05
 7.60283219e-05 8.74095058e-05 4.55888912e-05 1.24823462e-04
 9.45173742e-05 2.61420355e-05 1.91677391e-05 5.37969645e-05
 1.46025544e-04 9.22529580e-06 5.34488645e-05 2.54012175e-05
 6.46551052e-06 2.83877325e-05 1.65529473e-05 2.21821483e-05
 1.13340930e-05 6.78609285e-06 2.24680230e-06 4.14874057e-06
 1.42375093e-05 3.78741879e-06 1.42925353e-06 7.52753476e-06
 1.66713346e-06 2.62529761e-06 4.41016755e-06 4.56585894e-06
 4.84792736e-06 3.26599252e-06 3.32864670e-06 5.86278475e-06
 3.20336312e-06 1.72997716e-06 1.48535685e-06 2.30117871e-06
 6.61742888e-07 2.13109024e-06 1.65981010e-06 1.78987966e-06
 8.18952060e-07 5.45505543e-07 6.21333186e-07 3.79166750e-07
 3.28755931e-07 2.25820898e-07 3.23009544e-07 4.93901609e-07
 1.69009169e-07 1.38964097e-07 1.03835191e-07 8.44939620e-08]
[3.15668899e-07 4.61430460e-07 1.11471422e-06 1.68416261e-06
 6.33673039e-07 3.72377684e-07 4.94231813e-07 6.16400655e-07
 4.01076619e-07 4.71045809e-07 9.63383968e-07 6.50292350e-07
 5.29394413e-07 4.62083335e-07 1.01099886e-06 8.15726310e-07
 6.87338400e-07 6.31113608e-07 7.66819994e-07 1.44667490e-06
 1.23120208e-06 6.98564747e-07 1.57481099e-06 1.25135102e-06
 1.46862158e-06 1.10568249e-06 1.56352087e-06 8.19380148e-07
 9.59095246e-07 5.88694377e-07 7.77079265e-07 1.23881512e-06
 7.83255643e-07 4.23045549e-07 4.66159094e-07 5.97334235e-07
 4.35956991e-07 3.45124135e-07 6.67352936e-07 8.52421010e-07
 7.98509973e-07 5.69861243e-07 8.36375420e-07 4.48347777e-07
 7.48516243e-07 6.06400704e-07 8.07246408e-07 1.25806901e-06
 1.83725695e-06 7.54108385e-07 1.59442300e-06 1.65933136e-06
 9.03944795e-07 1.15510500e-06 1.40869622e-06 1.40599298e-06
 1.58249577e-06 1.89249113e-06 1.47426397e-06 1.70344367e-06
 2.14353963e-06 1.52475161e-06 2.70698797e-06 1.67516555e-06
 2.46755349e-06 1.95458779e-06 3.03039701e-06 2.62451908e-06
 3.57374120e-06 1.77364007e-06 3.42893259e-06 4.12224290e-06
 5.04298578e-06 7.29020167e-06 5.03422280e-06 3.22119035e-06
 3.99465125e-06 2.86725003e-06 2.18050423e-06 2.29060038e-06
 2.43693944e-06 3.66896097e-06 3.94436120e-06 1.15385410e-06
 3.02390617e-06 2.62003664e-06 1.92119455e-06 5.22270557e-06
 3.36446647e-06 3.22173878e-06 2.11099837e-06 1.72433465e-06
 4.57607212e-06 3.67137091e-06 3.10957057e-06 2.72291868e-06
 5.13028999e-06 4.02351952e-06 5.05377238e-06 5.04685204e-06
 7.35811818e-06 8.08962341e-06 6.16548687e-06 3.31392198e-06
 5.34400579e-06 6.80123185e-06 7.63072967e-06 8.21497542e-06
 7.89767637e-06 8.53578331e-06 8.30098452e-06 8.63737023e-06
 5.56130590e-06 6.64283652e-06 1.39013746e-05 1.21506355e-05
 8.61665194e-06 7.32344006e-06 1.98251200e-05 1.69322648e-05
 1.51159284e-05 7.71771920e-06 1.03833127e-05 1.86004600e-05
 1.04081455e-05 1.21866033e-05 1.40501606e-05 1.02069689e-05
 1.70834955e-05 1.55896141e-05 1.97016980e-05 1.88707090e-05
 1.77015590e-05 1.32791965e-05 1.22687425e-05 3.28375827e-05
 6.68770808e-05 1.39670838e-05 1.51899485e-05 1.35388938e-04
 2.69039156e-05 4.65585290e-05 1.58217110e-04 9.36604702e-05
 5.37513370e-05 1.42342804e-04 1.92097621e-04 3.00096843e-04
 7.59819159e-05 8.03270377e-05 4.19993012e-05 9.63023849e-05
 1.96798050e-04 8.56214901e-05 7.30321990e-05 2.93725287e-04
 5.86103160e-05 3.30397925e-05 3.76916505e-05 5.27899938e-05
 2.15191249e-05 6.65675325e-05 2.87705116e-05 3.18354396e-05
 1.09971210e-04 4.10821813e-05 2.38844714e-05 8.19726847e-05
 5.53232494e-05 1.24615734e-04 3.60626800e-05 1.83496686e-05
 2.28844820e-05 6.20996216e-05 1.72565793e-04 1.80885196e-04
 1.03592429e-04 3.47321802e-05 3.15481557e-05 6.45119799e-05
 3.10744981e-05 6.91215382e-06 1.33322783e-05 3.72983013e-05
 1.59509636e-05 5.67190546e-06 3.93464370e-06 1.19147235e-05
 1.26392306e-05 3.31730257e-06 4.57042734e-06 3.26205100e-06
 3.61066418e-06 2.59710691e-06 1.04678102e-05 5.86911847e-06
 1.75637172e-06 1.08263896e-06 4.45617798e-06 1.62118010e-06
 6.26549365e-07 1.33373635e-06 3.30289186e-06 6.32448973e-06
 1.83084921e-06 5.21482605e-07 1.04001970e-06 1.33658489e-06
 2.74990356e-07 1.35152015e-06 4.06022508e-07 5.95284519e-07
 7.58039334e-07 3.06061452e-07 3.69949731e-07 2.37535048e-07
 2.20209770e-07 1.66098346e-07 3.52349275e-07 1.21006323e-07
 4.11564997e-07 2.50914240e-07 3.47091060e-07 8.78530386e-08]
[5.23444328e-07 9.56985787e-07 1.01256717e-06 1.60585694e-06
 1.29438888e-06 4.81792540e-07 7.99815837e-07 9.89956789e-07
 6.76492107e-07 8.64263768e-07 8.35146921e-07 7.48428420e-07
 5.83103883e-07 4.86255431e-07 9.47563706e-07 1.75271452e-06
 1.40824613e-06 1.51229267e-06 9.99126428e-07 2.04099274e-06
 1.80760060e-06 6.87238753e-07 1.78669143e-06 1.72311786e-06
 1.27633587e-06 1.19891990e-06 9.20971843e-07 1.54141424e-06
 1.27329110e-06 1.02356228e-06 6.47479567e-07 5.41896952e-07
 5.69708789e-07 4.73810587e-07 3.15105268e-07 6.96727909e-07
 3.48750262e-07 5.03332160e-07 5.58642967e-07 7.77926005e-07
 9.75844500e-07 3.80043417e-07 5.11497660e-07 7.09127107e-07
 4.63517921e-07 4.90151081e-07 1.98998282e-06 1.59973968e-06
 1.12630505e-06 7.27464965e-07 4.67499859e-07 9.33672993e-07
 5.70609529e-07 1.00485022e-06 1.42115448e-06 1.17350783e-06
 1.54662609e-06 2.37985455e-06 2.27762803e-06 2.00675458e-06
 2.27294845e-06 1.71152203e-06 1.77297977e-06 2.61857690e-06
 3.23631775e-06 2.72497346e-06 2.88843080e-06 2.05877268e-06
 2.63016796e-06 3.08915310e-06 5.06674451e-06 5.55871202e-06
 5.66446033e-06 7.33464776e-06 2.85548049e-06 2.14983356e-06
 2.99207727e-06 3.01307341e-06 2.07661333e-06 1.71734575e-06
 1.83140457e-06 2.37398490e-06 2.41671592e-06 2.90561798e-06
 2.96600433e-06 1.26192310e-06 2.21448977e-06 3.49267225e-06
 4.35308630e-06 2.55608575e-06 2.16078774e-06 2.05584729e-06
 4.64628329e-06 3.03991442e-06 2.75223169e-06 3.34557012e-06
 3.49687048e-06 2.86519457e-06 2.70013675e-06 3.98856128e-06
 5.34668106e-06 3.21558832e-06 5.00781698e-06 4.32300703e-06
 3.79319295e-06 6.44470492e-06 8.24351173e-06 1.16685869e-05
 1.15867997e-05 2.46418222e-05 6.09812696e-06 1.19569813e-05
 1.39365156e-05 8.46621970e-06 1.19971746e-05 1.02399163e-05
 8.89569310e-06 1.33484491e-05 1.21174735e-05 1.17391246e-05
 1.46607636e-05 8.59265765e-06 1.27218018e-05 1.86944944e-05
 1.24141598e-05 1.12373673e-05 1.20683844e-05 1.10684296e-05
 2.14887405e-05 1.93826218e-05 1.80092848e-05 3.46854795e-05
 1.99488932e-05 1.19275091e-05 1.07068672e-05 2.16398930e-05
 7.02509278e-05 1.88321173e-05 5.33008570e-05 2.70131059e-05
 5.09025958e-05 6.93890033e-05 8.68643692e-05 6.46311018e-05
 8.19020788e-05 1.26309475e-04 4.04323306e-04 2.15909051e-04
 2.40208275e-04 5.23800300e-05 9.13186013e-05 1.09267312e-04
 6.82175523e-05 2.46844225e-04 3.26951355e-04 1.72018903e-04
 1.15481234e-05 4.74787194e-05 5.78295767e-05 2.68468575e-05
 1.36892777e-05 1.12222588e-04 7.45729631e-05 1.95027533e-05
 1.19270349e-04 1.31144872e-04 2.79502710e-05 4.43162753e-05
 9.04055269e-05 7.11433895e-05 5.86929491e-05 6.16531979e-05
 1.43757396e-04 7.65366640e-05 8.17254186e-05 9.00517698e-05
 5.47844502e-05 1.76202320e-05 3.50006594e-05 1.31351815e-04
 1.35253185e-05 6.02492073e-05 2.85019923e-05 2.66021289e-05
 5.95249139e-06 1.87054593e-05 3.03936326e-06 1.02415188e-05
 5.31242449e-06 7.77661353e-06 8.53388974e-06 2.23684583e-06
 5.71546525e-06 2.29023522e-06 1.74152103e-06 6.68756866e-06
 3.52134134e-06 4.28881731e-06 3.25677320e-06 2.41392968e-06
 2.78516654e-06 2.77477102e-06 4.36138862e-06 1.79826702e-06
 1.01658441e-06 2.60310571e-06 1.12450255e-06 1.34647337e-06
 1.49098378e-06 6.67866288e-07 3.93481088e-07 8.81883807e-07
 3.91541676e-07 3.93978297e-07 4.57460629e-07 3.38241762e-07
 2.17811888e-07 2.42586083e-07 4.09431749e-07 3.04942830e-07
 3.41439204e-07 1.07243643e-07 1.27458449e-07 8.88326142e-08]
[7.16010391e-07 1.10416374e-06 1.42936642e-06 1.08132599e-06
 1.03422963e-06 7.27443251e-07 5.84038446e-07 5.89577439e-07
 4.48105766e-07 5.95828794e-07 5.76981336e-07 7.22816310e-07
 1.12222745e-06 1.42877877e-06 1.46574985e-06 1.78752680e-06
 1.59052490e-06 1.64107951e-06 3.50353844e-06 5.32285640e-06
 9.55915652e-07 6.06653430e-07 9.02191516e-07 2.67049040e-06
 1.61481614e-06 1.70416695e-06 9.82736651e-07 6.77076969e-07
 1.17771481e-06 8.92405694e-07 9.96943186e-07 1.16441322e-06
 8.63899913e-07 4.94021776e-07 7.26575138e-07 5.46201932e-07
 6.49925312e-07 7.12981830e-07 7.59887655e-07 1.01139676e-06
 6.84753843e-07 5.56275779e-07 5.46575336e-07 9.41329347e-07
 6.26131794e-07 7.17078592e-07 1.44272792e-06 1.16791693e-06
 1.61582557e-06 1.22098572e-06 1.02249726e-06 5.63560150e-07
 8.00435089e-07 1.00828174e-06 1.52158191e-06 1.78852304e-06
 2.15455361e-06 1.70264877e-06 1.44456726e-06 3.12964016e-06
 3.00182364e-06 1.38596999e-06 1.72448347e-06 1.64047833e-06
 3.40831025e-06 3.04235436e-06 3.52070651e-06 5.86421083e-06
 4.20045126e-06 6.00755857e-06 8.42831560e-06 5.16084174e-06
 3.80249662e-06 2.44087073e-06 7.98624660e-06 6.01278043e-06
 4.73653245e-06 1.39167730e-06 3.17047034e-06 4.50222660e-06
 3.50918049e-06 3.51996528e-06 3.41284135e-06 2.34105642e-06
 4.48910077e-06 3.37836650e-06 2.84160069e-06 5.43138822e-06
 1.39664360e-06 4.03393369e-06 3.24482448e-06 2.40691588e-06
 2.95347604e-06 2.65847598e-06 3.08798553e-06 2.48173797e-06
 4.59725288e-06 5.06135757e-06 3.86341753e-06 2.70530904e-06
 4.09411587e-06 3.44554314e-06 4.41783914e-06 3.45701005e-06
 4.04978027e-06 5.25647692e-06 6.32048295e-06 7.39331563e-06
 4.77389176e-06 9.27592555e-06 6.81809024e-06 8.43493126e-06
 1.10527026e-05 7.11237089e-06 6.52979588e-06 1.70121657e-05
 9.69315897e-06 1.23274949e-05 2.11762381e-05 1.55909420e-05
 1.15801085e-05 6.27332702e-06 2.51269576e-05 1.87115311e-05
 1.21816374e-05 8.90657248e-06 1.23997861e-05 2.56668081e-05
 1.00427433e-05 1.62807573e-05 1.49084444e-05 2.58097298e-05
 1.44208616e-05 1.83114153e-05 9.02085867e-06 2.28907084e-05
 3.69348818e-05 3.04538207e-05 6.70274676e-05 5.89358206e-05
 2.10734379e-05 1.97938989e-05 4.63520992e-05 2.94552610e-05
 8.97523496e-05 1.16337324e-04 1.28164960e-04 5.97577855e-05
 5.38535242e-05 2.10769198e-04 1.54726804e-04 1.13035952e-04
 1.72047483e-04 4.91469575e-04 7.92520121e-04 2.00864990e-04
 1.23559148e-04 1.19831268e-04 2.60109256e-04 4.80772142e-05
 1.36789327e-04 1.34118207e-04 1.77272712e-04 4.66431993e-05
 1.94573091e-04 8.07829056e-05 2.86709565e-05 7.03995975e-05
 3.14004748e-04 6.77313656e-05 9.31890318e-05 2.02347597e-04
 1.22074256e-04 6.48049972e-05 5.24678500e-04 3.15049168e-04
 9.03238033e-05 7.53313143e-05 1.42614648e-04 3.02373664e-05
 1.11277395e-05 1.60225445e-05 3.13924502e-05 3.40591469e-05
 1.32269115e-05 3.55330812e-05 1.21379990e-05 2.85853403e-05
 4.85671671e-06 4.42613691e-06 1.00213110e-05 4.83364511e-06
 7.14048792e-06 5.53267682e-06 1.70813917e-06 6.77974185e-07
 3.59503406e-06 6.65594780e-06 9.30741862e-06 6.15081262e-06
 1.70967041e-06 1.31853267e-06 1.80850509e-06 1.86401883e-06
 1.99834244e-06 1.09506016e-06 8.04935326e-07 1.14554325e-06
 9.41485098e-07 3.65610276e-07 7.65302332e-07 1.03075195e-06
 1.78877519e-06 5.31336582e-07 3.83425714e-07 6.92439755e-07
 1.21771586e-06 3.69610547e-07 3.92448470e-07 3.42133973e-07
 1.20005311e-07 2.02981028e-07 2.23224632e-07 1.46249178e-07]
[8.38341464e-07 1.42231454e-06 1.10447615e-06 1.20912011e-06
 8.35806986e-07 8.38197195e-07 6.80159246e-07 5.66911297e-07
 1.01485887e-06 1.07069036e-06 9.84391249e-07 1.03319178e-06
 1.08168604e-06 9.92347282e-07 2.12646341e-06 3.03782053e-06
 1.82243684e-06 1.51329414e-06 2.43291902e-06 4.18789978e-06
 2.31158424e-06 6.91364960e-07 1.62635706e-06 8.89908335e-07
 1.74781655e-06 1.15906232e-06 1.52472455e-06 1.68443239e-06
 1.06012646e-06 1.23262919e-06 1.45907654e-06 7.53443999e-07
 9.07799404e-07 6.38082668e-07 4.17310929e-07 7.05021250e-07
 1.09959831e-06 7.50091885e-07 5.29687668e-07 6.02283251e-07
 5.14338069e-07 7.87220131e-07 1.34031291e-06 7.64493961e-07
 3.69153213e-07 1.92167204e-06 1.82880251e-06 1.51709992e-06
 1.33867468e-06 1.63619745e-06 1.40175098e-06 7.40952430e-07
 9.62978106e-07 1.16678382e-06 1.57040722e-06 2.01439320e-06
 1.75407058e-06 1.47248181e-06 1.54977317e-06 2.96209600e-06
 1.04095921e-06 1.41623059e-06 1.04761318e-06 3.57160479e-06
 3.17465947e-06 1.79614847e-06 1.64607309e-06 4.69481756e-06
 3.25446740e-06 2.80247809e-06 4.15209206e-06 3.48484241e-06
 1.97565782e-06 2.39850510e-06 3.97845179e-06 2.96058738e-06
 3.34328001e-06 3.00890679e-06 3.89319257e-06 7.53509403e-06
 4.41686325e-06 6.01218380e-06 3.07117648e-06 3.39652706e-06
 4.44561010e-06 2.93022163e-06 4.67997779e-06 3.85385056e-06
 2.84481575e-06 4.79683740e-06 4.85690680e-06 3.65100072e-06
 3.29094109e-06 3.93667551e-06 4.22316907e-06 3.34046240e-06
 5.07547293e-06 2.87249782e-06 4.77200228e-06 5.08043331e-06
 5.69457552e-06 4.40370832e-06 6.37286985e-06 5.22318487e-06
 4.17861384e-06 6.84228826e-06 4.94180404e-06 1.22786587e-05
 1.82119111e-05 1.17676946e-05 1.39580943e-05 1.09378498e-05
 9.52095343e-06 5.32413696e-06 9.56890926e-06 1.97463069e-05
 9.29154794e-06 1.75947935e-05 1.31395873e-05 1.76087433e-05
 1.37896313e-05 1.55166108e-05 1.35514856e-05 2.71282461e-05
 1.87240439e-05 1.25844927e-05 1.93168726e-05 2.09533973e-05
 1.51283266e-05 3.68330693e-05 4.99383568e-05 7.33643756e-05
 3.81681421e-05 2.24446285e-05 4.84560405e-05 3.57734862e-05
 4.90446982e-05 4.33055648e-05 3.80241254e-05 5.68632677e-05
 2.22965755e-05 5.33593411e-05 2.69621160e-05 4.47684615e-05
 4.69799124e-05 5.17816807e-05 1.23830556e-04 1.37213632e-04
 8.55891267e-05 7.98468900e-05 9.45063148e-05 1.05166888e-04
 8.64432004e-05 5.52690653e-05 4.41172342e-05 4.00070654e-04
 1.47100116e-04 4.02039295e-04 1.47580387e-04 8.86412236e-05
 3.32239637e-04 2.38440407e-04 3.12620337e-04 8.61560693e-05
 1.29363209e-04 1.93151602e-04 7.79707843e-05 1.07367268e-04
 4.54745255e-04 8.79529907e-05 1.34036280e-04 3.11195879e-04
 4.21804616e-05 1.55686153e-04 1.79407551e-04 1.92809661e-04
 1.02469465e-04 1.81876985e-05 2.98657669e-05 4.09293425e-05
 5.01043942e-05 3.22251035e-05 2.71058179e-05 4.54935616e-05
 2.47824482e-05 1.89823968e-05 1.75639743e-05 1.51585309e-05
 8.37970947e-06 6.13203520e-06 1.02262229e-05 1.93177530e-05
 5.30457737e-06 6.93796619e-06 2.96132180e-06 2.71145382e-06
 1.74196919e-06 1.34738218e-06 7.53803988e-06 5.80834012e-06
 1.05754125e-05 2.44710100e-06 2.31905096e-06 2.03017180e-06
 1.00257409e-06 1.58819375e-06 9.86940222e-07 1.33437686e-06
 1.02903289e-06 6.70574309e-07 1.14565671e-06 1.00610259e-06
 8.52610810e-07 6.76592606e-07 1.36648816e-06 4.45337037e-07
 8.67070696e-07 6.28773591e-07 8.06470325e-07 5.40420331e-07
 1.87650741e-07 3.80894249e-07 8.55719620e-08 1.37189801e-07]
[6.08065193e-07 7.18448689e-07 8.88790794e-07 7.18748709e-07
 7.27261011e-07 4.91423009e-07 4.75226472e-07 6.76020875e-07
 9.14311840e-07 7.07603022e-07 1.22088704e-06 7.02229556e-07
 6.90699551e-07 8.90018839e-07 1.46715877e-06 2.11650195e-06
 1.93809888e-06 3.11050621e-06 1.54122029e-06 1.51673976e-06
 1.53790552e-06 1.34462505e-06 2.31072727e-06 1.40025293e-06
 9.21314324e-07 7.82873940e-07 1.14843988e-06 1.41240662e-06
 7.08411960e-07 4.77654964e-07 1.39447218e-06 8.96533095e-07
 5.97177234e-07 5.67044935e-07 6.24427742e-07 6.78675690e-07
 6.90192962e-07 5.34196772e-07 8.02788975e-07 5.65443258e-07
 8.24091785e-07 6.48142304e-07 6.29518070e-07 1.48113566e-06
 9.32132764e-07 1.20825518e-06 1.45728609e-06 1.15918181e-06
 1.29348052e-06 1.12525697e-06 2.20730476e-06 1.61589469e-06
 1.32913783e-06 8.83888390e-07 1.06707569e-06 1.22401059e-06
 1.89830996e-06 1.55147961e-06 9.92473815e-07 1.75114428e-06
 9.07919059e-07 9.79163246e-07 1.94307836e-06 2.86800628e-06
 1.92232937e-06 1.92597895e-06 2.55368218e-06 4.23860956e-06
 4.05042965e-06 3.60793183e-06 4.52453196e-06 3.67743269e-06
 2.95733184e-06 3.61221714e-06 1.91940921e-06 1.26795669e-06
 2.26583529e-06 2.90586922e-06 4.43521503e-06 2.81484495e-06
 2.66226198e-06 2.80542804e-06 3.65795108e-06 3.11163717e-06
 2.19457343e-06 1.68043709e-06 4.59370904e-06 3.76058347e-06
 2.86997260e-06 3.91587719e-06 3.38975065e-06 3.96889118e-06
 2.45750107e-06 9.84675353e-07 2.83208851e-06 3.18276057e-06
 4.86252657e-06 4.17487308e-06 5.64859101e-06 6.87725287e-06
 5.25146424e-06 5.43468695e-06 4.54398241e-06 3.08825997e-06
 3.43000215e-06 5.46189403e-06 7.66263747e-06 3.82374355e-06
 5.61533443e-06 3.22737901e-06 4.75455590e-06 5.19861942e-06
 5.67845018e-06 1.10797255e-05 1.56203405e-05 5.47652462e-06
 4.63522611e-06 2.17424372e-06 9.04039189e-06 1.41621595e-05
 1.40739239e-05 1.19741462e-05 1.68749084e-05 1.14918876e-05
 1.62313790e-05 1.10645606e-05 1.19428196e-05 1.28956954e-05
 9.85694987e-06 2.49391796e-05 1.70929692e-04 5.88343974e-05
 1.55091966e-05 2.69275170e-05 4.47816892e-05 3.71609276e-05
 5.46736592e-05 2.36470005e-05 1.90051305e-05 2.22301587e-05
 3.34929500e-05 1.94232925e-05 1.00083045e-04 3.37049241e-05
 4.15067952e-05 3.11991462e-05 4.25575563e-05 2.62390695e-05
 2.76333856e-04 1.95298067e-04 1.03748625e-03 2.96243263e-04
 1.16542280e-04 8.74963589e-05 9.23769330e-05 3.60049395e-04
 5.60845692e-05 8.15747408e-05 9.54347270e-05 6.15660465e-05
 5.67341922e-05 1.02494763e-04 9.87056192e-05 2.64836272e-04
 4.91281855e-04 4.47325059e-04 1.35544877e-04 3.17473285e-04
 6.78102660e-05 1.41845507e-04 1.02394064e-04 1.66684222e-05
 1.55771952e-04 1.15085917e-04 1.24793281e-04 1.34558868e-04
 1.42614648e-04 3.31910887e-05 3.66021450e-05 3.86823558e-05
 1.58534331e-05 9.57056182e-05 5.75833292e-05 2.26254924e-05
 5.91626267e-05 1.64024041e-05 4.72893271e-06 4.52723507e-05
 2.21538926e-06 3.93275377e-06 4.87568786e-06 5.22677010e-06
 6.57563032e-06 3.05818753e-06 4.85626151e-06 5.77217725e-06
 4.38971301e-06 2.80547806e-06 1.53958001e-06 1.38347116e-06
 1.24435985e-06 8.65398022e-07 8.23363007e-06 1.12430635e-05
 1.03101195e-06 8.11862890e-07 7.14608461e-07 1.17223090e-06
 9.45088402e-07 6.13345605e-07 1.10576184e-06 9.21104572e-07
 7.12042038e-07 7.82318864e-07 8.24528058e-07 8.00204191e-07
 6.66460437e-07 4.58861990e-07 6.00714543e-07 6.38371375e-07
 2.41239405e-07 1.58493208e-07 1.31322352e-07 3.04374588e-08]
[6.15227520e-07 9.17234900e-07 8.60578609e-07 7.89064813e-07
 8.65705033e-07 6.30457691e-07 6.81939525e-07 6.73448483e-07
 5.79209257e-07 2.75438623e-07 6.31485705e-07 5.68622681e-07
 1.10387384e-06 7.71338819e-07 2.55554164e-06 3.47605601e-06
 2.99312956e-06 2.55648206e-06 1.81755479e-06 1.92733069e-06
 1.80411428e-06 1.19744152e-06 2.30569322e-06 1.38824100e-06
 1.24046210e-06 1.33640594e-06 1.07062863e-06 1.30665410e-06
 8.86054124e-07 9.11421637e-07 6.81428901e-07 4.99541272e-07
 6.13680186e-07 4.39207724e-07 4.79284893e-07 4.31654001e-07
 5.85872669e-07 9.87455337e-07 1.05645506e-06 9.44946805e-07
 9.64327569e-07 8.97776602e-07 7.89663147e-07 1.14226270e-06
 6.58976262e-07 5.72719102e-07 4.94025755e-07 1.21753919e-06
 1.19718663e-06 1.31099841e-06 2.07187736e-06 1.57208433e-06
 1.36948393e-06 9.81298058e-07 1.88434058e-06 1.98959060e-06
 1.76743060e-06 2.65182848e-06 2.74257877e-06 2.69403904e-06
 1.64379526e-06 2.33423521e-06 2.25221561e-06 2.10262283e-06
 1.15789226e-06 2.67722771e-06 3.76310959e-06 4.33968171e-06
 4.08026472e-06 3.45835156e-06 5.22923074e-06 2.62751018e-06
 2.95433347e-06 1.94570680e-06 3.18320440e-06 3.18687239e-06
 2.31690319e-06 2.14113402e-06 1.23728853e-06 3.80002280e-06
 2.38494999e-06 3.58440843e-06 4.20816968e-06 4.25068401e-06
 2.90215098e-06 2.01317039e-06 2.96562462e-06 1.80446898e-06
 1.57014108e-06 2.30457022e-06 5.50926825e-06 3.49158540e-06
 2.84311204e-06 3.06970355e-06 3.10384826e-06 3.52484835e-06
 3.43042052e-06 4.75880233e-06 4.67626160e-06 3.76083767e-06
 4.58423483e-06 4.06402160e-06 5.12884390e-06 6.99276234e-06
 4.27983150e-06 6.03894841e-06 3.44822638e-06 4.31736271e-06
 4.44344914e-06 6.79320647e-06 6.28357884e-06 8.69489395e-06
 3.93866640e-06 5.50929462e-06 8.43263933e-06 7.68125756e-06
 4.00849922e-06 5.77343553e-06 7.61906813e-06 1.36537701e-05
 9.06871264e-06 8.33274225e-06 1.61964799e-05 1.23050559e-05
 1.07837259e-05 1.54242134e-05 2.57037900e-05 4.59277762e-05
 2.01351304e-05 4.45583537e-05 2.27554574e-05 2.18657951e-05
 2.92584300e-05 2.22940071e-05 2.60209144e-05 2.61019886e-05
 2.94289839e-05 1.25173037e-05 3.92818947e-05 2.41934958e-05
 4.40177973e-05 3.52600618e-05 9.31717877e-05 5.84157278e-05
 6.08006994e-05 1.90491064e-05 1.62890919e-05 2.54029674e-05
 1.73133376e-04 1.12205533e-04 1.21712023e-04 9.43826279e-04
 3.93076538e-04 1.54564937e-03 6.77663542e-04 2.02050593e-04
 8.17340842e-05 1.08859422e-04 5.98556944e-05 4.90606180e-05
 1.15494418e-04 1.79525276e-04 9.49662644e-05 2.78311054e-04
 1.09989742e-04 3.28049682e-05 2.65327340e-04 5.10542923e-05
 1.35837778e-04 7.72134154e-05 6.71419111e-05 4.48487437e-04
 1.08418404e-04 3.75513300e-05 5.93917539e-05 9.95851951e-05
 1.60341355e-04 3.60699669e-05 5.88208168e-05 7.31763284e-05
 2.69809043e-05 6.63610408e-05 2.37068580e-05 4.11617220e-05
 2.52270675e-05 9.20991988e-06 1.93476558e-06 3.34672113e-05
 1.15751927e-05 1.07379065e-05 3.73428816e-06 3.48265235e-06
 4.82658379e-06 1.14425502e-05 5.57168869e-06 1.92751268e-05
 4.33649848e-06 4.46505237e-06 2.08676079e-06 2.80917152e-06
 1.96631277e-06 6.98872509e-06 8.06595835e-06 4.87789339e-06
 1.43763793e-06 2.27590385e-06 1.36235292e-06 9.23005416e-07
 3.92315542e-07 6.41940630e-07 1.22233052e-06 1.19672791e-06
 5.97409667e-07 3.19248556e-07 5.18052730e-07 6.17689011e-07
 8.07438710e-07 3.80709366e-07 4.97354279e-07 4.11294053e-07
 4.58840503e-07 2.86148492e-07 7.89178003e-08 6.85774140e-08]
[8.27901601e-07 1.27918474e-06 1.16908575e-06 1.00796944e-06
 7.90073216e-07 7.53517270e-07 7.50504967e-07 5.89600745e-07
 5.71197518e-07 5.90356706e-07 1.21179698e-06 1.10621181e-06
 1.22369249e-06 1.72428770e-06 1.68020904e-06 1.40342036e-06
 3.82220742e-06 2.32654293e-06 2.48425386e-06 2.26572297e-06
 1.54099098e-06 1.82050451e-06 1.81657344e-06 1.29192688e-06
 2.05490164e-06 1.59169883e-06 1.28789986e-06 1.70448448e-06
 8.91820946e-07 5.76623563e-07 8.90979152e-07 9.26117082e-07
 6.74901969e-07 6.96100699e-07 8.48923094e-07 1.21901428e-06
 5.72237752e-07 4.64663344e-07 1.63805419e-06 6.23110111e-07
 1.01908108e-06 9.72023145e-07 7.63177184e-07 7.10301890e-07
 6.64943116e-07 4.33064798e-07 1.40584518e-06 8.92950993e-07
 1.02220429e-06 9.37803463e-07 3.09534789e-06 2.01871649e-06
 1.22547192e-06 1.93232563e-06 1.66143161e-06 1.18629623e-06
 1.56613999e-06 2.42383203e-06 2.85350325e-06 2.14825764e-06
 1.30275339e-06 2.26317866e-06 2.86869818e-06 2.93019366e-06
 2.56860699e-06 2.14456009e-06 5.54356484e-06 3.16376736e-06
 4.79604751e-06 3.59287878e-06 2.66997381e-06 3.22480628e-06
 3.48401522e-06 1.37837299e-06 4.01671832e-06 4.01566786e-06
 3.44470845e-06 2.19060303e-06 3.78218101e-06 1.64988739e-06
 3.12116231e-06 2.72707734e-06 3.81666223e-06 5.01201930e-06
 4.25647022e-06 2.41467478e-06 3.22416122e-06 3.35827826e-06
 2.67105884e-06 4.43340969e-06 5.07629920e-06 5.92756078e-06
 2.41383327e-06 2.25481767e-06 2.72734246e-06 3.11481085e-06
 4.51915366e-06 2.32684101e-06 7.96602490e-06 5.76795219e-06
 3.92165202e-06 4.14829083e-06 4.66761821e-06 4.30504133e-06
 5.41315785e-06 6.66864435e-06 4.60645151e-06 7.03371779e-06
 3.15238344e-06 4.70782288e-06 1.04584478e-05 1.01431551e-05
 7.43148667e-06 5.77448418e-06 1.39004742e-05 7.48826051e-06
 8.81219512e-06 5.13877831e-06 5.73419447e-06 1.31878987e-05
 7.23530093e-06 8.49117805e-06 1.25836277e-05 2.10300914e-05
 1.66855480e-05 9.79774177e-06 1.95937300e-05 2.39439560e-05
 2.71390600e-05 2.50158864e-05 1.84091532e-05 3.06224574e-05
 3.82432991e-05 1.85902827e-05 9.80375116e-05 8.17508553e-05
 5.09018755e-05 4.10349858e-05 3.90389614e-05 3.07690825e-05
 2.59579047e-05 1.78117953e-05 4.15609575e-05 6.66453270e-05
 6.96562711e-05 1.47907876e-05 1.73205917e-05 1.54748923e-04
 1.67407616e-05 4.32675406e-05 5.60907465e-05 3.06796865e-04
 2.18832181e-04 3.74540949e-04 1.77636510e-04 1.85866476e-04
 5.24971925e-04 1.34351154e-04 1.07113003e-04 2.97060789e-04
 2.99427164e-04 4.53971792e-04 1.80851537e-04 1.40597302e-04
 2.38728593e-04 7.92399733e-05 1.21620476e-04 3.16037214e-04
 1.49818210e-04 2.25552227e-04 3.52307943e-05 1.12038804e-04
 8.05508171e-05 4.94201704e-05 4.54406800e-05 2.97511524e-05
 4.26629449e-05 2.41751168e-05 7.37817318e-05 7.60647672e-05
 3.68460896e-05 2.32786388e-05 7.14388225e-05 4.29458632e-05
 2.31322847e-05 1.58561234e-05 3.13423116e-05 3.36595076e-05
 2.20191450e-05 1.29975951e-05 2.14685351e-05 1.77633501e-05
 1.94854056e-06 9.00535724e-06 1.34886677e-05 5.83960582e-06
 2.10580924e-06 4.63241122e-06 4.87665557e-06 4.22497715e-06
 4.43087993e-06 2.14101215e-06 1.56755505e-06 3.36277139e-06
 2.89436935e-06 7.23142875e-07 1.36847450e-06 1.74650631e-06
 8.74503939e-07 6.66587482e-07 1.45187630e-06 1.41464022e-06
 6.56020404e-07 3.82108936e-07 3.11549456e-07 5.36511891e-07
 1.52607970e-06 5.81627603e-07 5.24898098e-07 1.18455910e-06
 3.16345535e-07 1.96615972e-07 8.85179361e-08 1.03525814e-07]
[9.30320823e-07 1.39303938e-06 9.92031232e-07 1.13263661e-06
 8.45506747e-07 7.21723211e-07 6.41309896e-07 1.20930724e-06
 6.78710478e-07 9.96227641e-07 7.14071177e-07 1.00079546e-06
 1.02808144e-06 1.35532571e-06 2.13404178e-06 3.92048923e-06
 2.11117344e-06 4.28415888e-06 2.20429069e-06 2.09204291e-06
 2.01250418e-06 1.35877883e-06 2.65466565e-06 1.66588086e-06
 1.16469903e-06 1.40062718e-06 1.46795003e-06 1.80180393e-06
 6.72862541e-07 7.31374428e-07 6.15831880e-07 9.25715540e-07
 4.38995272e-07 7.65966888e-07 1.12741066e-06 5.21384379e-07
 5.16131365e-07 5.90098068e-07 8.74087903e-07 8.35991386e-07
 9.52827122e-07 8.26508710e-07 8.56759414e-07 9.26451492e-07
 6.84313420e-07 4.22440309e-07 1.26588895e-06 1.23233212e-06
 1.16796173e-06 1.57924944e-06 2.92985715e-06 1.58069486e-06
 1.07520043e-06 1.07830294e-06 1.56319129e-06 1.85251065e-06
 7.96357824e-07 1.07948722e-06 2.20563106e-06 2.01133048e-06
 1.03604532e-06 1.99919054e-06 2.60234424e-06 3.32627110e-06
 3.13607688e-06 3.24069515e-06 2.74898503e-06 4.14487158e-06
 4.20720471e-06 3.62589185e-06 3.96668656e-06 7.90796548e-06
 3.75683794e-06 2.75508773e-06 3.28658462e-06 4.09710674e-06
 3.84471969e-06 4.87963143e-06 3.27779412e-06 4.57513624e-06
 2.78079006e-06 4.78583797e-06 4.63000788e-06 3.38140694e-06
 4.13472435e-06 1.67850737e-06 3.52978986e-06 3.24277062e-06
 3.98249676e-06 3.32249442e-06 2.78257062e-06 8.19137222e-06
 2.83105987e-06 1.77741140e-06 2.57515853e-06 3.77054789e-06
 2.87066268e-06 2.80817699e-06 2.78869447e-06 6.49154390e-06
 5.01191607e-06 5.07702498e-06 7.43140163e-06 2.98964801e-06
 4.61112722e-06 6.24709719e-06 7.26703183e-06 3.68021188e-06
 7.12627661e-06 4.84656766e-06 4.55923737e-06 6.63323954e-06
 4.99793578e-06 3.78912932e-06 4.87116449e-06 1.13743654e-05
 5.28135433e-06 4.93819789e-06 7.50524077e-06 1.24862636e-05
 1.05553845e-05 1.48134468e-05 1.46696320e-05 1.68434144e-05
 2.17379074e-05 1.18905300e-05 8.60236469e-06 1.41489654e-05
 2.16894568e-05 1.17121226e-05 3.00798620e-05 7.02768375e-05
 2.33624942e-05 2.42442347e-05 4.58317627e-05 2.59624412e-05
 9.43912601e-05 2.74758913e-05 2.57765696e-05 2.85440929e-05
 2.22022136e-05 2.11113747e-05 1.83736396e-04 1.57085797e-05
 8.04202355e-05 2.55436516e-05 1.76167141e-05 4.14448550e-05
 1.01580699e-04 4.54241526e-05 4.90913990e-05 3.57313402e-04
 1.52643624e-04 1.33417139e-04 3.30131355e-04 1.74026194e-04
 1.07874977e-04 1.76942907e-04 4.27542982e-05 2.05689183e-04
 3.21216503e-04 1.91895408e-04 1.39164171e-04 2.79084372e-04
 2.11579434e-04 1.28358413e-04 6.80177691e-05 7.38244795e-04
 1.18550095e-04 8.95315679e-05 1.66818252e-04 7.45423531e-05
 5.31072546e-05 7.83030919e-05 9.03783148e-05 1.72062442e-04
 5.84460686e-05 3.26326808e-05 1.46806588e-05 6.98783697e-05
 7.05017519e-05 2.96505696e-05 8.73786339e-05 2.58644195e-05
 2.64850514e-05 3.01148543e-06 2.00101804e-05 3.74162228e-05
 2.67871728e-05 8.14526629e-06 1.27136054e-05 7.01830913e-06
 3.19769401e-06 1.88650520e-05 1.21397379e-05 1.55667076e-05
 1.02599906e-05 7.99113968e-06 3.50744608e-06 6.41890028e-06
 4.36425080e-06 3.32005038e-06 2.72054513e-06 1.69747818e-06
 1.92616722e-06 1.10680719e-06 1.40797113e-06 3.15296415e-06
 1.07631183e-06 1.00596583e-06 1.13761701e-06 2.04332059e-06
 5.97541316e-07 1.51100210e-06 6.63248102e-07 4.85427961e-07
 8.80149457e-07 6.59886553e-07 2.88261930e-07 4.83748067e-07
 2.50304737e-07 4.31046402e-07 1.84200402e-07 2.21099796e-07]
[1.73721253e-06 1.34190907e-06 9.77483978e-07 9.17058514e-07
 4.18900640e-07 6.78500101e-07 6.09737810e-07 8.60760338e-07
 4.48364943e-07 4.71523578e-07 5.83690621e-07 1.03637524e-06
 8.11327766e-07 2.04189996e-06 2.72659486e-06 2.50782318e-06
 2.04427329e-06 1.96933797e-06 5.09818210e-06 1.51183667e-06
 1.16463843e-06 9.75817215e-07 1.58811088e-06 8.88434272e-07
 6.90373611e-07 8.71796374e-07 1.09214250e-06 1.01294029e-06
 5.33673926e-07 6.44768591e-07 8.18461388e-07 5.86044678e-07
 6.34127900e-07 4.62256793e-07 5.18050967e-07 8.75558726e-07
 2.76031784e-07 6.13184625e-07 7.90850379e-07 5.97914891e-07
 5.05751586e-07 3.04181896e-07 1.44186913e-06 5.46951640e-07
 7.21907327e-07 6.84601673e-07 4.13052476e-07 1.15351338e-06
 1.26759153e-06 1.24626638e-06 1.17442471e-06 8.13889073e-07
 9.85094516e-07 7.56323345e-07 1.13618478e-06 1.41040357e-06
 1.05050799e-06 1.27292208e-06 1.34536037e-06 1.62281322e-06
 2.18676701e-06 1.21984920e-06 1.13594444e-06 2.87845683e-06
 2.29656598e-06 3.36361336e-06 2.58318164e-06 4.14605029e-06
 5.89649926e-06 2.47318781e-06 2.04952607e-06 3.33095045e-06
 1.74005561e-06 2.39205838e-06 2.07340986e-06 4.13985572e-06
 4.04840239e-06 3.43926854e-06 5.21352740e-06 3.71215697e-06
 2.38976850e-06 1.66276789e-06 2.47409912e-06 4.03439344e-06
 3.58104967e-06 2.47488720e-06 2.10942517e-06 2.25636404e-06
 3.09862912e-06 1.76516448e-06 3.88613535e-06 3.92261245e-06
 2.32199068e-06 2.40119266e-06 1.73200726e-06 1.84845715e-06
 2.96581675e-06 2.67862015e-06 4.46294416e-06 4.22572748e-06
 3.12461452e-06 3.97214762e-06 3.01945261e-06 2.92658024e-06
 2.32954130e-06 3.11668396e-06 3.11201006e-06 3.33080357e-06
 1.67736687e-06 2.14843681e-06 3.73305170e-06 4.31338549e-06
 3.92018183e-06 2.52644190e-06 2.58381920e-06 4.88336309e-06
 5.40023029e-06 4.10103030e-06 8.30423232e-06 6.12341091e-06
 6.70811960e-06 1.38947698e-05 8.66250866e-06 1.15922585e-05
 1.73170465e-05 8.95515495e-06 8.57462055e-06 1.46228849e-05
 1.62241831e-05 8.55246981e-06 2.86392369e-05 1.72630262e-05
 3.52270472e-05 2.36667311e-05 4.98385780e-05 4.92093859e-05
 8.32888254e-05 1.55112739e-05 2.67421656e-05 5.78729669e-05
 6.36262339e-05 2.27454439e-05 7.55390065e-05 5.47186100e-05
 4.90860402e-05 5.17921726e-05 2.50982790e-04 5.31292790e-05
 7.66473968e-05 4.51252381e-05 3.54136828e-05 1.85800254e-05
 4.37888848e-05 3.14091849e-05 9.80672776e-05 1.00161094e-04
 8.74520556e-05 6.06824324e-05 6.27980626e-05 7.21917386e-05
 1.27311985e-04 5.40479814e-05 3.12277734e-05 4.02479418e-05
 4.33482019e-05 3.51077069e-05 1.12662972e-04 1.55472546e-04
 3.08992639e-05 2.91411070e-05 6.42450104e-05 1.86529123e-05
 3.07659466e-05 4.19356547e-05 5.39893990e-05 8.58194762e-05
 1.89694510e-05 5.63458307e-05 5.42933376e-05 3.47880559e-05
 9.19298836e-05 4.88102414e-05 1.46774792e-05 6.17214537e-05
 4.50790285e-05 1.63792065e-05 9.45806187e-06 2.27515065e-05
 6.26239262e-06 1.25305114e-05 7.26999269e-06 1.21738822e-05
 9.34207674e-06 1.61493608e-05 4.27787973e-06 1.06744919e-05
 7.82420011e-06 3.34073479e-06 3.56927194e-06 1.69876637e-06
 2.93572634e-06 1.68798886e-06 1.68896884e-06 2.02788897e-06
 2.25174608e-06 7.70243730e-07 1.71726606e-06 2.46660784e-06
 1.88964157e-06 1.35417076e-06 8.26703570e-07 1.54460452e-06
 1.58388582e-06 3.36654239e-07 5.90058107e-07 6.50700656e-07
 3.34243992e-07 3.27988431e-07 3.79577926e-07 5.30109219e-07
 5.16295358e-07 2.27511137e-07 2.40974373e-07 1.17104399e-07]
[6.4521049e-07 4.0260247e-07 4.5253887e-07 6.3815446e-07 6.8688411e-07
 9.5591986e-07 7.1380879e-07 8.3066408e-07 8.8996165e-07 5.4352330e-07
 9.9645285e-07 1.6625613e-06 1.5736463e-06 1.2545885e-06 1.7189583e-06
 2.2274849e-06 1.4638645e-06 1.6326144e-06 6.4581263e-07 2.9778232e-06
 7.9282592e-07 1.1889073e-06 1.3130938e-06 1.1389920e-06 7.7360420e-07
 6.9368321e-07 6.3962631e-07 7.1984670e-07 8.5582707e-07 6.0254121e-07
 1.9373608e-06 6.4471647e-07 8.4588373e-07 4.2997326e-07 4.4820550e-07
 5.8274264e-07 7.2117444e-07 1.3296503e-06 1.0002491e-06 8.1404710e-07
 4.7406490e-07 5.4034348e-07 7.6512032e-07 7.5682237e-07 7.7569189e-07
 4.3031218e-07 6.8702303e-07 9.8818532e-07 7.6932548e-07 1.0972805e-06
 8.5968537e-07 9.4934643e-07 6.1898839e-07 7.4282070e-07 1.1550593e-06
 1.6700191e-06 8.0788527e-07 1.1707531e-06 8.7243365e-07 1.8147363e-06
 1.9187346e-06 1.7692170e-06 2.7604076e-06 3.4048037e-06 3.3345677e-06
 2.3672567e-06 1.3496125e-06 3.8905741e-06 2.9741359e-06 2.8342922e-06
 1.9937304e-06 1.8842187e-06 2.0982841e-06 2.6681907e-06 2.4704311e-06
 1.7947777e-06 3.4423440e-06 2.2908710e-06 3.8546991e-06 5.5244632e-06
 1.6387982e-06 3.1216157e-06 2.1084873e-06 2.2400816e-06 3.4468592e-06
 2.3228467e-06 3.3005037e-06 3.4459972e-06 2.9746600e-06 1.5701083e-06
 3.3535480e-06 2.9166633e-06 2.4423737e-06 6.5644840e-06 3.0352605e-06
 3.2669050e-06 2.7516871e-06 2.5318320e-06 2.1738733e-06 2.8124414e-06
 3.2866189e-06 2.9430860e-06 1.9841425e-06 4.2358120e-06 3.3064809e-06
 2.7639737e-06 4.5769120e-06 3.7113514e-06 1.5856334e-06 1.4598612e-06
 3.8080027e-06 2.1918627e-06 1.7791041e-06 1.6730710e-06 3.6083266e-06
 3.9783185e-06 4.2681877e-06 3.4108668e-06 2.4991552e-06 8.5064285e-06
 4.4941503e-06 6.1404985e-06 1.2285524e-05 2.2086240e-05 7.6878168e-06
 8.5425181e-06 1.1146476e-05 1.6573800e-05 1.7122116e-05 1.1519202e-05
 1.1748719e-05 1.9777270e-05 2.4066561e-05 2.6967129e-05 2.3084393e-05
 2.3328119e-05 2.6546142e-05 4.8019978e-05 3.2810160e-05 4.7259429e-05
 5.6916626e-05 3.3938504e-05 2.4433715e-05 1.8659264e-05 2.5987122e-04
 2.8291371e-04 1.1214530e-04 1.7359179e-04 1.4699121e-04 9.7489195e-05
 9.2160830e-05 8.7165659e-05 3.9711540e-05 1.7949575e-05 1.2533128e-04
 9.0902431e-05 3.6080310e-05 4.1046962e-05 3.1044288e-05 3.0030593e-05
 4.9095062e-05 3.9534621e-05 3.2888900e-05 2.9185112e-05 8.3951629e-05
 5.2451640e-05 2.1499283e-05 6.0191567e-05 2.6632979e-05 4.2323791e-05
 1.8835053e-05 1.3721695e-05 5.7477544e-05 1.0106389e-04 2.1047852e-05
 7.9434067e-05 4.6407746e-05 2.1583523e-05 7.6630589e-05 8.7923756e-05
 1.9187280e-05 1.5071272e-04 2.6362424e-05 8.6600900e-05 6.5593638e-05
 1.5385367e-05 1.6375450e-05 4.8528259e-06 4.6219193e-06 3.7355403e-05
 2.0570033e-05 1.1310013e-05 5.5469172e-06 6.3498678e-06 6.7757951e-06
 1.5027720e-05 4.6585892e-06 1.1613748e-06 3.3349534e-06 4.6370242e-06
 2.1072203e-06 3.4658033e-06 9.9223701e-07 6.2183885e-06 2.5454817e-06
 7.3171412e-07 1.3690951e-06 9.2754789e-07 8.0553383e-07 1.2419317e-06
 1.3074890e-06 8.6990673e-07 1.5609997e-06 9.7371174e-07 8.6357932e-07
 1.0737479e-06 8.4174638e-07 4.7446747e-07 6.3259813e-07 6.2979694e-07
 4.9654756e-07 2.5065327e-07 1.3831784e-07 1.7279210e-07]
[7.97217126e-07 1.14560646e-06 1.06476307e-06 1.13955400e-06
 9.69688585e-07 6.79188986e-07 1.72108332e-06 1.90761875e-06
 8.73501733e-07 4.81916288e-07 1.33986339e-06 8.78664480e-07
 9.43284306e-07 1.63667789e-06 2.05680431e-06 1.86790987e-06
 1.76740957e-06 1.68373083e-06 2.09425048e-06 1.48959623e-06
 2.37224776e-06 6.13471400e-07 1.46747755e-06 1.08088818e-06
 1.47382264e-06 7.99562940e-07 1.37912832e-06 6.79763161e-07
 1.22997619e-06 5.70128861e-07 8.03221553e-07 1.03604941e-06
 5.76996172e-07 1.36692177e-06 5.74925991e-07 6.96143445e-07
 3.72523687e-07 4.90180469e-07 1.34753736e-06 5.91506989e-07
 8.62186027e-07 2.00918498e-06 9.92213359e-07 1.43663181e-06
 4.43477262e-07 3.42863899e-07 8.97592656e-07 4.32168918e-07
 1.01212936e-06 8.39446500e-07 1.27829787e-06 2.21811683e-06
 6.18594697e-07 8.70414397e-07 1.09529594e-06 1.49159450e-06
 1.20259972e-06 1.60102627e-06 2.27927626e-06 2.25630288e-06
 2.55401778e-06 2.84641942e-06 3.43372380e-06 7.10919130e-06
 3.96808218e-06 2.15409932e-06 3.33741627e-06 2.41759676e-06
 2.13265025e-06 1.62206663e-06 4.20907281e-06 3.38127870e-06
 2.79896722e-06 3.05240360e-06 2.54257998e-06 2.93870403e-06
 2.46369041e-06 3.65747951e-06 3.06211427e-06 4.04204229e-06
 3.65528649e-06 3.16402316e-06 1.87972682e-06 2.22238941e-06
 3.72696854e-06 2.58878299e-06 2.90739717e-06 2.12348323e-06
 3.67787356e-06 2.42155807e-06 2.26236580e-06 2.66948723e-06
 1.44896273e-06 3.31028764e-06 2.37093923e-06 2.05669926e-06
 3.45192916e-06 3.81847894e-06 2.90024877e-06 4.27247642e-06
 2.57144052e-06 1.48504205e-06 1.78266316e-06 2.78007951e-06
 2.11946008e-06 3.50064079e-06 3.41236478e-06 4.57600618e-06
 3.44777095e-06 1.86034629e-06 3.85854355e-06 2.16963122e-06
 2.98409554e-06 1.39969632e-06 2.80890822e-06 4.35089578e-06
 2.24383552e-06 1.91871641e-06 6.50345237e-06 4.19549770e-06
 4.87813895e-06 7.02121724e-06 3.78629079e-06 6.55995836e-06
 8.51147706e-06 9.82304755e-06 1.30754561e-05 9.39836445e-06
 1.19018332e-05 1.43834332e-05 8.82765107e-06 3.05614049e-05
 2.02072388e-05 1.80763782e-05 2.20249985e-05 1.27939165e-05
 7.08657099e-05 4.89221602e-05 6.05444257e-05 3.11874865e-05
 2.83163008e-05 8.78436185e-05 1.14636396e-05 2.58168348e-05
 9.00515515e-05 7.35959547e-05 5.79313637e-05 3.65769847e-05
 1.01458922e-04 7.30515530e-05 4.22676385e-05 6.58034041e-05
 8.24556919e-05 4.28638850e-05 7.98003748e-05 1.61158721e-04
 1.06725936e-04 2.56908188e-05 2.67949799e-05 8.22453057e-06
 5.04437958e-05 8.15835592e-05 1.38560383e-04 4.29006359e-05
 1.64259982e-04 3.86395077e-05 2.80619370e-05 1.07234220e-04
 1.54498775e-05 1.43367442e-05 9.29820726e-06 2.78887510e-05
 2.17236520e-05 1.15496950e-05 3.72355826e-05 3.27123234e-05
 7.23916601e-05 2.33609171e-05 7.02939506e-05 1.01642283e-04
 2.97322204e-05 3.56989294e-05 4.45970472e-05 1.45326048e-05
 1.50516789e-05 1.28244210e-05 2.09392983e-05 7.79002676e-06
 1.27686144e-05 1.64244811e-05 2.14989941e-05 5.99625992e-06
 8.94533241e-06 7.39771122e-06 1.02363256e-05 1.16998444e-05
 5.29463114e-06 9.94077595e-07 1.56587328e-06 2.40822487e-06
 4.26006181e-06 3.66717472e-06 1.98127987e-06 1.81913526e-06
 1.82045096e-06 9.61927071e-07 7.84106930e-07 9.82005417e-07
 8.21668380e-07 8.39347820e-07 1.17148272e-06 7.27656698e-07
 8.07935976e-07 7.26199858e-07 1.13342981e-06 1.50726464e-06
 7.42537452e-07 4.63748620e-07 6.38871086e-07 4.13941876e-07
 1.79064997e-07 1.86815214e-07 1.11345550e-07 5.59550877e-08]
[5.90696970e-07 1.06869561e-06 1.56107296e-06 9.08639151e-07
 1.09920586e-06 5.42564521e-07 1.70977512e-06 1.81027553e-06
 1.33538651e-06 1.54683494e-06 1.12130215e-06 1.42223018e-06
 2.02445881e-06 9.67531946e-07 2.85134161e-06 4.25463850e-06
 2.30527780e-06 2.76418814e-06 1.91134700e-06 3.82176086e-06
 1.93056849e-06 9.46968328e-07 1.04101002e-06 6.36275047e-07
 1.02544698e-06 9.06258492e-07 6.84257429e-07 1.14300383e-06
 7.51317032e-07 6.90834497e-07 5.81243910e-07 1.10944131e-06
 5.13420616e-07 1.29467128e-06 9.13065094e-07 3.73258445e-07
 7.70922668e-07 5.78714946e-07 6.55284509e-07 7.36462596e-07
 1.42491115e-06 7.44522424e-07 6.41606960e-07 9.19420074e-07
 3.64192061e-07 6.24865208e-07 5.53900463e-07 1.61788228e-06
 1.06791128e-06 1.01412661e-06 3.14472345e-06 1.35386472e-06
 3.14846693e-06 2.38521238e-06 1.48849892e-06 1.74632453e-06
 1.94564404e-06 2.30180353e-06 1.88464458e-06 2.91131050e-06
 3.04043169e-06 1.77352092e-06 2.65636731e-06 5.41910231e-06
 3.17928061e-06 3.40255178e-06 4.44648094e-06 7.00599367e-06
 4.54817609e-06 2.86240379e-06 4.16285866e-06 5.39759822e-06
 4.59824287e-06 3.07949290e-06 2.72513716e-06 5.40772044e-06
 3.43112970e-06 1.92888092e-06 3.32623927e-06 4.86564159e-06
 2.90057778e-06 4.38549478e-06 4.21527329e-06 3.52571533e-06
 2.67940959e-06 5.27583643e-06 2.28549470e-06 3.39645680e-06
 2.89020613e-06 3.06268771e-06 3.95734924e-06 2.66513121e-06
 3.55833254e-06 2.70610440e-06 2.31406602e-06 2.06515892e-06
 3.59242154e-06 6.42972509e-06 8.53313486e-06 3.96796713e-06
 5.12533688e-06 2.04845469e-06 3.16862611e-06 3.06032348e-06
 3.67238772e-06 2.45974593e-06 4.51370261e-06 4.26516863e-06
 2.88866363e-06 1.84385192e-06 2.00814566e-06 1.70933026e-06
 4.34214280e-06 3.25869314e-06 3.60993840e-06 2.60727211e-06
 3.28739793e-06 2.78333732e-06 5.32418971e-06 3.79674111e-06
 3.67980351e-06 4.47826642e-06 4.05575292e-06 5.22380060e-06
 5.53552309e-06 1.16728406e-05 1.03408611e-05 1.10643596e-05
 1.23007985e-05 1.00277057e-05 1.99705228e-05 3.40083643e-05
 1.62163869e-05 1.95158682e-05 1.05017543e-05 1.27144913e-05
 2.43712420e-05 2.93053763e-05 2.79752949e-05 6.17749538e-05
 8.41869041e-05 8.24704257e-05 1.68461156e-05 3.99637938e-05
 7.49811079e-05 1.19942233e-04 4.30232612e-05 3.06684320e-04
 1.72653366e-04 1.85935292e-04 5.14691455e-05 3.33701682e-05
 5.71720884e-05 2.23047740e-04 5.80946944e-05 1.73150620e-04
 9.40243553e-05 3.20975741e-05 1.51625018e-05 1.51126251e-05
 1.19932527e-04 1.37305862e-04 1.07495893e-04 4.31894587e-05
 4.03872546e-05 5.41482295e-05 1.06236357e-05 6.78909200e-05
 6.63403989e-05 3.09288116e-05 5.31252990e-05 1.88413142e-05
 5.01848444e-05 4.02698024e-05 3.87524924e-05 4.74278531e-05
 3.65378110e-05 1.92589268e-05 5.71476958e-05 1.10746652e-04
 7.49697647e-05 1.49499565e-05 4.77353751e-05 1.89888051e-05
 1.35083128e-05 1.09866924e-05 1.47901410e-05 5.89433585e-05
 7.43737692e-05 7.80034952e-06 6.12030135e-06 1.02038030e-05
 5.60504623e-06 4.86321778e-06 1.62213491e-05 2.09209920e-05
 2.59141984e-06 1.85823740e-06 6.24246422e-06 2.84009980e-06
 8.06700609e-06 4.45146406e-06 2.44678949e-06 2.48881702e-06
 2.80806489e-06 3.09300617e-06 4.48789751e-06 1.32163620e-06
 2.57380020e-06 1.27438568e-06 1.73521369e-06 1.27241435e-06
 6.00635360e-07 5.74485227e-07 1.30074477e-06 6.34983621e-07
 1.06844095e-06 8.42059137e-07 7.93843185e-07 6.54607049e-07
 1.94484031e-07 6.68809264e-07 1.93615548e-07 1.01811132e-07]
[1.17787908e-06 5.22160974e-07 8.75728347e-07 1.53456597e-06
 1.19228264e-06 6.54141274e-07 2.20560605e-06 9.49471485e-07
 7.71268049e-07 1.56582348e-06 2.11105521e-06 1.21445191e-06
 8.64522292e-07 9.11796803e-07 1.92533093e-06 1.60417937e-06
 1.91609183e-06 1.88008562e-06 1.70167641e-06 1.25456916e-06
 9.20963259e-07 8.74923217e-07 1.08156723e-06 6.94034100e-07
 6.70319707e-07 6.37407993e-07 6.88778925e-07 1.52009818e-06
 8.99857696e-07 4.18349003e-07 6.07608342e-07 6.18640627e-07
 1.19126378e-06 3.41404160e-07 5.42956059e-07 4.97856604e-07
 5.54416260e-07 1.06024561e-06 8.13244526e-07 1.58734383e-06
 9.46277112e-07 6.74270893e-07 1.18220180e-06 1.51324036e-06
 7.62861021e-07 1.08236475e-06 1.39530312e-06 1.20623633e-06
 1.01625994e-06 1.99092369e-06 2.03284912e-06 2.12409418e-06
 1.64397136e-06 1.40802922e-06 8.37055666e-07 1.60628952e-06
 2.06948812e-06 1.80160839e-06 1.18256219e-06 2.41720272e-06
 2.91901119e-06 2.17267507e-06 3.81068207e-06 4.44293801e-06
 3.83459019e-06 6.49700587e-06 5.50559116e-06 7.71176110e-06
 2.54578754e-06 4.68262670e-06 3.22089204e-06 3.38165137e-06
 4.20329025e-06 3.60238505e-06 5.75622880e-06 3.91531603e-06
 5.42053067e-06 3.31203887e-06 4.84836028e-06 5.23567905e-06
 4.61441823e-06 3.52287680e-06 4.70151599e-06 4.49322442e-06
 3.53460541e-06 3.51513586e-06 2.92534537e-06 2.97739643e-06
 1.75927028e-06 1.69060365e-06 2.35448624e-06 1.95122743e-06
 3.85968133e-06 1.85833426e-06 1.48888068e-06 1.39484848e-06
 2.97805764e-06 6.45674299e-06 7.32729814e-06 3.59428373e-06
 2.97443694e-06 2.48496963e-06 3.37471579e-06 2.94388701e-06
 5.93699724e-06 6.17439582e-06 4.52755739e-06 3.33769208e-06
 1.30513672e-06 1.54517102e-06 2.55656323e-06 4.90836783e-06
 2.79345181e-06 2.12924829e-06 1.73072851e-06 1.26370401e-06
 1.81173709e-06 1.86130512e-06 3.84212171e-06 2.25185613e-06
 2.06964887e-06 3.31161141e-06 3.85896101e-06 5.22031769e-06
 4.93881134e-06 7.46128853e-06 9.40104655e-06 1.40384827e-05
 1.05949193e-05 9.76666433e-06 2.39976162e-05 8.93758897e-06
 8.05087438e-06 5.02401281e-06 4.31272783e-05 2.17086435e-05
 2.88753672e-05 2.01788152e-05 2.19939993e-05 2.08520360e-05
 2.31677986e-05 1.72407599e-05 4.34403591e-05 9.33657939e-05
 9.17291691e-05 4.07721964e-05 1.87161844e-04 4.56585840e-05
 2.77264717e-05 2.50893299e-05 5.62987698e-05 4.07982698e-05
 8.15995154e-05 3.75463278e-05 1.32598798e-04 7.74269938e-05
 3.28479618e-05 3.42041712e-05 2.31440481e-05 2.05967153e-05
 6.19467392e-05 6.91942187e-05 3.97406657e-05 1.45236452e-04
 5.00657297e-05 4.62546050e-05 6.86260455e-06 3.41864979e-05
 6.89578446e-05 2.55681316e-05 1.29222135e-05 3.57974095e-05
 3.27098496e-05 7.62734853e-05 2.36356918e-05 3.72839531e-05
 2.44182102e-05 2.61297537e-05 4.86861973e-05 4.43257850e-05
 4.12283844e-05 4.57830865e-05 1.28863785e-05 1.22516094e-05
 9.04096396e-06 1.34167940e-05 2.72409889e-05 1.08754930e-05
 1.61613898e-05 7.09996675e-06 1.69288323e-05 9.18040496e-06
 6.44388592e-06 4.08265942e-06 6.83395911e-06 8.07210654e-06
 3.38003406e-06 1.53015947e-06 3.64125140e-06 6.88769148e-07
 1.28700833e-06 3.30357034e-06 2.03947161e-06 1.97431950e-06
 1.56453370e-06 1.81172834e-06 1.71895829e-06 1.15105001e-06
 6.25232133e-07 8.46009527e-07 3.11018766e-07 2.96861430e-07
 3.95978390e-07 2.70393997e-07 5.13040447e-07 4.46456539e-07
 7.20661262e-07 1.34276672e-06 1.04589617e-06 8.67087863e-07
 2.39472655e-07 1.05204447e-06 2.10957225e-07 8.58126441e-08]
[1.14198201e-06 6.54682651e-07 1.46713012e-06 1.16244576e-06
 1.19456706e-06 1.20796767e-06 1.00038369e-06 1.75887590e-06
 1.37153302e-06 1.89353977e-06 2.19236722e-06 1.13645137e-06
 1.17383013e-06 2.03463401e-06 1.78261382e-06 2.34382628e-06
 2.86377690e-06 2.81912139e-06 2.09952964e-06 1.36102824e-06
 5.73149407e-07 6.39649443e-07 1.12481780e-06 6.61114939e-07
 4.40633443e-07 9.70123324e-07 6.13288023e-07 7.83812482e-07
 5.93432048e-07 5.05851460e-07 7.80305470e-07 1.74778324e-06
 9.24111475e-07 1.09831365e-06 9.23204595e-07 6.14293583e-07
 1.01951991e-06 1.07375934e-06 4.01926059e-07 1.28399972e-06
 5.97329461e-07 4.17683367e-07 8.49071114e-07 1.33008450e-06
 7.51576238e-07 8.07930348e-07 1.27038072e-06 1.52369432e-06
 1.20090624e-06 9.50210961e-07 1.86540672e-06 1.60215779e-06
 2.36316669e-06 1.15141859e-06 1.54949191e-06 1.94707377e-06
 1.17001605e-06 1.58216073e-06 1.06880134e-06 4.18039099e-06
 4.20299921e-06 2.44362127e-06 3.86469992e-06 6.21195841e-06
 5.93406594e-06 5.72414274e-06 4.77197045e-06 4.51036749e-06
 5.36923972e-06 2.55062946e-06 2.85757710e-06 7.59413660e-06
 3.32467607e-06 5.07284585e-06 4.16366720e-06 5.94379117e-06
 2.90619278e-06 3.94414110e-06 4.40170743e-06 6.22114749e-06
 4.57396527e-06 6.60606702e-06 4.47965795e-06 3.27442172e-06
 3.20018148e-06 3.17127592e-06 4.72715146e-06 4.38133566e-06
 2.26171028e-06 3.89921524e-06 4.79675919e-06 1.82485564e-06
 2.47964317e-06 1.77661570e-06 2.58525802e-06 2.60982756e-06
 4.72859892e-06 4.99161933e-06 4.48569017e-06 3.53214159e-06
 3.79586868e-06 1.88537354e-06 2.07274297e-06 2.40866825e-06
 2.54290671e-06 4.64460300e-06 5.17508352e-06 3.22564915e-06
 2.32012212e-06 1.34689662e-06 3.39340500e-06 6.96317647e-06
 5.01480099e-06 2.07209632e-06 3.55500197e-06 1.71267220e-06
 1.31109584e-06 2.12763143e-06 3.95440293e-06 2.69167026e-06
 5.23050767e-06 3.47457512e-06 4.21395634e-06 4.15937166e-06
 5.62924788e-06 3.84808800e-06 6.72992110e-06 1.09733955e-05
 4.09733047e-06 6.93232141e-06 7.40245014e-06 1.15240136e-05
 1.19907418e-05 6.44609599e-06 1.78883129e-05 2.18706937e-05
 2.91741089e-05 2.80668992e-05 2.16672706e-05 2.99300063e-05
 1.67421604e-05 1.86687012e-05 4.79441951e-05 6.51813170e-05
 6.39092978e-05 7.20232711e-05 3.74523443e-05 2.01539151e-04
 2.37925851e-04 1.47275117e-04 6.06534049e-05 4.67238278e-05
 1.31710140e-05 3.48278736e-05 2.76353530e-05 1.48327645e-05
 2.75882503e-05 4.47728198e-05 8.12149156e-05 7.61171905e-05
 2.64358077e-05 3.89615052e-05 2.50841458e-05 1.34161659e-04
 6.96361167e-05 6.04429188e-05 3.58001562e-05 1.00998832e-05
 9.51223774e-05 6.88312430e-05 4.17130213e-05 1.08156019e-05
 1.10031715e-05 3.36166995e-05 2.62707417e-05 2.52407863e-05
 6.80862722e-05 3.80047168e-05 2.49678124e-05 1.74107645e-05
 2.34739364e-05 3.17487393e-05 3.48245412e-05 1.48815516e-05
 1.30645385e-05 8.16600277e-06 2.22864710e-05 2.71317549e-05
 2.30769510e-05 4.82170844e-06 4.46916965e-05 3.99042365e-05
 5.19966716e-06 1.24099761e-05 1.56722456e-06 1.28498759e-05
 2.91792708e-06 2.14127635e-06 3.89165416e-06 2.60835554e-06
 3.42350086e-06 1.44085516e-06 1.47630908e-06 2.02607021e-06
 1.20640516e-06 2.18259333e-06 1.36762503e-06 1.84304554e-06
 1.35713856e-06 8.25091263e-07 8.94823813e-07 5.25770588e-07
 3.34672819e-07 4.13455979e-07 1.36361723e-06 6.90259355e-07
 4.57407197e-07 1.33085996e-06 1.57707188e-06 1.03135324e-06
 2.84208141e-07 8.13773056e-07 8.95674859e-08 1.26742464e-07]
[8.45073828e-07 1.74434001e-06 2.26447924e-06 2.11571819e-06
 2.11452175e-06 1.06072991e-06 1.59534159e-06 2.22498602e-06
 2.00661293e-06 1.20968252e-06 1.53103849e-06 8.32322428e-07
 2.15001614e-06 1.75396963e-06 2.56283784e-06 1.98055250e-06
 1.92887637e-06 1.64972926e-06 1.73607975e-06 1.42449051e-06
 7.04063950e-07 9.00150724e-07 6.49775700e-07 1.07253902e-06
 6.72824626e-07 7.37953087e-07 4.84932116e-07 4.07770273e-07
 6.27673842e-07 7.60569890e-07 9.29891769e-07 7.94647804e-07
 7.23019184e-07 7.87233148e-07 7.38287270e-07 4.28939074e-07
 5.41368422e-07 7.34263722e-07 8.10036738e-07 9.83157747e-07
 5.48054345e-07 6.90000718e-07 1.16806484e-06 8.50513231e-07
 1.40982604e-06 8.85976533e-07 1.48287745e-06 1.54822999e-06
 1.36624851e-06 1.42458168e-06 1.12738007e-06 7.66002984e-07
 1.12720465e-06 1.85893623e-06 1.87967373e-06 2.33036121e-06
 3.07239861e-06 1.39398060e-06 1.58941202e-06 4.22476069e-06
 3.41850796e-06 2.47070898e-06 3.16637829e-06 5.50658797e-06
 3.48570052e-06 4.46068816e-06 1.23316413e-05 1.04804631e-05
 3.96182486e-06 2.76681999e-06 4.59380090e-06 2.42732335e-06
 2.55610280e-06 2.37539530e-06 4.96324310e-06 5.01333352e-06
 2.90105231e-06 2.30406863e-06 3.71700389e-06 7.30250986e-06
 6.86780913e-06 3.45892954e-06 4.38701500e-06 4.18171521e-06
 1.70742589e-06 2.69297993e-06 2.64828554e-06 2.63339098e-06
 2.87499211e-06 3.70480461e-06 4.99303360e-06 5.02602279e-06
 1.55900386e-06 1.86599516e-06 3.03355341e-06 3.79347443e-06
 6.42562236e-06 3.57121280e-06 4.39590758e-06 2.55479722e-06
 2.20531774e-06 2.88402430e-06 4.62070966e-06 3.68804581e-06
 3.11064355e-06 3.54972212e-06 3.16044225e-06 3.44173463e-06
 2.70638998e-06 3.28010788e-06 3.89481511e-06 2.14403008e-06
 3.48205504e-06 2.04717776e-06 4.47218690e-06 3.56241799e-06
 3.14458998e-06 1.61411344e-06 3.72598038e-06 3.10877908e-06
 2.63485231e-06 5.03457841e-06 5.83208521e-06 5.46182719e-06
 3.59571391e-06 8.00983526e-06 5.58796501e-06 1.73893768e-05
 1.24996695e-05 1.87457426e-05 1.08286949e-05 3.39442377e-05
 9.67291544e-06 3.30761432e-05 1.92412499e-05 2.17614652e-05
 3.02281096e-05 1.46866760e-05 3.72939139e-05 2.77873551e-05
 2.57942065e-05 4.75416564e-05 1.45957863e-04 7.74479486e-05
 1.45866934e-05 6.53090028e-05 2.01914099e-05 2.80858640e-05
 1.35001625e-04 3.85693384e-05 8.54470709e-05 2.13134059e-04
 2.15403983e-04 2.34414492e-05 1.98761463e-05 2.97833103e-05
 2.30090081e-05 3.79815647e-05 1.49882151e-04 2.27732045e-04
 5.58046268e-05 3.16869882e-05 2.92813475e-05 3.02725330e-05
 4.16613293e-05 2.22421968e-05 4.48593637e-05 1.63246423e-05
 2.01762032e-05 4.52121603e-05 2.47473890e-05 1.56729802e-05
 8.73113913e-06 1.27580643e-05 5.43310998e-05 1.23851991e-04
 5.12598381e-05 9.36056404e-06 5.45042858e-05 4.49000363e-05
 1.67268172e-05 2.19468293e-05 2.99327421e-05 2.03148211e-05
 4.38494753e-05 1.16459496e-05 1.19523866e-05 1.92426323e-05
 2.40466998e-05 1.63368750e-05 3.96036630e-05 1.97158970e-05
 6.77556955e-06 3.59125147e-06 3.95268626e-06 7.14876523e-06
 4.19447815e-06 2.30069691e-06 3.58050397e-06 3.05060075e-06
 3.38399764e-06 3.50774189e-06 2.27645501e-06 1.78421931e-06
 1.42906492e-06 7.87548743e-07 1.14748093e-06 1.36669678e-06
 1.54963527e-06 5.82576547e-07 5.28083149e-07 1.21355697e-06
 2.74204098e-07 1.39464149e-07 4.80893107e-07 3.51253078e-07
 3.06217316e-07 1.55845271e-06 7.05152104e-07 1.57279328e-06
 4.73251333e-07 3.01637641e-07 1.35470728e-07 6.29235828e-08]
[6.77448497e-07 1.47406206e-06 1.34218635e-06 1.81810083e-06
 1.76370850e-06 1.67285089e-06 1.11190025e-06 1.70288843e-06
 1.68289773e-06 1.09019584e-06 1.55553926e-06 3.59418209e-06
 1.52240102e-06 1.36569372e-06 2.15855675e-06 1.67981671e-06
 1.37912048e-06 1.55022974e-06 1.47816979e-06 1.73012631e-06
 9.89813088e-07 6.25709220e-07 7.77516277e-07 6.23180597e-07
 6.83138296e-07 6.66734422e-07 8.36094443e-07 1.06357345e-06
 3.31805381e-07 9.13279507e-07 5.96883808e-07 7.90393187e-07
 5.09355402e-07 6.63024650e-07 8.13744407e-07 4.35739224e-07
 6.25541986e-07 5.99363148e-07 6.17921330e-07 5.85396833e-07
 5.89396279e-07 7.99340512e-07 1.16876083e-06 1.24334986e-06
 9.59193585e-07 6.71768703e-07 2.19087087e-06 1.37774862e-06
 1.57022316e-06 1.38070743e-06 1.05712377e-06 1.79682775e-06
 1.96658470e-06 2.82029123e-06 1.07334461e-06 1.98858629e-06
 1.42546821e-06 1.70396072e-06 1.72948694e-06 3.06333300e-06
 2.90738353e-06 1.75336152e-06 2.16561875e-06 2.56571707e-06
 4.97845440e-06 5.68575115e-06 7.11860275e-06 7.08432390e-06
 6.15184081e-06 5.46004230e-06 5.75205559e-06 3.95993584e-06
 1.88652450e-06 3.37847632e-06 5.33477078e-06 3.44548130e-06
 3.10693758e-06 3.54275357e-06 3.47448463e-06 6.44562215e-06
 5.61183333e-06 3.19407604e-06 6.57069722e-06 3.58854163e-06
 3.28449755e-06 2.45099295e-06 2.13744215e-06 4.15607383e-06
 3.53756991e-06 2.31032027e-06 2.38816915e-06 3.77468200e-06
 3.37825259e-06 3.24145822e-06 1.26408565e-06 2.60509000e-06
 4.43659019e-06 3.61530601e-06 3.52173879e-06 4.74625267e-06
 2.94475376e-06 3.52841539e-06 3.19097376e-06 5.57420208e-06
 4.27045916e-06 3.33161188e-06 3.54079998e-06 5.26998929e-06
 3.87586942e-06 2.87578882e-06 2.26596399e-06 2.04881076e-06
 3.92448192e-06 6.07508127e-06 4.39635323e-06 5.57621433e-06
 4.46912827e-06 2.52256291e-06 3.63433651e-06 2.93590824e-06
 3.35481741e-06 3.86608235e-06 3.32751256e-06 7.55459632e-06
 5.19351124e-06 2.75908474e-06 1.07569313e-05 2.63448528e-05
 7.32653325e-06 1.00030193e-05 1.25140132e-05 1.28990368e-05
 1.69846426e-05 2.21075752e-05 1.54353038e-05 1.90386399e-05
 1.76525227e-05 1.48569743e-05 2.23260140e-05 2.69966531e-05
 2.86656232e-05 3.39152612e-05 7.96622699e-05 5.12541592e-05
 2.41250978e-04 1.53893343e-04 6.82863028e-05 1.09962966e-04
 3.53662908e-05 5.41804729e-05 4.20842007e-05 2.06488898e-04
 8.73248791e-05 7.57825474e-05 1.68522183e-05 4.25339094e-05
 6.08598675e-05 2.23322568e-05 3.96720097e-05 4.43419958e-05
 6.01479733e-05 2.01913044e-05 4.32381639e-05 3.30310177e-05
 1.08595552e-04 2.97638526e-05 3.50362789e-05 4.76101086e-05
 2.72858106e-05 8.13887891e-06 9.83333957e-05 3.79742851e-05
 1.25188863e-05 4.52384120e-05 1.74753604e-05 9.93071444e-06
 6.89512381e-05 4.95068416e-05 2.13222465e-05 2.33131923e-05
 1.98512207e-05 1.21087498e-04 9.17909783e-05 4.74124863e-05
 1.48218051e-05 1.88198628e-05 1.16474466e-05 7.42247767e-06
 1.29266946e-05 3.76754651e-05 6.21629006e-05 8.44167880e-06
 8.97288191e-06 6.89980106e-06 6.61494641e-06 7.09685992e-06
 4.98403779e-06 3.41738428e-06 2.47116941e-06 7.42555301e-07
 1.48178890e-06 3.25565384e-06 2.68269991e-06 2.67790551e-06
 1.57430793e-06 4.97176643e-06 2.11087399e-06 1.48017114e-06
 6.14827457e-07 4.61804689e-07 1.08574750e-06 8.89601324e-07
 2.81755717e-07 4.81134123e-07 3.79964348e-07 7.07009576e-07
 4.16777851e-07 8.77818650e-07 1.02881143e-06 1.60062234e-06
 6.54503083e-07 4.65161094e-07 1.22949189e-07 7.67620136e-08]
[6.17373644e-07 1.54518386e-06 1.50700964e-06 2.30418868e-06
 1.96875953e-06 1.31819252e-06 1.74309127e-06 1.24723567e-06
 1.95221560e-06 9.53071094e-07 1.89678121e-06 1.66477048e-06
 1.55480677e-06 1.01572141e-06 2.51844790e-06 1.89555931e-06
 1.17196248e-06 1.27493274e-06 1.28240026e-06 7.52144672e-07
 6.46475371e-07 4.14694711e-07 6.16747911e-07 5.78344554e-07
 5.72526346e-07 5.22534719e-07 8.31642240e-07 5.97240955e-07
 9.09194284e-07 8.78001345e-07 8.79902530e-07 7.71669136e-07
 8.83512257e-07 4.15738697e-07 3.52768922e-07 2.72518690e-07
 9.74890554e-07 1.22422750e-06 4.88406840e-07 4.46147084e-07
 5.18842683e-07 5.88832393e-07 4.50221364e-07 7.97163239e-07
 7.27777433e-07 5.67290954e-07 1.16418028e-06 4.85709222e-07
 8.90186413e-07 7.30798263e-07 9.59941417e-07 9.06491039e-07
 1.78670655e-06 6.43665601e-07 3.28295323e-06 1.12730322e-06
 2.67160863e-06 9.46841794e-07 1.20417872e-06 2.42664305e-06
 3.17714080e-06 3.02312947e-06 4.92863364e-06 2.65468952e-06
 2.18028481e-06 2.58511500e-06 5.63754884e-06 2.93045309e-06
 3.29751924e-06 3.01992964e-06 1.79727067e-06 3.66782592e-06
 2.05144488e-06 1.81344660e-06 2.76428887e-06 2.36632854e-06
 2.92116079e-06 2.09839050e-06 3.30206967e-06 2.08428696e-06
 3.71636020e-06 2.14505621e-06 2.96544818e-06 2.73861951e-06
 2.49978052e-06 1.54503084e-06 1.28274905e-06 2.14667921e-06
 1.84687940e-06 1.70880696e-06 1.71535214e-06 2.75763819e-06
 2.32696311e-06 2.75188268e-06 3.95124107e-06 2.86120053e-06
 2.73459295e-06 1.71856720e-06 2.16167177e-06 2.86488398e-06
 3.14388035e-06 2.06594564e-06 2.22514177e-06 3.03193360e-06
 2.34933964e-06 1.98413022e-06 4.13115822e-06 6.72426313e-06
 3.73021726e-06 2.02030310e-06 5.36615380e-06 2.99976364e-06
 3.79434096e-06 2.19091044e-06 3.13889018e-06 7.13467989e-06
 5.17274702e-06 2.53144731e-06 2.73666592e-06 3.55585348e-06
 2.08645383e-06 5.42305634e-06 6.71209500e-06 7.19918535e-06
 4.53084385e-06 2.43688851e-06 5.14597514e-06 4.86332510e-06
 1.32973082e-05 2.83789250e-05 1.40131715e-05 1.82817839e-05
 1.83172633e-05 7.64690958e-06 8.05102627e-06 1.69145333e-05
 1.59956926e-05 1.65165238e-05 1.48558711e-05 1.31710867e-05
 1.03555330e-05 1.00582774e-05 1.46002449e-05 9.16716817e-05
 7.22589539e-05 2.08755519e-05 1.18238189e-04 1.48985651e-04
 3.68805850e-05 1.79689850e-05 4.90206694e-05 2.78711523e-05
 4.32620182e-05 1.56242968e-05 2.19881058e-05 1.96758101e-05
 1.84285818e-05 1.19577480e-05 2.35418574e-05 1.60117179e-05
 1.84449291e-05 9.49542573e-06 2.73475107e-05 2.23029620e-05
 7.46749865e-05 5.07071527e-05 1.70256408e-05 4.05752762e-05
 4.00682875e-05 1.30260305e-05 4.24482505e-06 2.52557020e-05
 1.54275149e-05 4.29174834e-05 2.24181349e-05 5.70096308e-05
 2.65302933e-05 3.94243543e-05 8.52636731e-06 1.82448221e-05
 2.45411593e-05 2.40046338e-05 1.97658228e-05 8.46203329e-06
 1.48885711e-05 6.12328813e-06 5.51484527e-06 9.44717704e-06
 8.49178286e-06 1.81824216e-05 1.49159396e-05 1.51437916e-05
 1.52359289e-05 1.03180491e-05 4.56059706e-06 3.77805441e-06
 2.59249941e-06 2.00587738e-06 3.39498638e-06 1.31766546e-06
 9.48332570e-07 1.60589627e-06 1.81386338e-06 1.33564242e-06
 6.43354895e-07 1.62573122e-06 1.24431165e-06 1.35756000e-06
 6.59829482e-07 4.72703817e-07 3.33389238e-07 2.62934350e-07
 1.11477482e-06 3.70587401e-07 2.14911495e-07 2.35353127e-07
 1.51507223e-07 2.92076493e-07 3.33734050e-07 3.32241939e-07
 1.58957971e-06 4.93603864e-07 8.43132781e-08 7.78209568e-08]
[4.35660439e-07 8.04629224e-07 7.74705711e-07 1.34641277e-06
 1.81457244e-06 2.53357666e-06 1.82507267e-06 1.76050480e-06
 1.32174466e-06 7.41608972e-07 2.38286862e-06 1.47410913e-06
 2.04736330e-06 8.08144421e-07 1.78347773e-06 1.95808275e-06
 1.52880693e-06 1.36325014e-06 1.03742059e-06 1.47662888e-06
 9.71777695e-07 3.89516600e-07 4.82757571e-07 5.14860233e-07
 3.07580848e-07 6.60799003e-07 6.79499863e-07 6.28904729e-07
 7.88826583e-07 8.72793180e-07 7.01948693e-07 8.23681603e-07
 9.65984782e-07 7.03646663e-07 9.35009666e-07 5.33838545e-07
 1.26638122e-06 4.89918818e-07 7.39662653e-07 1.15390537e-06
 4.14216373e-07 4.76708692e-07 3.67205899e-07 3.95855153e-07
 8.35049207e-07 5.81184565e-07 5.96560085e-07 7.76355762e-07
 4.21492729e-07 6.84424094e-07 8.98017959e-07 6.79130324e-07
 1.25999520e-06 2.38484245e-06 3.56437090e-06 4.36761866e-07
 2.08075539e-06 1.22458198e-06 1.21364326e-06 1.55484940e-06
 2.07590142e-06 1.87077239e-06 3.99593773e-06 2.92564278e-06
 6.58442013e-06 4.28770863e-06 8.11038899e-06 6.92038338e-06
 2.17097022e-06 4.33728292e-06 4.37658719e-06 1.98485736e-06
 2.18087916e-06 1.99530928e-06 2.27842133e-06 2.71093381e-06
 2.28230078e-06 1.18549553e-06 2.60430102e-06 3.39691201e-06
 1.83575332e-06 2.36617484e-06 1.98658904e-06 2.03291165e-06
 2.50192920e-06 2.07235780e-06 2.16667081e-06 2.21868436e-06
 1.72436160e-06 2.85441160e-06 2.10440862e-06 1.90409276e-06
 1.92024459e-06 2.85225087e-06 4.15021441e-06 4.00292402e-06
 2.76504829e-06 1.78434959e-06 2.42806345e-06 3.65395840e-06
 2.14446300e-06 1.35602988e-06 1.04742492e-06 2.15547971e-06
 4.59587864e-06 1.82134818e-06 2.37248082e-06 5.29727049e-06
 2.82072892e-06 3.65327469e-06 1.36125427e-05 4.15163413e-06
 2.27512805e-06 3.23972313e-06 4.83744361e-06 3.38959194e-06
 7.28579880e-06 3.11261306e-06 2.45388287e-06 4.72422425e-06
 4.88923024e-06 4.57414490e-06 3.96716132e-06 3.09153256e-06
 5.36380367e-06 2.43633099e-06 7.46541946e-06 6.97663927e-06
 7.65440200e-06 2.04888293e-05 9.53123345e-06 1.97000572e-05
 1.40723432e-05 1.80866646e-05 8.13499264e-06 1.59389820e-05
 2.29730649e-05 1.68856241e-05 2.13850672e-05 1.24250109e-05
 7.73790089e-06 2.36146516e-05 2.70091696e-05 2.93815901e-05
 5.64402617e-05 5.29271092e-05 4.60562296e-05 5.22788032e-05
 8.25749958e-05 2.49223067e-05 1.06965053e-04 1.14469985e-04
 3.27254711e-05 1.82198437e-05 1.58793628e-05 4.18770469e-05
 2.61600435e-05 1.81627838e-05 1.11434774e-05 8.34737602e-06
 1.71519532e-05 6.27526606e-06 1.04837627e-05 1.02248769e-05
 2.36321703e-05 1.52062103e-05 7.83930318e-06 1.98090329e-05
 1.87993592e-05 1.66457612e-05 3.16398764e-05 5.26148106e-05
 6.82954851e-06 1.89192615e-05 1.96870187e-05 1.90280662e-05
 1.96689780e-05 1.17608142e-05 1.05559329e-05 6.88682485e-06
 1.96184028e-05 1.37803172e-05 2.54820916e-05 1.83848169e-05
 4.16543589e-05 1.10179099e-05 7.52420101e-06 6.58493309e-06
 3.93507753e-06 1.10675746e-05 6.36171762e-06 1.10151441e-05
 2.52797763e-05 8.28544489e-06 3.50872847e-06 2.96444887e-06
 1.21012874e-06 3.15513512e-06 4.69550150e-06 1.51730785e-06
 1.41609382e-06 2.77051004e-06 2.22426820e-06 1.31699096e-06
 1.35519349e-06 6.40601002e-07 7.70380154e-07 4.88291732e-07
 6.54062376e-07 4.02415338e-07 2.91833288e-07 1.41825774e-06
 2.36066043e-07 1.89712424e-07 2.89473292e-07 6.47982972e-07
 2.36858497e-07 1.82492840e-07 2.69047661e-07 3.21589710e-07
 5.85936220e-07 4.74012239e-07 6.94308994e-07 4.51744775e-08]
[8.91711068e-07 1.49736968e-06 2.38807320e-06 3.56105625e-06
 2.04046705e-06 1.38016696e-06 1.37810127e-06 1.85297120e-06
 2.32896082e-06 1.31850118e-06 1.53057169e-06 1.12904536e-06
 1.61745686e-06 1.65614483e-06 2.16107787e-06 1.46693731e-06
 2.41466660e-06 1.05579181e-06 1.30715159e-06 7.78323908e-07
 8.81956566e-07 5.43329406e-07 1.11800762e-06 1.35116534e-06
 5.98674717e-07 7.43313194e-07 9.65576760e-07 9.95777668e-07
 1.18169635e-06 1.30879641e-06 5.13124235e-07 7.07468587e-07
 7.83351709e-07 7.30812701e-07 1.38807115e-06 8.27217434e-07
 6.35322465e-07 7.04225442e-07 1.06279811e-06 1.17204854e-06
 4.26708084e-07 4.95337815e-07 5.52102904e-07 8.93313654e-07
 4.81248549e-07 7.24579024e-07 9.52822575e-07 4.50098923e-07
 6.84038241e-07 8.30132365e-07 1.21451080e-06 1.15155922e-06
 1.95978396e-06 1.47574417e-06 1.25993620e-06 2.65681433e-06
 2.77432014e-06 1.20785944e-06 1.83654231e-06 1.63301991e-06
 7.70260556e-07 2.50670132e-06 4.47476259e-06 3.22721576e-06
 5.31089472e-06 5.32827880e-06 4.57629903e-06 8.58792282e-06
 2.73316869e-06 8.69878477e-06 4.74033777e-06 3.04685545e-06
 2.25331269e-06 2.01677699e-06 3.71956139e-06 1.24828227e-06
 1.98931343e-06 2.34163440e-06 5.32579861e-06 6.80267613e-06
 1.85718307e-06 2.19329308e-06 1.95080224e-06 1.66774953e-06
 2.63266497e-06 1.60373065e-06 3.81184077e-06 3.66602035e-06
 2.54695988e-06 3.42003545e-06 2.72186230e-06 3.02985427e-06
 2.22654512e-06 4.51895039e-06 9.38294852e-06 4.59146804e-06
 2.68042459e-06 3.33989533e-06 4.48829678e-06 5.05623939e-06
 3.43363649e-06 2.24897326e-06 3.51324888e-06 5.00419583e-06
 4.90544062e-06 3.39679173e-06 4.70985242e-06 2.89742525e-06
 5.06565812e-06 3.31159322e-06 8.34662478e-06 6.24976747e-06
 4.21192317e-06 3.95919415e-06 6.09637073e-06 3.50248024e-06
 3.86934744e-06 4.87273792e-06 6.43254452e-06 5.00376836e-06
 4.70418900e-06 4.58454497e-06 9.97746520e-06 4.39653695e-06
 5.06389370e-06 7.98060773e-06 9.14235261e-06 5.49659444e-06
 6.57294731e-06 1.81103078e-05 9.21339324e-06 2.61419864e-05
 2.33764313e-05 9.86646319e-06 2.32541552e-05 3.72151299e-05
 3.39500402e-05 1.42381623e-05 2.58342043e-05 1.07469123e-05
 2.65453073e-05 1.52817156e-05 4.75425077e-05 2.89470627e-05
 4.08576489e-05 2.11733150e-05 4.53922548e-05 8.18816188e-05
 4.26007209e-05 4.19205862e-05 5.27581906e-05 7.05436178e-05
 1.05209103e-04 2.59848075e-05 2.49961304e-05 3.37701422e-05
 1.61977805e-05 1.89494913e-05 1.01876913e-05 1.30724793e-05
 3.02059707e-05 2.08286747e-05 3.28822825e-05 1.20123295e-05
 7.53182803e-06 1.13670294e-05 7.20551770e-06 1.79565595e-05
 6.41450788e-06 1.25887236e-05 6.62041130e-05 5.93242294e-05
 5.84525660e-05 1.22573010e-05 7.46942305e-06 2.29377201e-05
 2.41615853e-05 2.41544130e-05 1.95086250e-05 6.27146301e-06
 2.14852189e-05 5.80256210e-06 3.69722256e-05 2.78890020e-05
 7.80511164e-06 9.51544280e-06 1.10465289e-05 5.57344856e-06
 1.64527391e-05 5.81571430e-06 2.89708187e-05 9.33455158e-06
 1.21844714e-05 2.50642029e-06 2.68430813e-06 2.99811359e-06
 6.76610762e-06 2.32149409e-06 1.20225707e-06 5.56295709e-06
 3.42658245e-06 2.93535072e-06 2.50417884e-06 1.45074137e-06
 7.60735475e-07 7.88939417e-07 5.32079639e-07 7.19142633e-07
 3.20857652e-07 3.01571419e-07 7.15835483e-07 2.68636114e-07
 2.27061776e-07 3.75556482e-07 5.47894103e-07 2.36490507e-07
 3.75786925e-07 2.26889028e-07 2.91623138e-07 5.66351105e-07
 2.02613407e-07 2.80219780e-07 3.29216249e-07 2.51944726e-07]
[1.03141758e-06 1.59707872e-06 2.01247917e-06 1.36713459e-06
 1.45896138e-06 1.24426037e-06 9.12070107e-07 1.18745572e-06
 1.22925439e-06 1.81584471e-06 2.40181953e-06 1.99423653e-06
 1.39128508e-06 1.50351786e-06 3.02988042e-06 2.44696844e-06
 2.52559494e-06 2.12291934e-06 1.04236335e-06 8.98596454e-07
 6.64103197e-07 7.76935565e-07 1.12158534e-06 1.61685841e-06
 9.59672661e-07 7.61245531e-07 5.97215319e-07 7.01318243e-07
 4.56512822e-07 7.31065256e-07 3.33240024e-07 1.25942654e-06
 3.85453745e-07 9.19802915e-07 7.24122629e-07 5.43561725e-07
 6.17087494e-07 7.39671520e-07 4.78112440e-07 9.87390536e-07
 9.83566565e-07 1.55864927e-06 7.06444780e-07 9.88570264e-07
 7.37516757e-07 9.34408774e-07 8.17281034e-07 1.02297133e-06
 7.35236711e-07 6.37345636e-07 1.02712511e-06 9.28105067e-07
 1.02298691e-06 1.45556305e-06 1.19612969e-06 2.06944787e-06
 1.29418333e-06 2.21702021e-06 1.74419210e-06 1.17983052e-06
 1.01540741e-06 1.94366658e-06 2.82872747e-06 1.98281941e-06
 3.41242162e-06 4.27869008e-06 6.36266986e-06 3.30432272e-06
 1.59327749e-06 3.96824771e-06 3.88385843e-06 7.81243671e-06
 3.02441845e-06 2.26341035e-06 2.80678432e-06 2.01811713e-06
 2.94084816e-06 2.42862461e-06 5.76484490e-06 1.10615738e-05
 2.66307575e-06 1.78823836e-06 2.32678735e-06 3.48780827e-06
 3.51711401e-06 2.93554331e-06 2.65272251e-06 3.14325530e-06
 3.85934482e-06 1.98095290e-06 2.49724826e-06 2.88186197e-06
 6.73678915e-06 3.37206870e-06 7.56458985e-06 9.29944417e-06
 3.79186531e-06 5.45654257e-06 6.67103086e-06 4.78581524e-06
 2.61241166e-06 3.57611862e-06 2.89367813e-06 7.04236982e-06
 2.79643768e-06 3.62708965e-06 3.06383595e-06 4.70244959e-06
 4.38898815e-06 3.16139744e-06 6.43498424e-06 4.94605320e-06
 3.69889494e-06 2.28946988e-06 4.86831004e-06 8.69049018e-06
 4.68990720e-06 3.83093675e-06 4.28229532e-06 2.85972033e-06
 6.19207412e-06 5.30103944e-06 7.84449276e-06 4.38517645e-06
 3.23187578e-06 6.48542300e-06 6.07555330e-06 5.86570422e-06
 9.16565568e-06 1.78334922e-05 1.67188537e-05 7.12052133e-06
 3.50694791e-06 5.87503973e-06 1.54870559e-05 2.12591167e-05
 1.76546837e-05 2.50792946e-05 1.09499051e-05 1.37763445e-05
 2.85457281e-05 5.02012954e-05 2.05612541e-05 3.63103827e-05
 3.31754127e-05 7.70409242e-05 8.67258859e-05 4.43899371e-05
 3.26654699e-05 1.93495398e-05 3.59051592e-05 9.57514203e-05
 2.43092563e-05 1.52218081e-05 1.26423038e-05 2.81600969e-05
 2.47330336e-05 1.72221480e-05 1.99533406e-05 3.05242829e-05
 2.82752153e-05 3.25227520e-05 4.80713497e-05 8.64889353e-06
 5.32548074e-06 2.53452235e-05 8.13444512e-06 1.22988959e-05
 4.99714188e-05 2.03626551e-05 5.37933265e-05 3.61497805e-05
 2.83830232e-05 1.49096350e-05 1.51321519e-05 6.57116398e-05
 2.15316049e-05 9.35342723e-06 1.26564728e-05 1.22811762e-05
 5.92928882e-06 4.67365226e-06 3.07560367e-05 6.26036353e-06
 1.79054750e-05 1.03377361e-05 1.37292927e-05 2.00603045e-05
 5.58487000e-06 4.10682878e-06 2.90464300e-06 2.53027920e-05
 1.78564424e-05 3.22450705e-06 2.77651293e-06 5.41101326e-06
 2.67985160e-06 1.78884511e-06 5.49430115e-06 3.71198325e-06
 8.51156619e-06 1.90151570e-06 4.44802663e-06 3.22481083e-06
 8.85127690e-07 1.40022337e-06 1.01429248e-06 1.62578579e-06
 7.52491530e-07 4.40461690e-07 3.37112709e-07 4.90113393e-07
 1.09487132e-06 6.42939028e-07 7.35903086e-07 3.54222465e-07
 7.00488442e-07 1.98792762e-07 4.27535014e-07 2.16036824e-07
 1.19000923e-07 5.77813523e-07 3.18873361e-07 4.83922179e-07]
[8.37041227e-07 1.03320224e-06 1.34469758e-06 2.61624518e-06
 1.17435877e-06 6.48297600e-07 1.29599550e-06 1.69387260e-06
 1.39656902e-06 1.68626423e-06 1.83163684e-06 1.53271196e-06
 9.58129590e-07 8.35114804e-07 1.52677046e-06 1.37189636e-06
 9.79834454e-07 1.04654225e-06 9.27087115e-07 8.14154419e-07
 1.08556753e-06 5.85043438e-07 5.90176853e-07 8.35812727e-07
 9.52111975e-07 5.35095751e-07 4.97699091e-07 4.86413967e-07
 4.62714837e-07 7.38127312e-07 5.06432173e-07 7.53415577e-07
 6.58856209e-07 6.63296930e-07 1.37247127e-06 6.31857063e-07
 4.84005113e-07 4.99971009e-07 5.03734611e-07 5.64548145e-07
 6.52913684e-07 4.81765539e-07 8.84242979e-07 5.58423096e-07
 7.33964043e-07 5.86639942e-07 8.35387709e-07 9.81905259e-07
 6.67816494e-07 5.33458149e-07 1.05865900e-06 1.43058060e-06
 1.05942149e-06 7.02877685e-07 1.79553501e-06 1.85144847e-06
 8.28632267e-07 1.20416905e-06 1.21038522e-06 1.04709034e-06
 7.76708532e-07 1.43364275e-06 3.09498228e-06 3.04352398e-06
 2.42503324e-06 2.90821504e-06 5.45302964e-06 6.51231130e-06
 3.69301165e-06 3.47661535e-06 2.88958040e-06 3.42854833e-06
 2.24262180e-06 1.95980533e-06 3.72032378e-06 2.64871346e-06
 2.08752340e-06 1.17746583e-06 3.58207876e-06 6.58821818e-06
 4.01767147e-06 2.17481170e-06 2.71385329e-06 3.06284096e-06
 2.04883577e-06 2.16298463e-06 2.84133966e-06 1.40840166e-06
 1.69804855e-06 2.34623280e-06 1.69922760e-06 4.50599691e-06
 2.75003208e-06 4.89220156e-06 8.55863163e-06 6.64437130e-06
 7.21264632e-06 5.26599842e-06 4.90307502e-06 2.95294831e-06
 3.33824005e-06 2.44193416e-06 2.82932319e-06 6.19590901e-06
 9.47585795e-06 8.45709565e-06 4.43285262e-06 6.29847773e-06
 1.67722544e-06 4.36314940e-06 7.82771895e-06 1.37064008e-05
 5.28840792e-06 1.91714003e-06 2.36966025e-06 3.66017161e-06
 3.58127932e-06 2.88719934e-06 8.15083695e-06 4.06802656e-06
 6.09831977e-06 4.34838876e-06 2.02228580e-06 5.42199996e-06
 3.07712185e-06 5.13826899e-06 8.76636932e-06 8.74063062e-06
 6.25879693e-06 6.89911030e-06 9.30438546e-06 5.13242185e-06
 6.25231269e-06 3.75435411e-06 1.19568394e-05 1.34829743e-05
 8.57887790e-06 1.13007700e-05 2.07254543e-05 1.40429074e-05
 1.85690606e-05 3.68613109e-05 5.40110304e-05 3.73749317e-05
 2.12431478e-05 1.28572547e-05 9.17603611e-05 3.89429333e-05
 5.35392646e-05 8.92909429e-06 3.41859668e-05 8.68213010e-06
 3.15591715e-05 5.58719830e-06 2.84445996e-05 2.13986405e-05
 6.49227877e-06 2.20722486e-05 8.99298266e-06 2.34270901e-05
 1.57846516e-05 9.88169722e-06 9.26312805e-06 8.79269282e-06
 9.42371116e-06 5.02856346e-06 5.22486835e-06 5.21539550e-06
 6.07498623e-06 1.35235487e-05 4.97548717e-05 5.43085225e-05
 1.95696048e-05 1.21079247e-05 2.03789259e-05 5.42378757e-06
 1.56463502e-05 9.04706667e-06 1.17034724e-05 1.11975023e-05
 4.20438346e-06 7.21548668e-06 3.29963950e-06 2.13601652e-05
 1.94498789e-05 6.74430930e-06 7.06653373e-06 1.01877640e-05
 1.50284650e-05 1.40673665e-05 1.56777480e-06 1.42339995e-05
 3.46991214e-06 3.68686210e-06 2.70949931e-06 2.43483373e-06
 2.23972825e-06 2.12767213e-06 1.69286977e-06 5.96398831e-06
 1.54749648e-06 1.09825612e-06 1.56021031e-06 2.67353448e-06
 1.18294759e-06 1.20606376e-06 1.73307035e-06 6.81397808e-07
 1.77803361e-06 3.61843860e-07 4.79994867e-07 2.89784083e-07
 2.51265874e-07 3.31763346e-07 7.21889649e-07 6.25692962e-07
 3.38022261e-07 2.56938165e-07 2.85161008e-07 3.06602061e-07
 2.04825525e-07 4.41988647e-07 1.38841528e-07 6.78436720e-08]
[6.37969094e-07 2.23388543e-06 2.02737033e-06 2.43504223e-06
 1.10084738e-06 1.14865179e-06 1.50262042e-06 1.61745118e-06
 9.44574538e-07 1.70115618e-06 1.81644862e-06 3.57962813e-06
 1.06441792e-06 8.90967669e-07 8.93045353e-07 1.30194178e-06
 1.21448898e-06 1.31509660e-06 1.66851953e-06 2.07617563e-06
 1.05951210e-06 4.36518008e-07 5.63496656e-07 8.64189644e-07
 7.51316747e-07 5.60792898e-07 6.81855624e-07 5.87205534e-07
 4.60981568e-07 4.97751103e-07 1.09571886e-06 8.55422968e-07
 7.02782074e-07 3.32592577e-07 7.19221532e-07 6.34365108e-07
 4.50200645e-07 3.54994881e-07 5.51800099e-07 7.26629594e-07
 7.80521702e-07 4.08617922e-07 4.22073526e-07 5.97593612e-07
 4.75111761e-07 5.06373055e-07 7.94816685e-07 1.17875891e-06
 6.47141178e-07 7.79427694e-07 5.66595190e-07 8.51081438e-07
 7.90620561e-07 8.90897411e-07 1.69416990e-06 2.31524996e-06
 9.36418303e-07 1.72776788e-06 1.85530928e-06 6.40953488e-07
 1.40275097e-06 1.65003576e-06 2.83893837e-06 3.97814802e-06
 4.82846917e-06 5.05167327e-06 7.04666309e-06 5.63299591e-06
 4.70898976e-06 5.77770743e-06 3.83487077e-06 4.00728277e-06
 2.91636775e-06 2.52870291e-06 4.84600378e-06 2.43135469e-06
 4.07285734e-06 1.35828304e-06 2.04225057e-06 1.78350547e-06
 2.92252548e-06 1.73375429e-06 4.82517271e-06 2.55619943e-06
 1.90258163e-06 1.81852204e-06 2.07947255e-06 2.34685103e-06
 2.29499824e-06 3.12163024e-06 3.18174466e-06 2.37823679e-06
 5.24902498e-06 4.21806044e-06 6.86904195e-06 5.67032248e-06
 6.94252822e-06 5.83002247e-06 2.62726371e-06 2.79987671e-06
 6.14690907e-06 2.05897504e-06 2.36004757e-06 4.91518267e-06
 2.64003302e-06 2.54567021e-06 4.34658295e-06 5.25700989e-06
 2.63392485e-06 2.05189303e-06 2.16257899e-06 3.25429278e-06
 2.35327570e-06 2.41561042e-06 3.07540904e-06 3.61446814e-06
 2.00336126e-06 2.08579718e-06 3.21722473e-06 4.88675641e-06
 3.75324385e-06 3.31148021e-06 6.94200071e-06 3.76818093e-06
 3.51117183e-06 1.89869104e-06 3.73168473e-06 7.24134725e-06
 1.05651807e-05 4.92975551e-06 5.34427954e-06 8.09348694e-06
 9.11041843e-06 5.68321275e-06 1.05167455e-05 1.96450019e-05
 1.04421606e-05 7.24291021e-06 2.13385865e-05 1.12224434e-05
 9.96593826e-06 9.11366078e-06 1.68154456e-05 1.57707673e-05
 1.01694632e-05 2.93699268e-05 2.87863604e-05 4.29737738e-05
 2.01639396e-05 6.82973359e-06 1.36573608e-05 3.50618975e-05
 2.23528914e-05 6.55581653e-06 2.53794988e-05 2.24228479e-05
 1.20565537e-05 7.33248316e-06 7.77940568e-06 2.68464428e-05
 1.96309575e-05 1.80196566e-05 7.87827321e-06 4.54446808e-06
 7.49973742e-06 4.38475627e-06 5.55384531e-06 1.13255001e-05
 2.45574684e-05 1.74293582e-05 3.00560769e-05 1.25771994e-05
 3.90495297e-05 1.35498749e-05 3.50605442e-05 1.25521728e-05
 1.57674058e-05 2.04672742e-05 8.88331124e-06 1.88457361e-05
 9.63802540e-06 5.79938251e-06 3.04711830e-06 1.91037889e-05
 1.02437143e-05 5.73426178e-06 2.58060572e-06 9.89040018e-06
 5.55214910e-06 2.00953928e-05 1.11287636e-05 4.60656065e-06
 2.43740692e-06 3.33010598e-06 5.79628795e-06 2.96333042e-06
 1.19516301e-06 2.69371526e-06 6.41209454e-06 1.48851359e-06
 2.21298251e-06 1.72799753e-06 1.94425479e-06 1.00519946e-06
 1.35479206e-06 8.95703749e-07 1.64006030e-06 7.26451674e-07
 6.71103919e-07 4.80053814e-07 6.59069940e-07 3.57365849e-07
 5.76478726e-07 5.90909110e-07 2.44161384e-07 7.65996674e-07
 4.34862613e-07 3.66357312e-07 2.65125124e-07 3.16896148e-07
 2.68490851e-07 2.67923554e-07 2.83902892e-07 8.00811577e-08]
[1.17255229e-06 1.96096676e-06 1.79151959e-06 1.98997736e-06
 1.20179357e-06 1.35842890e-06 1.06009600e-06 2.10921144e-06
 1.26179441e-06 1.08514473e-06 3.95371399e-06 1.62342201e-06
 1.89148034e-06 1.22244307e-06 1.67647761e-06 1.52421023e-06
 1.80448251e-06 1.37888992e-06 1.19182505e-06 1.18299283e-06
 8.97475559e-07 1.11712586e-06 4.89827926e-07 9.12563507e-07
 7.93976426e-07 3.02518458e-07 5.88628666e-07 5.32894717e-07
 4.37089312e-07 4.19430563e-07 5.14464716e-07 8.80366940e-07
 7.51142068e-07 4.57724809e-07 3.75815745e-07 8.06180026e-07
 1.27409169e-06 5.93388620e-07 8.37602727e-07 6.14116004e-07
 6.03893625e-07 5.71701150e-07 6.47855643e-07 4.75700716e-07
 8.02006753e-07 7.50052379e-07 1.08166614e-06 1.77858783e-06
 1.27834346e-06 1.18993728e-06 8.42989493e-07 8.63813966e-07
 1.21138987e-06 1.19214610e-06 1.75910327e-06 2.92337813e-06
 1.09059636e-06 9.93100343e-07 1.24376527e-06 9.94827019e-07
 4.77365847e-06 1.32408547e-06 2.30186106e-06 4.72305101e-06
 3.06946527e-06 6.24761333e-06 5.54179087e-06 5.76262437e-06
 5.73987063e-06 2.05513084e-06 4.11435758e-06 3.85999374e-06
 4.06103572e-06 2.48482843e-06 4.92552635e-06 3.61337879e-06
 3.14556996e-06 2.00555905e-06 3.57354543e-06 3.94312929e-06
 1.47603703e-06 2.64721189e-06 6.36190862e-06 3.82905273e-06
 1.26086616e-06 1.79606229e-06 3.37725692e-06 5.45058856e-06
 2.75614480e-06 2.03654486e-06 2.81849680e-06 2.97139468e-06
 2.65256654e-06 2.57190550e-06 4.61776835e-06 4.68214648e-06
 6.23673259e-06 7.28814894e-06 5.57530666e-06 4.00386762e-06
 5.83539668e-06 3.14983117e-06 3.13270448e-06 3.76379580e-06
 3.84350324e-06 3.15912257e-06 8.35308856e-06 4.22408766e-06
 6.15716408e-06 3.02375975e-06 3.46039155e-06 2.79330311e-06
 4.90330558e-06 1.12884591e-05 7.99145255e-06 3.59197179e-06
 3.96360929e-06 1.03185596e-06 1.08149079e-05 4.11094334e-06
 5.17045373e-06 9.55338237e-06 6.45280716e-06 3.33739831e-06
 7.64234483e-06 4.16176044e-06 7.09068217e-06 1.26820596e-05
 1.45820841e-05 1.19069982e-05 1.09031344e-05 4.21344930e-06
 9.82854453e-06 7.36251968e-06 9.26518260e-06 6.66775077e-06
 7.65696586e-06 1.08504528e-05 1.73723347e-05 1.73983481e-05
 7.81834297e-06 1.04938163e-05 2.55996147e-05 1.97313566e-05
 3.08465278e-05 1.44326295e-05 3.39844810e-05 3.55501834e-05
 3.42625171e-05 1.70271251e-05 2.77255476e-05 9.26811845e-06
 3.40479055e-05 1.47232722e-05 1.11000436e-05 1.56922542e-05
 1.33138965e-05 6.81387974e-06 1.21536032e-05 1.26186496e-05
 1.37866118e-05 1.92915195e-05 1.27609137e-05 8.12873350e-06
 5.35256913e-06 5.63752883e-06 1.47126630e-05 1.92077950e-05
 8.42547070e-06 1.04481833e-05 1.62918514e-05 1.76282250e-04
 1.64693047e-04 1.26473287e-05 1.14211252e-05 1.04703904e-05
 1.19255383e-05 3.20587533e-05 1.36287535e-05 2.09447153e-05
 1.50143833e-05 4.68713142e-06 5.38525410e-06 1.16935980e-05
 6.34993785e-06 2.04646931e-05 7.50417576e-06 3.55129919e-06
 5.07549839e-06 6.58247018e-06 7.32603030e-06 4.53124994e-06
 2.78276821e-06 2.32959223e-06 5.10115206e-06 4.78359243e-06
 2.70887540e-06 1.36485517e-06 2.15425712e-06 4.39476707e-06
 1.22174072e-06 1.03923310e-06 2.96751818e-06 2.80539984e-06
 2.90146454e-06 7.09060714e-07 6.37539813e-07 6.11782809e-07
 5.79691687e-07 3.80707093e-07 7.20140804e-07 4.84274949e-07
 1.38439236e-06 9.46896705e-07 1.05962010e-06 5.98273289e-07
 2.43665255e-07 3.04594437e-07 2.40352875e-07 2.62951147e-07
 1.48803892e-07 2.01943465e-07 1.58067991e-07 7.12594002e-08]
[9.83596237e-07 9.39371148e-07 1.40412851e-06 1.67269991e-06
 9.54462053e-07 8.57619909e-07 1.00103910e-06 1.57362422e-06
 1.61076821e-06 1.09599796e-06 2.48846322e-06 1.54200507e-06
 1.22477059e-06 1.33471224e-06 1.04555227e-06 1.39113126e-06
 1.07965604e-06 1.24389771e-06 1.13721569e-06 2.40073473e-06
 1.42744523e-06 6.72763065e-07 4.88388821e-07 8.19483319e-07
 4.80791186e-07 5.94878486e-07 6.72301667e-07 6.13966961e-07
 5.73205512e-07 5.94823121e-07 6.87544059e-07 9.87277531e-07
 4.95319227e-07 6.23558435e-07 1.40495320e-06 1.01562841e-06
 5.76126638e-07 5.58929514e-07 6.47647539e-07 9.15147382e-07
 5.33881064e-07 6.84030681e-07 7.62018317e-07 6.38299525e-07
 7.35508195e-07 1.36372239e-06 1.71595366e-06 1.46205605e-06
 1.01456044e-06 1.08890470e-06 8.52734331e-07 1.00262366e-06
 1.06687423e-06 1.34721029e-06 1.10657788e-06 2.96875623e-06
 3.58253146e-06 3.64133552e-06 3.05079448e-06 1.87666228e-06
 3.15456123e-06 2.35618450e-06 1.75515231e-06 3.21073207e-06
 3.11170425e-06 3.02683634e-06 4.90637967e-06 6.93041920e-06
 2.13297017e-06 2.40065060e-06 6.01558577e-06 4.12697318e-06
 3.75581544e-06 3.12114275e-06 1.04734145e-05 3.50698133e-06
 2.13146473e-06 2.55385589e-06 3.22531855e-06 4.45682235e-06
 1.58818875e-06 1.59194985e-06 3.58897410e-06 2.59691592e-06
 3.24497614e-06 1.58823639e-06 2.26460998e-06 5.00655506e-06
 2.50839662e-06 3.60862509e-06 2.62820890e-06 3.61289949e-06
 5.90051559e-06 2.52215887e-06 7.41231270e-06 2.63587845e-06
 4.86892714e-06 5.85797716e-06 4.51947699e-06 3.86652709e-06
 2.35514676e-06 2.45959109e-06 2.75711500e-06 2.25811141e-06
 2.63842480e-06 2.99407111e-06 3.82125791e-06 2.97268707e-06
 7.23436597e-06 4.48519313e-06 6.42646410e-06 5.76162574e-06
 3.80689585e-06 2.87030412e-06 6.58251338e-06 2.34703271e-06
 2.28600834e-06 1.16238834e-05 1.23243908e-05 3.53142900e-06
 2.65082690e-06 5.93582627e-06 6.26965493e-06 4.18901209e-06
 2.95799987e-06 1.01016221e-05 8.15837211e-06 7.86088003e-06
 9.08666334e-06 4.96413168e-06 1.26520999e-05 6.61490049e-06
 8.34970615e-06 8.39790573e-06 1.91192539e-05 1.29901355e-05
 7.56665258e-06 8.77608090e-06 1.55448306e-05 2.27901182e-05
 2.18867499e-05 1.80428851e-05 2.71414738e-05 3.30551957e-05
 2.64720529e-05 3.94655945e-05 8.24017552e-05 5.70735720e-05
 6.52437666e-05 1.54637328e-05 1.93279120e-05 1.57309496e-05
 1.27795856e-05 4.62120806e-05 3.39270482e-05 2.08605288e-05
 1.07571932e-05 1.73445933e-05 2.19759095e-05 1.07469650e-05
 4.54880501e-05 2.59213411e-05 8.81902724e-06 1.89416969e-05
 4.75242232e-05 1.11159325e-05 1.23053496e-05 8.34175225e-05
 4.23502388e-05 1.82177228e-05 3.05884569e-05 9.48835168e-06
 2.07873454e-05 1.15288458e-05 9.86393206e-06 1.47310357e-05
 8.14883879e-06 3.48814751e-06 2.07841422e-05 7.24737174e-06
 7.31933687e-06 5.06462266e-06 5.47454647e-06 6.98023723e-06
 1.12919515e-05 1.65894089e-05 7.48756975e-06 3.10856808e-06
 7.84629174e-06 3.55155794e-06 4.47430511e-06 8.00306316e-06
 3.76176990e-06 2.34913955e-06 2.89056402e-06 3.64992843e-06
 3.12702105e-06 2.73573755e-06 3.36676658e-06 4.41897419e-06
 2.36585515e-06 1.89916443e-06 1.67763346e-06 1.27338808e-06
 1.80688960e-06 7.71379291e-07 1.67031124e-06 1.46144748e-06
 1.01289595e-06 2.89008511e-07 5.67349275e-07 1.10577264e-06
 6.18839749e-07 7.42529835e-07 3.52169280e-07 3.32388140e-07
 5.47833167e-07 5.08887126e-07 4.13642738e-07 2.43066069e-07
 3.69465738e-07 1.24208853e-07 1.04988921e-07 6.95550568e-08]
[3.57395010e-07 7.02698344e-07 6.11184248e-07 8.15965166e-07
 8.54135635e-07 4.30660833e-07 7.76810964e-07 1.05145034e-06
 8.84858764e-07 5.99945622e-07 6.94548135e-07 1.62157846e-06
 1.40792406e-06 1.12005614e-06 3.38672021e-06 2.87778107e-06
 1.06829668e-06 9.51024333e-07 1.15703358e-06 1.48971151e-06
 8.22439972e-07 8.49347600e-07 5.52567542e-07 5.87008856e-07
 5.89274350e-07 5.81997199e-07 7.13857901e-07 5.24356153e-07
 4.47684187e-07 4.90359810e-07 5.36698906e-07 7.88177431e-07
 3.63536429e-07 3.58216880e-07 4.88611249e-07 6.09937956e-07
 4.25845201e-07 6.30611851e-07 5.73298109e-07 7.65171137e-07
 4.46489679e-07 4.87054251e-07 6.31115711e-07 3.38508158e-07
 3.50344294e-07 3.12347368e-07 7.74109878e-07 7.37833318e-07
 3.65256568e-07 4.76150802e-07 6.33630350e-07 1.11292240e-06
 5.35283618e-07 1.39571694e-06 4.74030639e-06 1.83005398e-06
 1.81504640e-06 2.67604082e-06 1.40344537e-06 7.55175051e-06
 3.78513209e-06 1.96870064e-06 2.84004363e-06 3.68921906e-06
 2.36888604e-06 4.65733092e-06 4.79951132e-06 3.00574834e-06
 2.53758049e-06 3.32955096e-06 2.96240182e-06 2.49284199e-06
 1.93236087e-06 2.64757205e-06 1.61191565e-06 1.77824461e-06
 3.03382330e-06 1.92100106e-06 3.21588209e-06 3.21656466e-06
 1.97239092e-06 1.08141842e-06 2.44961825e-06 2.20363449e-06
 2.77238973e-06 1.51943152e-06 3.03227375e-06 2.72473972e-06
 3.46931938e-06 3.65739652e-06 3.34923175e-06 6.97961514e-06
 2.87707371e-06 2.84368411e-06 3.94919653e-06 2.96247799e-06
 2.33221067e-06 3.36335211e-06 3.75731111e-06 6.52286008e-06
 4.88518253e-06 2.14651004e-06 3.96339647e-06 4.20720608e-06
 2.53202870e-06 1.53383371e-06 3.89604247e-06 4.06773688e-06
 3.99562805e-06 3.71613191e-06 1.38256919e-05 5.56563691e-06
 5.03421325e-06 3.91573712e-06 2.06858772e-06 9.84214330e-06
 6.05153036e-06 2.91569836e-06 2.00551040e-06 1.69215343e-06
 2.70395299e-06 2.23842721e-06 2.64701362e-06 1.04389110e-05
 3.23758445e-06 4.79031360e-06 4.94431652e-06 5.04461832e-06
 6.59068837e-06 2.63912148e-06 7.92810260e-06 4.60354704e-06
 3.34971151e-06 4.31878425e-06 1.90791525e-05 1.60126219e-05
 5.81264385e-06 9.16141562e-06 7.74446016e-06 3.41913656e-05
 1.04152905e-05 1.48949039e-05 1.80732932e-05 1.58238017e-05
 9.79810738e-06 2.63914626e-05 3.62350111e-05 3.46460474e-05
 2.95817172e-05 4.43364806e-05 2.88257725e-05 2.53149337e-05
 8.30193585e-06 1.31109146e-05 1.52507500e-05 1.61313947e-05
 2.38458724e-05 1.45058293e-05 7.00624878e-05 4.24022983e-05
 5.98914812e-05 2.01459989e-05 6.77046410e-06 3.67286957e-05
 3.70460912e-05 3.14784811e-05 1.82406202e-05 1.69503837e-05
 7.01343670e-05 1.00017960e-05 3.59526384e-05 1.90558480e-04
 1.25493834e-05 7.75008903e-06 1.50733640e-05 8.96613528e-06
 2.15459058e-05 5.96450491e-06 1.06647167e-05 6.42490659e-06
 5.36885136e-06 2.17013803e-06 4.39951145e-06 4.86926729e-06
 4.73176760e-06 5.51257290e-06 4.89109516e-06 5.12481847e-06
 4.51462802e-06 2.44739908e-06 2.15728801e-06 2.50313701e-06
 3.92066931e-06 1.56328679e-06 2.85872625e-06 2.54639849e-06
 1.99455076e-06 2.03462491e-06 1.66645907e-06 2.00895488e-06
 1.00725663e-06 1.46764035e-06 1.64654796e-06 1.01327009e-06
 1.13020394e-06 6.22887740e-07 4.72446345e-07 1.08725669e-06
 7.11203256e-07 6.76595789e-07 5.21496531e-07 2.88825305e-07
 5.49633910e-07 6.24629479e-07 6.37172377e-07 3.93049277e-07
 2.80704995e-07 1.99654394e-07 2.34852465e-07 1.34561517e-07
 2.10980588e-07 9.88348674e-08 1.30629786e-07 6.36707753e-08]
[4.55962891e-07 7.02417822e-07 6.42730981e-07 4.42689355e-07
 3.37907295e-07 7.19904165e-07 4.54075376e-07 1.17672164e-06
 7.91441437e-07 7.21711331e-07 7.96734582e-07 1.10428289e-06
 5.53196855e-07 1.22017616e-06 1.91388153e-06 1.48867286e-06
 2.40962663e-06 1.30496267e-06 1.03806042e-06 1.15777141e-06
 9.19099591e-07 5.17219689e-07 4.03206514e-07 4.29190663e-07
 5.77146409e-07 5.23665733e-07 5.43634144e-07 8.43722944e-07
 6.55122506e-07 4.73059771e-07 2.85646735e-07 4.75994597e-07
 4.71252491e-07 8.85177997e-07 7.63031039e-07 5.23379242e-07
 3.63742316e-07 3.34723836e-07 6.42254008e-07 3.32993210e-07
 3.90662791e-07 6.02695422e-07 7.59284887e-07 6.35102481e-07
 5.01475313e-07 4.56741958e-07 4.58109270e-07 7.67333347e-07
 1.11818895e-06 6.72346005e-07 9.15420685e-07 1.09571340e-06
 1.09979010e-06 8.45622424e-07 2.99431326e-06 1.84729197e-06
 2.05974948e-06 1.62385879e-06 1.88397269e-06 4.08242659e-06
 7.16533896e-06 1.86396483e-06 4.48823857e-06 3.39991948e-06
 1.98497492e-06 1.97181430e-06 1.74274362e-06 2.35652828e-06
 2.86827003e-06 8.41530436e-06 5.70083603e-06 5.69125450e-06
 1.42083479e-06 1.43674981e-06 2.49509162e-06 1.96688325e-06
 3.51344170e-06 3.42788371e-06 5.04298987e-06 4.59364537e-06
 2.42777446e-06 2.02524302e-06 1.33754850e-06 3.12590350e-06
 1.34023878e-06 3.72382056e-06 4.35505126e-06 2.56699605e-06
 4.16492139e-06 3.14513090e-06 1.73945011e-06 2.43865611e-06
 2.14887882e-06 5.24421239e-06 2.99073417e-06 4.14279384e-06
 2.69675365e-06 4.20093238e-06 3.80496863e-06 1.90519802e-06
 2.63132461e-06 1.39073825e-06 3.26560166e-06 3.71999909e-06
 2.82992710e-06 1.52882387e-06 2.26064617e-06 4.64367758e-06
 5.24975258e-06 3.98740167e-06 2.54169845e-06 5.69996291e-06
 6.69883775e-06 5.68546602e-06 3.09820462e-06 3.07585583e-06
 1.49200150e-06 1.73329101e-06 2.92347318e-06 3.93353776e-06
 3.97139183e-06 3.24864891e-06 4.11690826e-06 7.61827096e-06
 2.07750600e-06 2.00553404e-06 6.22624793e-06 2.91550373e-06
 3.56235137e-06 2.12970826e-06 2.22250287e-06 2.61015907e-06
 4.84039901e-06 4.25055487e-06 1.23124964e-05 3.00529155e-05
 1.99551432e-05 2.25790991e-05 4.19015560e-05 1.74626457e-05
 1.12921889e-05 1.57545928e-05 1.86305770e-05 1.90361297e-05
 2.68614822e-05 1.49774687e-05 1.45573176e-05 4.83059011e-05
 5.67229254e-05 2.30020396e-05 4.50994994e-05 3.73379116e-05
 1.94843615e-05 9.67155938e-06 1.51483218e-05 1.91532872e-05
 1.74454235e-05 7.65248842e-06 2.24846062e-05 1.27042149e-05
 4.37145027e-05 1.44996402e-05 9.13025269e-06 1.01367541e-05
 2.67120413e-06 4.47843468e-06 3.90714777e-05 3.45315930e-05
 9.66410698e-06 1.01787728e-05 1.18995640e-05 2.21125083e-05
 1.16302845e-05 2.39237052e-05 2.36022115e-05 8.18200806e-06
 7.27383667e-06 4.96270741e-06 9.60972375e-06 4.07029120e-06
 2.45809360e-06 5.41003101e-06 4.26026372e-06 4.93316657e-06
 5.57019303e-06 4.61447326e-06 3.33540697e-06 3.77845049e-06
 5.24670440e-06 4.18361060e-06 3.47855098e-06 9.01748808e-06
 8.31328362e-06 5.97635017e-06 2.68642157e-06 3.61498610e-06
 2.22941526e-06 4.35860056e-06 6.35649440e-06 7.30115971e-07
 1.17661000e-06 1.45829438e-06 1.73629485e-06 3.70649923e-06
 4.76161904e-06 8.21649849e-07 4.13021326e-07 1.08221866e-06
 1.37447796e-06 7.72166288e-07 8.37049640e-07 7.79796721e-07
 5.94470009e-07 3.32833139e-07 2.92771944e-07 4.94255744e-07
 2.47800330e-07 1.81183339e-07 2.45574398e-07 2.38162855e-07
 2.26079464e-07 1.56032968e-07 8.72911983e-08 4.21671693e-08]
[5.94240930e-07 1.13586145e-06 1.57394243e-06 1.68112444e-06
 6.49527976e-07 4.39530822e-07 7.94473635e-07 5.77823812e-07
 1.08387462e-06 8.87929616e-07 9.76329261e-07 9.90033755e-07
 1.10371423e-06 1.40844156e-06 2.08212509e-06 1.12827968e-06
 1.02128865e-06 2.71119484e-06 1.73782394e-06 2.11362726e-06
 8.60465946e-07 6.32859326e-07 6.93109769e-07 7.09029791e-07
 4.33978215e-07 3.85820158e-07 5.84068118e-07 4.22977479e-07
 6.41089628e-07 6.42639122e-07 6.20632079e-07 6.00587157e-07
 9.57462248e-07 6.36612242e-07 5.58975728e-07 5.05818946e-07
 8.84652252e-07 4.24030446e-07 6.07306390e-07 4.27804935e-07
 4.18135897e-07 8.27087376e-07 1.12778309e-06 8.56671193e-07
 4.77488072e-07 9.89435875e-07 8.59007457e-07 1.09332359e-06
 6.00034468e-07 1.27915916e-06 1.38266114e-06 1.51964321e-06
 1.13275530e-06 2.09106861e-06 2.32989260e-06 1.97696659e-06
 2.31116110e-06 1.24396149e-06 4.62640901e-06 6.14207374e-06
 3.30418516e-06 4.29577040e-06 8.33093600e-06 3.73878515e-06
 2.81659413e-06 3.56306623e-06 2.23706525e-06 2.52608402e-06
 2.90914977e-06 1.78490120e-06 4.92724394e-06 3.00018041e-06
 2.12400573e-06 2.43642853e-06 1.67808685e-06 3.52461052e-06
 2.45360707e-06 2.08688289e-06 9.08292895e-06 1.76990306e-06
 1.10855137e-06 1.78930134e-06 2.72981310e-06 2.18399896e-06
 2.54265001e-06 2.12967848e-06 4.15234899e-06 3.56632881e-06
 2.71335352e-06 1.66738664e-06 3.42349063e-06 3.65704932e-06
 5.57316753e-06 1.04078945e-05 5.07003097e-06 6.84564338e-06
 4.24136260e-06 1.84637418e-06 4.05904120e-06 2.41046678e-06
 2.57829561e-06 2.66402640e-06 3.75991226e-06 3.15862121e-06
 2.21528035e-06 2.85107922e-06 1.79213805e-06 6.12016220e-06
 4.70405894e-06 2.23527854e-06 2.82008182e-06 3.93195432e-06
 4.24632026e-06 4.28347994e-06 4.89048989e-06 1.34293923e-05
 2.41525618e-06 2.90278626e-06 2.88202068e-06 2.39103724e-06
 5.70776820e-06 4.10330267e-06 4.96061739e-06 5.62387731e-06
 3.23456220e-06 3.90309469e-06 5.52019992e-06 1.55540565e-05
 1.35907794e-05 3.56208216e-06 2.82551173e-06 3.29898171e-06
 2.35443190e-06 6.42307532e-06 1.36299786e-05 1.46137127e-05
 1.23508444e-05 7.49670789e-06 1.57127888e-05 1.04297251e-05
 2.54759707e-05 7.44794306e-06 9.37684399e-06 3.54918047e-05
 2.89376767e-05 1.43249008e-05 2.68398489e-05 1.75213809e-05
 2.51205856e-05 1.41183309e-05 1.14854229e-05 1.81254600e-05
 1.49166808e-05 1.11889722e-05 6.00573003e-06 1.02428576e-05
 2.08472611e-05 2.91443234e-06 1.46556004e-05 1.61375385e-04
 6.44784523e-05 4.83023141e-05 1.31478109e-05 2.06903769e-05
 1.84755681e-05 6.76390709e-06 1.28213615e-05 3.21058760e-05
 7.92129213e-05 4.11414803e-05 2.34648815e-05 6.04726165e-06
 1.12728230e-05 5.46776528e-06 2.22581875e-05 1.16388364e-05
 1.22761421e-05 4.44568923e-06 6.32244655e-06 6.50223274e-06
 3.48881144e-06 1.24083845e-05 6.28782482e-06 9.08486527e-06
 4.91809624e-06 6.01970487e-06 7.43587361e-06 5.27654129e-06
 6.14545070e-06 4.29446891e-06 4.05629407e-06 5.64213178e-06
 2.93781341e-06 4.39035784e-06 4.33755349e-06 1.63598577e-06
 2.49912068e-06 2.81689790e-06 3.04462446e-06 2.16622516e-06
 6.85144357e-07 5.13374232e-07 6.22012385e-06 1.50221479e-06
 1.34515949e-06 6.01839247e-07 5.82174096e-07 5.91489027e-07
 8.71462532e-07 7.67220229e-07 8.80153493e-07 8.47564763e-07
 4.54108175e-07 6.83065764e-07 3.92990273e-07 2.92757647e-07
 5.17901810e-07 2.71679340e-07 3.81946819e-07 2.82657794e-07
 2.31136312e-07 1.41344557e-07 9.34115221e-08 1.06227297e-07]
[6.0675461e-07 9.5981432e-07 1.6118278e-06 1.6695627e-06 4.6227228e-07
 5.9306541e-07 9.8636121e-07 7.9871558e-07 5.5672814e-07 5.1877487e-07
 7.3989878e-07 6.6821502e-07 8.7959029e-07 6.6201733e-07 9.3886030e-07
 1.0880473e-06 1.8838433e-06 1.1220615e-06 1.5915797e-06 1.5900046e-06
 8.5734263e-07 6.0509291e-07 1.2023376e-06 1.7271456e-06 7.7437534e-07
 9.9109491e-07 1.1990888e-06 6.6626717e-07 4.7585965e-07 5.2785629e-07
 4.2661566e-07 2.9103265e-07 6.3461363e-07 9.6064252e-07 1.1807152e-06
 3.6060979e-07 4.9543019e-07 5.4650462e-07 7.8270108e-07 6.1347191e-07
 5.4953472e-07 6.4464001e-07 5.5369918e-07 8.7741159e-07 1.0074833e-06
 5.2670163e-07 6.8269401e-07 7.8066478e-07 1.1609239e-06 8.9892728e-07
 1.2025240e-06 1.5705992e-06 1.3346604e-06 2.4433118e-06 1.5615748e-06
 2.5190682e-06 2.4121466e-06 2.9850332e-06 2.2670554e-06 4.2311690e-06
 2.4331757e-06 8.1031403e-06 8.3778723e-06 1.6480229e-06 2.1074286e-06
 5.2799164e-06 2.8119321e-06 6.1435571e-06 5.7090560e-06 3.9551337e-06
 5.2102801e-06 4.6094697e-06 2.2966683e-06 3.9162401e-06 3.6968788e-06
 1.5197451e-06 2.2064710e-06 3.1579002e-06 4.3217788e-06 2.0467285e-06
 1.9336155e-06 2.8094466e-06 3.1921552e-06 3.7857581e-06 2.5345960e-06
 2.5040683e-06 7.2972921e-06 5.1007878e-06 4.5077045e-06 3.3821291e-06
 2.6471550e-06 3.3408912e-06 7.0832489e-06 7.3157230e-06 3.0685726e-06
 3.0766150e-06 3.8540584e-06 2.1960982e-06 8.0406144e-06 4.0020718e-06
 1.7374620e-06 3.2834789e-06 2.7426504e-06 5.8109908e-06 3.6222425e-06
 4.7821691e-06 3.9653100e-06 1.9857328e-06 5.3263898e-06 2.9062010e-06
 4.4349731e-06 3.9410347e-06 4.2504630e-06 1.4048756e-05 3.2219430e-06
 4.3023083e-06 2.4833885e-06 2.4124449e-06 4.3616969e-06 8.2593860e-06
 2.8636430e-06 5.8767764e-06 4.2683546e-06 3.6291631e-06 6.4189007e-06
 4.9644282e-06 8.9621499e-06 8.9473606e-06 7.9807860e-06 3.4470938e-06
 2.3940377e-06 5.3860440e-06 2.9956809e-06 3.3030847e-06 7.9328793e-06
 1.1140101e-05 1.0247935e-05 7.8660278e-06 1.7161567e-05 1.4937839e-05
 7.1997219e-06 7.6484339e-06 3.4757581e-05 2.8328717e-05 1.5379692e-05
 1.7143704e-05 1.0892269e-05 6.6742112e-05 1.7305318e-05 8.5011870e-06
 1.9435447e-05 2.9481287e-05 1.6815024e-05 9.0421900e-06 1.0672459e-05
 1.9411777e-05 5.6578829e-06 6.1414880e-06 1.1656390e-05 1.7731434e-05
 3.2491545e-05 2.4136549e-05 1.3675559e-05 1.5046906e-05 1.2086320e-05
 1.4663509e-05 4.0942582e-06 1.2436160e-05 2.3436905e-05 1.2160897e-05
 2.8792158e-05 2.3153072e-05 1.3734189e-05 7.8605108e-06 1.0103379e-05
 7.9461197e-06 8.5051697e-06 2.9385428e-06 5.2383152e-06 1.7140323e-05
 2.8134330e-06 9.1370102e-06 6.0871753e-06 7.1436771e-06 8.9062487e-06
 6.7382534e-06 8.2251299e-06 1.1008359e-05 9.1130232e-06 3.0707458e-06
 5.5490996e-06 2.4424774e-06 2.2151833e-06 3.2635680e-06 2.4247438e-06
 7.2956715e-07 1.1454272e-06 1.1695405e-06 3.0852996e-06 2.4172468e-06
 1.3877656e-06 1.3653754e-06 2.7045123e-06 2.0038763e-06 7.5060240e-07
 5.6859409e-07 6.2284130e-07 7.3222071e-07 6.9779571e-07 7.1802833e-07
 7.8945817e-07 5.5830969e-07 4.8716890e-07 6.9629937e-07 7.7485885e-07
 5.4599622e-07 3.5699858e-07 2.1349808e-07 3.5649035e-07 2.7228995e-07
 1.8984157e-07 3.7424559e-07 3.9862050e-07 1.5191954e-07]
[5.00062811e-07 6.98186568e-07 1.06120331e-06 1.06123855e-06
 4.30413337e-07 4.50240208e-07 5.50591665e-07 2.97623700e-07
 5.56941075e-07 4.99939972e-07 5.84407246e-07 4.32740222e-07
 5.04696004e-07 5.03722447e-07 7.50732852e-07 1.10195049e-06
 1.63440245e-06 1.10914732e-06 2.40846725e-06 1.24322992e-06
 1.94184281e-06 9.52946721e-07 6.58280157e-07 1.56917315e-06
 1.12096382e-06 7.74611692e-07 7.11649648e-07 4.06312211e-07
 4.63880383e-07 3.65752072e-07 3.19504267e-07 5.42235910e-07
 7.19408661e-07 8.40364009e-07 5.08078472e-07 2.38138725e-07
 3.03037439e-07 3.84730583e-07 4.89679849e-07 3.79810103e-07
 8.98680980e-07 5.29252645e-07 9.27849385e-07 1.20977575e-06
 7.57802297e-07 4.56578931e-07 8.26807764e-07 8.57527709e-07
 5.57898090e-07 5.98798181e-07 8.95745814e-07 1.93406049e-06
 7.82076256e-07 7.40921678e-07 9.05246281e-07 1.22320273e-06
 4.29773763e-06 6.09290100e-06 5.13399937e-06 3.75194281e-06
 5.18247043e-06 5.45202101e-06 3.09341772e-06 3.21707626e-06
 1.52363702e-06 1.56965746e-06 1.91909749e-06 1.52467237e-06
 1.56095268e-06 2.31346189e-06 3.16412729e-06 2.50416633e-06
 2.30412411e-06 2.60496586e-06 2.77008803e-06 2.18041896e-06
 2.50577023e-06 4.50221478e-06 4.35800393e-06 2.19282697e-06
 2.50543894e-06 1.86085526e-06 3.01347904e-06 3.23094469e-06
 3.37061124e-06 1.63126640e-06 2.60548745e-06 3.10131168e-06
 2.76950118e-06 4.69677116e-06 5.17378976e-06 1.96651831e-06
 3.10213909e-06 2.63451057e-06 2.90311982e-06 7.98453584e-06
 3.11313511e-06 3.86997590e-06 3.68512269e-06 2.51700226e-06
 1.80564530e-06 9.46241698e-07 3.82189819e-06 4.85731971e-06
 5.77090805e-06 3.83185261e-06 4.39077121e-06 2.08543725e-06
 5.49539300e-06 4.24881773e-06 7.19894342e-06 8.65030233e-06
 4.93674224e-06 1.04133751e-05 8.79989966e-06 9.29493581e-06
 5.95121810e-06 1.43349337e-06 1.90429080e-06 4.24633299e-06
 3.23725794e-06 2.03770946e-06 3.33918229e-06 3.10367318e-06
 1.98946213e-06 2.94298547e-06 7.91624279e-06 3.81846439e-06
 8.58885414e-06 3.76802723e-06 2.97608290e-06 3.00670968e-06
 3.61676462e-06 1.75523928e-05 5.15172769e-06 1.14131326e-05
 5.17720628e-06 6.63162291e-06 1.01631294e-05 4.50830112e-06
 7.85058728e-06 6.76842637e-06 2.17052529e-05 5.02379953e-05
 2.78018979e-05 1.23677528e-05 1.93544274e-05 1.02567437e-05
 2.27979344e-05 1.22770662e-05 1.20994746e-05 7.64726519e-06
 1.07089363e-05 2.62216272e-05 1.19630085e-05 1.15523981e-05
 7.60726334e-06 6.01607326e-06 7.73579086e-06 6.08663913e-06
 2.36614796e-05 1.78529936e-05 7.16930890e-06 1.02467275e-05
 1.56469450e-05 3.22486121e-05 6.69287920e-06 1.07147180e-05
 5.18041497e-06 1.06343168e-05 1.18987546e-05 9.47323224e-06
 8.96001166e-06 4.49798472e-06 8.55526559e-06 9.84470262e-06
 5.33323828e-06 5.75330523e-06 6.98943404e-06 1.01832265e-05
 2.27892360e-06 3.05233084e-06 2.29837337e-06 4.12577219e-06
 8.04759020e-06 5.43913347e-06 1.11983982e-05 8.13874158e-06
 6.81862957e-06 2.86180875e-06 4.34877120e-06 4.94634605e-06
 5.25243240e-06 4.04755338e-06 2.42048714e-06 1.76403375e-06
 2.01740045e-06 2.77956974e-06 4.33397918e-06 3.23789868e-06
 1.51692313e-06 9.62193440e-07 3.58584816e-06 1.84347994e-06
 5.62039702e-07 2.40965187e-06 5.57266446e-07 6.65370692e-07
 7.21828712e-07 6.39518760e-07 6.33190666e-07 8.86465330e-07
 4.05354598e-07 3.60950793e-07 4.29187480e-07 7.99198915e-07
 5.74865396e-07 2.57478717e-07 2.99438767e-07 3.09331597e-07
 5.08506275e-07 2.15440821e-07 3.92451284e-07 2.33442805e-07]
[3.27651605e-07 6.67291090e-07 1.09626535e-06 8.39654660e-07
 6.30224861e-07 3.72036794e-07 2.93833409e-07 4.05746050e-07
 5.24002701e-07 4.43802833e-07 4.42606193e-07 5.24959489e-07
 4.20871714e-07 6.86109559e-07 8.79759284e-07 1.00643831e-06
 1.35601351e-06 7.85519205e-07 1.46511650e-06 1.10808935e-06
 8.51390723e-07 1.63532377e-06 1.57063550e-06 1.08801248e-06
 1.66041036e-06 6.19733783e-07 7.68456630e-07 5.20214314e-07
 5.29934596e-07 7.96273810e-07 7.16267493e-07 3.92817469e-07
 5.05744026e-07 5.34048297e-07 5.64708955e-07 4.23860769e-07
 7.31821046e-07 1.22749123e-06 9.85080987e-07 9.04571436e-07
 7.60716148e-07 8.33938145e-07 7.62794173e-07 6.45390628e-07
 7.38245433e-07 9.99892904e-07 6.50645859e-07 7.21886352e-07
 9.26167047e-07 3.66494532e-07 7.48179900e-07 8.50327012e-07
 1.63883715e-06 1.09610471e-06 1.05301797e-06 9.21586150e-07
 2.62433264e-06 4.31612580e-06 5.93116192e-06 4.37699191e-06
 6.46624540e-06 5.99951818e-06 2.50068229e-06 1.15076966e-06
 2.42615556e-06 2.55121654e-06 1.76136234e-06 2.59924218e-06
 1.73777971e-06 1.83248801e-06 2.28096019e-06 3.68156543e-06
 2.40164650e-06 1.39286146e-06 1.45062722e-06 1.83578470e-06
 1.72892726e-06 1.33575429e-06 1.59210356e-06 2.75365960e-06
 1.48516745e-06 2.64775394e-06 1.82170925e-06 2.01916009e-06
 2.13144563e-06 3.62263563e-06 4.77428284e-06 3.23783206e-06
 2.15025216e-06 1.28138190e-05 3.97579288e-06 1.97467421e-06
 1.82229871e-06 6.52215385e-06 3.85579415e-06 1.15778012e-05
 2.73046612e-06 3.76713365e-06 2.37295831e-06 2.97779320e-06
 1.98807084e-06 4.70095392e-06 3.62754395e-06 3.92647007e-06
 4.62197568e-06 6.79241748e-06 6.02584623e-06 7.53073982e-06
 5.57569319e-06 5.29104955e-06 4.98484997e-06 1.07646711e-05
 8.54602786e-06 6.85824261e-06 7.54658095e-06 7.12030806e-06
 3.31004117e-06 2.35725975e-06 2.34898948e-06 3.78294885e-06
 1.94124618e-06 1.86135094e-06 2.53115059e-06 2.81645885e-06
 2.22677795e-06 2.81300277e-06 2.11862061e-06 6.11371433e-06
 4.66732627e-06 9.52377286e-06 2.87142029e-06 5.76418961e-06
 2.57172928e-06 4.82535552e-06 1.07677615e-05 8.71819975e-06
 9.37358254e-06 7.90281229e-06 1.96928886e-05 5.83159135e-06
 6.05576997e-06 7.89559181e-06 1.03971988e-05 1.48430090e-05
 9.99031454e-06 1.81217529e-05 1.15570356e-05 9.53680865e-06
 1.32838550e-05 1.02305748e-05 3.02912599e-06 1.07524147e-05
 9.09846221e-06 9.61694514e-06 1.02241438e-05 1.04142700e-05
 9.18303340e-06 5.50951472e-06 8.90450701e-06 1.69606137e-05
 2.04325679e-05 5.94060066e-06 9.04304670e-06 1.34556185e-05
 1.13073984e-05 8.61396711e-06 8.96801976e-06 1.45269069e-05
 8.50907327e-06 1.42613790e-05 2.77797753e-05 7.27961151e-06
 1.34731918e-05 1.62170309e-05 9.64183891e-06 9.53696235e-06
 3.50363803e-06 3.75541754e-06 2.83843292e-06 3.09265465e-06
 4.49458503e-06 3.99699275e-06 3.02137664e-06 7.88261514e-06
 1.19295728e-05 2.38584403e-06 2.71608519e-06 3.90786363e-06
 5.63782487e-06 2.26746511e-06 7.77623245e-06 4.70782061e-06
 6.54623545e-06 6.85514306e-06 4.28565772e-06 1.61864966e-06
 2.14513307e-06 3.36459925e-06 1.65218205e-06 1.14101840e-06
 1.85104489e-06 6.55742099e-07 9.71314307e-07 9.26198993e-07
 1.72555167e-06 1.01465901e-06 1.59145418e-06 1.13750366e-06
 8.63047774e-07 6.92841411e-07 4.79462017e-07 7.69260168e-07
 4.20573542e-07 2.32239714e-07 5.15507224e-07 5.15467775e-07
 1.72616467e-07 2.59556060e-07 3.29810405e-07 4.24665046e-07
 3.44243205e-07 1.93234655e-07 2.30688215e-07 1.32607269e-07]
[5.1774538e-07 6.9402557e-07 1.0899930e-06 5.9861867e-07 6.5544117e-07
 4.9938404e-07 4.9646184e-07 3.7893210e-07 7.3343500e-07 3.7320919e-07
 7.7337444e-07 7.7888222e-07 7.7179993e-07 5.5865058e-07 9.8077828e-07
 1.1587193e-06 9.0695409e-07 7.0202924e-07 1.1275066e-06 1.5177749e-06
 1.0103741e-06 1.2060315e-06 1.2692882e-06 2.5101656e-06 1.5581635e-06
 8.4790560e-07 7.2621623e-07 7.2378344e-07 5.5344475e-07 6.4751686e-07
 1.5596137e-06 6.2051333e-07 3.1363010e-07 4.8782942e-07 1.0815643e-06
 6.3743931e-07 8.1025973e-07 4.3109881e-07 1.3407235e-06 7.6457269e-07
 7.1013375e-07 4.2596503e-07 8.0405630e-07 9.0384509e-07 1.0197892e-06
 7.9339890e-07 4.9686520e-07 8.5714038e-07 6.8640696e-07 6.3003188e-07
 1.4322671e-06 1.6033628e-06 1.7940120e-06 1.6189721e-06 1.9681484e-06
 2.5268298e-06 3.5658438e-06 1.9677400e-06 2.5417958e-06 4.6952082e-06
 3.2454220e-06 3.6779129e-06 2.3175119e-06 2.6934638e-06 2.1998046e-06
 1.9215693e-06 1.2894266e-06 2.7646445e-06 1.2515491e-06 1.2955676e-06
 2.2565080e-06 2.6176647e-06 2.3251296e-06 1.8693813e-06 2.0098187e-06
 3.6194033e-06 1.4520538e-06 1.8490581e-06 1.5390428e-06 1.9984493e-06
 2.2527149e-06 3.1526160e-06 2.9238236e-06 2.5393458e-06 4.8582338e-06
 2.4763742e-06 4.2712404e-06 2.0893674e-06 3.4902423e-06 3.8281437e-06
 2.1166570e-06 2.2071119e-06 4.5238080e-06 2.7796759e-06 2.3711239e-06
 1.4734778e-06 2.8833438e-06 3.3117440e-06 5.1326620e-06 4.6451842e-06
 2.4151502e-06 1.3870184e-06 3.9254878e-06 1.8668337e-06 2.9657176e-06
 2.9368994e-06 6.5489362e-06 3.9845145e-06 8.0365035e-06 6.7530796e-06
 9.4620746e-06 6.6556022e-06 3.2088312e-06 7.5246498e-06 4.5649172e-06
 2.1390942e-06 2.3554592e-06 2.4110059e-06 5.0704493e-06 4.1230210e-06
 2.7722272e-06 4.0203545e-06 4.2454963e-06 2.9149242e-06 2.3239993e-06
 3.5777887e-06 3.6630652e-06 5.5013861e-06 2.7223305e-06 7.5782627e-06
 3.6527274e-06 4.2383203e-06 4.5943239e-06 4.1617004e-06 4.9780215e-06
 6.2931417e-06 5.7078519e-06 5.8301393e-06 1.9962534e-05 1.6687596e-05
 4.1502672e-06 6.7456908e-06 1.3248133e-05 9.6831618e-06 8.6739565e-06
 9.3213393e-06 3.6365789e-05 3.8932558e-05 2.2681057e-05 1.2480882e-05
 3.4650879e-05 1.0586780e-05 2.4642228e-05 1.1910510e-05 2.2636006e-05
 5.8305595e-06 5.0207686e-06 6.3698590e-06 8.0667141e-06 1.3127520e-05
 1.3562007e-05 7.0734973e-06 6.9675229e-06 7.8405419e-06 6.0081147e-06
 6.4378896e-06 7.1118325e-06 1.8260094e-05 2.2435730e-05 7.5059093e-06
 1.0849851e-05 2.3659653e-05 9.0778167e-06 4.1905337e-06 8.8538427e-06
 7.3607321e-06 5.0433337e-06 1.3238273e-05 8.6980135e-06 3.9971515e-06
 6.3452494e-06 2.5031170e-06 3.0827184e-06 3.4656332e-06 2.4214842e-06
 1.0405389e-06 2.1538297e-06 1.6898060e-05 8.9031028e-06 1.1174471e-06
 3.0621957e-06 6.6408797e-06 6.5305062e-06 8.6970203e-06 6.6938592e-06
 1.5051169e-06 1.5270256e-06 3.4812781e-06 2.7313101e-06 2.9650253e-06
 1.1607557e-06 1.9510940e-06 2.9939656e-06 5.8307694e-07 6.9688349e-07
 4.1608610e-07 9.0910089e-07 9.8661656e-07 8.3053027e-07 1.3292029e-06
 9.2480832e-07 3.2456069e-07 3.9195652e-07 2.6189494e-07 1.9353551e-07
 3.5409133e-07 3.7668099e-07 3.5435411e-07 4.7499108e-07 2.8537815e-07
 2.9418285e-07 1.0760110e-07 4.6430145e-07 2.5314424e-07]
[5.71137605e-07 8.45184275e-07 1.33400147e-06 1.12309124e-06
 4.45702881e-07 4.93814809e-07 7.12286692e-07 5.85505973e-07
 5.48323726e-07 5.41161796e-07 9.19829688e-07 9.56701456e-07
 9.98374730e-07 7.41670021e-07 1.02366403e-06 8.63803962e-07
 8.99444785e-07 8.28691327e-07 7.31390458e-07 1.44624107e-06
 2.00705404e-06 1.05747029e-06 1.36817187e-06 1.68577083e-06
 1.71694194e-06 1.63411335e-06 1.05494371e-06 8.67922665e-07
 7.72496378e-07 8.21204594e-07 7.02363934e-07 9.66529683e-07
 6.84719907e-07 3.26509053e-07 1.00574050e-06 1.14780153e-06
 4.91984679e-07 4.19527055e-07 4.51212344e-07 8.31746092e-07
 5.25370922e-07 6.79284938e-07 7.96488678e-07 9.08387392e-07
 3.64975477e-07 6.57077635e-07 9.94875677e-07 6.30561090e-07
 5.32833553e-07 9.71646955e-07 1.63886443e-06 3.37103006e-06
 1.97731924e-06 2.69823727e-06 1.23436359e-06 4.29346574e-06
 2.86931368e-06 3.07047571e-06 3.16013734e-06 2.20213656e-06
 2.30357159e-06 1.76788581e-06 2.19073513e-06 3.04664150e-06
 1.06869891e-06 8.87409158e-07 2.71037948e-06 2.08524307e-06
 1.68115241e-06 4.45652358e-06 6.80614403e-06 3.97639133e-06
 2.75692832e-06 9.00894975e-07 4.23131814e-06 2.29198690e-06
 3.70436373e-06 1.64407538e-06 2.42889314e-06 1.83470956e-06
 2.52827317e-06 2.37629661e-06 4.88587466e-06 2.23402935e-06
 2.72842749e-06 3.38908217e-06 4.77017375e-06 2.17314687e-06
 3.10014184e-06 3.35069421e-06 2.12098985e-06 4.20602328e-06
 3.82542839e-06 6.55067561e-06 4.39226051e-06 2.26613588e-06
 2.27754504e-06 2.40537088e-06 2.57289958e-06 2.64582854e-06
 3.26758732e-06 1.93014171e-06 3.17410377e-06 3.77438096e-06
 1.96156634e-06 2.52201335e-06 6.61041304e-06 4.07877633e-06
 2.61616697e-06 6.67242557e-06 6.61976037e-06 9.57845077e-06
 1.46541825e-05 1.51503491e-05 3.50622645e-06 4.18736590e-06
 3.34149445e-06 2.28512636e-06 4.36058690e-06 2.36749952e-06
 1.73651949e-06 1.65294296e-06 4.61654145e-06 4.27111536e-06
 4.49792969e-06 7.03370279e-06 2.48161086e-06 1.61566038e-06
 1.90829110e-06 5.16068394e-06 3.98264092e-06 3.22075152e-06
 2.40739996e-06 7.20043727e-06 4.15724571e-06 4.43998169e-06
 5.23607423e-06 1.13858814e-05 2.00510858e-05 8.82830227e-06
 1.07063506e-05 6.94638629e-06 5.24405323e-06 1.64944031e-05
 1.15689554e-05 1.58612511e-05 1.37549914e-05 1.85295812e-05
 9.42685074e-06 1.11492482e-05 1.64021858e-05 4.74827220e-06
 9.30922761e-06 3.28922579e-06 9.56628173e-06 6.09443896e-06
 6.05513696e-06 4.07323796e-06 1.59069677e-05 7.83304586e-06
 9.75250896e-06 1.84835062e-05 1.67491398e-05 6.44474994e-06
 4.40957638e-06 5.12268116e-06 1.54853460e-05 7.31344289e-06
 1.48311992e-05 6.58825093e-06 9.54790175e-06 6.11549376e-06
 3.59035880e-06 7.30284455e-06 1.43806219e-05 4.16296552e-06
 5.43306896e-06 1.80492534e-05 8.35744322e-06 5.87852128e-06
 1.06382395e-05 5.40405972e-06 2.00136628e-06 3.37306369e-06
 2.11360680e-06 6.48882451e-06 4.63161041e-06 2.60656338e-06
 3.34800302e-06 4.11940118e-06 2.31365107e-06 2.55672512e-06
 7.49254696e-06 3.95082543e-06 8.02562317e-06 5.56983150e-06
 1.07857022e-06 2.31916260e-06 3.94120570e-06 2.58089676e-06
 7.59793693e-07 9.81735525e-07 3.06625702e-06 1.29567059e-06
 8.71865780e-07 5.83680730e-07 6.24583492e-07 1.08376128e-06
 4.22266709e-07 4.14150264e-07 3.38404931e-07 4.13180629e-07
 3.19065038e-07 1.58970764e-07 3.10492595e-07 2.95993686e-07
 1.59316585e-07 3.33410753e-07 5.04534853e-07 5.03244394e-07
 1.38496418e-07 2.14972530e-07 1.40817178e-07 2.93235189e-07]
[4.4993683e-07 6.2851262e-07 5.8811895e-07 5.6480957e-07 5.5457429e-07
 2.1746162e-07 3.4370206e-07 5.6597366e-07 3.5567197e-07 3.0111286e-07
 4.5876493e-07 5.2559329e-07 2.9244126e-07 4.9107797e-07 3.4923019e-07
 1.0109418e-06 3.8960863e-07 5.7471902e-07 7.3473348e-07 8.4001709e-07
 6.7074922e-07 9.0824489e-07 7.9478986e-07 1.1658144e-06 9.0080283e-07
 1.0473777e-06 1.3146847e-06 9.7560314e-07 1.6097761e-06 1.1119048e-06
 8.0621470e-07 7.4191439e-07 3.1229288e-07 4.0955013e-07 5.1863600e-07
 3.5452683e-07 3.5386952e-07 5.1163255e-07 4.1961729e-07 3.6671813e-07
 3.1832192e-07 2.5017610e-07 3.7974760e-07 7.0182637e-07 4.7218683e-07
 4.8986118e-07 5.3012883e-07 7.3839959e-07 6.0164945e-07 1.5722185e-06
 9.0166856e-07 2.6202188e-06 1.8709275e-06 1.5373649e-06 3.6340382e-06
 2.6422122e-06 2.7648764e-06 2.4832179e-06 2.8039251e-06 2.3594087e-06
 2.2511358e-06 1.0561531e-06 2.0261780e-06 1.7866664e-06 1.1196553e-06
 8.9474571e-07 1.5718587e-06 7.7240833e-07 1.0552394e-06 8.5608002e-07
 1.6310192e-06 1.4267442e-06 1.6502282e-06 1.9443862e-06 3.0179665e-06
 1.7450830e-06 1.4670276e-06 6.9133142e-07 2.0567479e-06 1.9074512e-06
 1.6890144e-06 1.5145403e-06 1.7504186e-06 2.3469586e-06 1.2333171e-06
 1.9109546e-06 3.0730514e-06 3.2955213e-06 2.6140142e-06 2.8796564e-06
 2.2088134e-06 4.6815444e-06 2.3711175e-06 4.4289791e-06 1.9876836e-06
 3.5190690e-06 2.8181712e-06 1.0970326e-06 1.3188263e-06 1.6714715e-06
 1.2925769e-06 1.0093282e-06 2.4347130e-06 1.9935273e-06 1.9280308e-06
 5.0220729e-06 5.6384192e-06 2.9679634e-06 5.9006966e-06 3.0438532e-06
 2.7461931e-06 1.1884952e-05 2.5407106e-05 3.9246629e-06 2.8499944e-06
 5.4519764e-06 3.1000773e-06 1.9149875e-06 2.6275695e-06 3.0451038e-06
 1.0032094e-06 2.6825203e-06 5.1920374e-06 3.8255689e-06 2.8243701e-06
 6.2092745e-06 3.4291818e-06 4.2789929e-06 4.6724585e-06 5.8294522e-06
 4.6122982e-06 1.9040426e-06 3.0985518e-06 1.8801371e-06 6.7178967e-06
 4.3728219e-06 1.0305773e-05 6.2681888e-06 1.4608567e-05 5.4747411e-06
 4.8167194e-06 4.2860511e-06 5.6666231e-06 1.6962336e-05 4.8008128e-06
 1.7447748e-05 4.0246491e-06 1.1900418e-05 4.9205423e-06 4.7707076e-06
 7.6112060e-06 5.4483189e-06 3.2545220e-06 4.0622003e-06 5.2714840e-06
 3.6547754e-06 5.3204617e-06 4.3435753e-06 5.7019147e-06 5.3364929e-06
 8.6741029e-06 6.5992044e-06 6.9092675e-06 1.0900801e-05 3.6084550e-06
 2.2508241e-06 4.7911803e-06 3.6557449e-06 6.3707412e-06 4.2118668e-06
 2.1908397e-06 7.3848646e-06 1.1171048e-06 4.7704621e-06 3.4405030e-06
 1.8197251e-06 5.8526589e-06 2.4429773e-06 2.8495253e-06 3.8727330e-06
 2.2170975e-06 1.7352545e-06 3.1822035e-06 1.9087090e-06 1.0263101e-06
 2.3582172e-06 2.7774342e-06 3.5197900e-06 1.2980687e-06 9.6267413e-06
 3.1938469e-06 3.3730939e-06 1.6656186e-06 3.9898869e-06 1.3821935e-06
 1.5679037e-06 1.8631059e-06 2.1159551e-06 2.8946204e-06 2.8490724e-06
 2.2513641e-06 1.1840466e-06 7.3749897e-07 7.9084157e-07 1.0235466e-06
 4.9051215e-07 6.6095390e-07 3.8936420e-07 3.7670247e-07 1.1881550e-07
 2.8932740e-07 3.0437732e-07 3.3747969e-07 1.4499814e-07 3.1697184e-07
 5.9023091e-07 2.9281452e-07 4.2552369e-07 3.4810674e-07 3.3311002e-07
 3.3445693e-07 1.5684637e-07 1.2017284e-07 1.6765175e-07]
[2.7251966e-07 7.1066830e-07 6.6781007e-07 6.1900545e-07 4.3245379e-07
 2.6388270e-07 2.1521809e-07 3.6821430e-07 2.8958902e-07 6.0382916e-07
 8.2586547e-07 4.5528887e-07 2.6803716e-07 4.4537111e-07 3.8600777e-07
 3.7248992e-07 7.9715613e-07 5.2836504e-07 4.2318649e-07 7.6695511e-07
 8.3050736e-07 6.4978576e-07 6.1740161e-07 1.0315971e-06 9.1724542e-07
 6.1807714e-07 6.7805848e-07 2.4276621e-06 4.3462447e-07 3.8758893e-07
 5.5378160e-07 5.0897705e-07 4.0950817e-07 4.5290781e-07 5.8171798e-07
 7.8470299e-07 3.8203845e-07 8.1288476e-07 7.4734425e-07 5.1381187e-07
 6.3900802e-07 4.7583217e-07 5.8610448e-07 3.4717604e-07 4.1837279e-07
 3.9690994e-07 1.2241885e-06 1.1627167e-06 8.2625115e-07 7.4703530e-07
 1.7124048e-06 1.6701971e-06 1.0817042e-06 2.3011523e-06 3.2457795e-06
 2.5497429e-06 4.2442080e-06 2.5383531e-06 2.9455539e-06 2.8091265e-06
 3.9309311e-06 1.6529316e-06 1.0837983e-06 1.6358919e-06 1.2206571e-06
 8.5665442e-07 1.8321543e-06 2.2567781e-06 1.2873206e-06 1.3093783e-06
 9.0731163e-07 1.8923162e-06 3.1036698e-06 1.8437154e-06 1.4647336e-06
 2.7847807e-06 8.8407705e-07 1.2096893e-06 2.1005005e-06 2.2514762e-06
 1.5604605e-06 1.6427392e-06 2.8936363e-06 3.4905522e-06 1.1504098e-06
 1.1588330e-06 3.6882313e-06 6.8513705e-06 1.5635895e-06 1.6603635e-06
 2.7094923e-06 2.3396610e-06 2.7717113e-06 1.7132130e-06 5.5523778e-06
 2.8510931e-06 3.8988019e-06 1.6736809e-06 1.5399365e-06 2.9129994e-06
 1.9761153e-06 9.5776420e-07 1.2033296e-06 3.0617048e-06 3.2065125e-06
 1.8348113e-06 2.8012764e-06 3.8159833e-06 3.4217562e-06 2.5576144e-06
 2.1479198e-06 2.8740521e-06 1.9514112e-06 1.4117659e-06 1.6803707e-06
 2.2276899e-06 1.2576567e-06 6.1060873e-06 6.7857759e-06 3.3075494e-06
 1.2903079e-06 2.7613053e-06 2.8630477e-06 6.8427084e-06 3.6456804e-06
 1.7049884e-06 6.2391009e-06 2.0538307e-06 2.7407657e-06 1.7440120e-06
 4.5290290e-06 2.6303687e-06 3.8940666e-06 3.0958506e-06 5.4381580e-06
 8.0774471e-06 5.3135300e-06 5.3744311e-06 6.3235780e-06 3.7639259e-06
 4.3732134e-06 3.2317912e-06 5.3174485e-06 4.6556356e-06 2.4953295e-06
 3.0683361e-06 3.5104183e-06 8.1009784e-06 1.0239211e-05 2.5558043e-05
 1.5378489e-05 1.1650820e-05 9.4013521e-06 5.3701096e-06 7.5856665e-06
 3.5639923e-06 8.1114276e-06 4.4044796e-06 4.7911558e-06 5.6233616e-06
 4.0006648e-06 9.3474873e-06 9.4948246e-06 5.2555129e-06 4.7032058e-06
 2.6226753e-06 5.5801775e-06 5.4082334e-06 2.7814694e-06 3.8452222e-06
 2.7240987e-06 1.2686678e-06 1.4318289e-06 4.6696100e-06 4.7012541e-06
 4.5101774e-06 6.1255382e-06 1.8699471e-06 4.2087795e-06 1.4088254e-06
 2.0589525e-06 2.1979167e-06 4.0968407e-06 3.0255967e-06 3.6005313e-06
 4.1489548e-06 1.9088454e-06 1.8719444e-06 2.9663943e-06 1.8488796e-06
 1.5317300e-06 1.6903214e-06 3.9314673e-06 7.5293065e-06 1.9221179e-06
 1.8094447e-06 1.9505680e-06 1.2751971e-06 1.2656109e-06 1.2588198e-06
 9.4784713e-07 6.7350453e-07 5.6178163e-07 6.4058253e-07 4.3107966e-07
 8.1524604e-07 2.9214476e-07 2.1472995e-07 3.2318098e-07 5.1453128e-07
 1.8432043e-07 4.9413035e-07 3.0613174e-07 2.4049811e-07 1.7923266e-07
 3.1459888e-07 1.9629503e-07 3.8345183e-07 1.4970740e-07 3.4348622e-07
 1.2117077e-07 1.2594248e-07 2.2456703e-07 2.1619400e-07]
[1.03050002e-06 6.86135365e-07 1.35822995e-06 6.59503030e-07
 4.43703897e-07 3.63421435e-07 5.82906807e-07 2.99620211e-07
 3.10582720e-07 3.45776954e-07 5.02443299e-07 5.82015957e-07
 4.92166407e-07 6.35287449e-07 4.66204483e-07 7.68496363e-07
 3.56508622e-07 4.56042159e-07 3.88645361e-07 5.23946539e-07
 5.26072540e-07 4.99535588e-07 8.40387429e-07 9.31088778e-07
 8.53332438e-07 1.02266733e-06 8.01708211e-07 6.90004356e-07
 1.40708380e-06 8.78192793e-07 1.25967756e-06 3.83416847e-07
 5.65829851e-07 3.53198658e-07 5.94773894e-07 7.45431691e-07
 3.00789935e-07 3.90792366e-07 3.66799753e-07 4.94572134e-07
 5.69922065e-07 4.01879191e-07 8.13478039e-07 4.87156001e-07
 6.07506308e-07 6.86068518e-07 1.33561923e-06 3.38043264e-06
 1.72676516e-06 2.07337939e-06 2.41620614e-06 1.12828923e-06
 1.53331291e-06 2.23760912e-06 7.49258425e-06 1.80819268e-06
 2.26391944e-06 6.07003858e-06 2.39300812e-06 1.39373844e-06
 2.76024161e-06 1.41628118e-06 2.85259807e-06 1.82571569e-06
 1.66919926e-06 1.53412282e-06 1.66394591e-06 1.05009576e-06
 2.62220715e-06 1.26065868e-06 1.29959233e-06 1.43306386e-06
 1.95420148e-06 9.77895183e-07 1.78414450e-06 8.67345477e-07
 9.66418042e-07 1.38649375e-06 1.67133192e-06 2.28579552e-06
 1.36282131e-06 1.90502612e-06 2.00048157e-06 2.03616241e-06
 1.45109789e-06 1.82367785e-06 5.07835693e-06 1.99660690e-06
 2.87765329e-06 1.88579600e-06 3.13669716e-06 4.92737672e-06
 1.24359867e-05 2.76203968e-06 2.56348471e-06 2.21833739e-06
 1.98796351e-06 1.67973337e-06 1.76262245e-06 1.71252532e-06
 1.58569401e-06 1.12218356e-06 1.65455913e-06 4.08736469e-06
 3.82943517e-06 3.67306097e-06 5.27220254e-06 3.09407255e-06
 4.29693955e-06 1.84517876e-06 4.82294627e-06 2.81631787e-06
 4.77273170e-06 3.54248073e-06 3.12042289e-06 4.56393946e-06
 4.72786496e-06 2.68925464e-06 4.24439895e-06 4.24585687e-06
 2.49646519e-06 2.38524512e-06 2.90751564e-06 5.24489224e-06
 3.52616621e-06 2.93852850e-06 4.36333630e-06 4.87083025e-06
 6.64193476e-06 5.14621433e-06 4.55687723e-06 5.19044124e-06
 2.35100197e-06 2.60154934e-06 4.72394140e-06 9.70524979e-06
 7.82450024e-06 3.17500485e-06 1.07174128e-05 3.55579846e-06
 2.70816304e-06 4.43172939e-06 8.72175133e-06 1.22577403e-05
 7.44319868e-06 5.83909241e-06 1.52265338e-05 9.74511295e-06
 1.00668885e-05 9.21777973e-06 8.59229476e-06 1.55684702e-05
 1.40275079e-05 9.53405925e-06 1.82889944e-05 7.93487288e-06
 6.17697651e-06 3.68534052e-06 3.37909732e-05 8.60587988e-06
 8.88264913e-06 1.29432910e-05 8.01604347e-06 4.92709114e-06
 3.33171101e-06 1.56667340e-06 1.90587195e-06 6.33089803e-06
 6.09646668e-06 1.81746088e-06 1.61214382e-06 1.67938560e-06
 2.08759275e-06 1.95609596e-06 2.14090119e-06 2.63623838e-06
 4.69210272e-06 3.09891834e-06 3.26503687e-06 2.11508836e-06
 2.76275205e-06 2.92567825e-06 3.47028413e-06 3.96987298e-06
 6.65966354e-06 3.78731124e-06 2.51625193e-06 2.26158659e-06
 1.67780490e-06 1.55280532e-06 1.76505625e-06 1.40017837e-05
 1.71843803e-05 3.84457735e-06 3.15539160e-06 2.19621074e-06
 2.21421510e-06 1.82933957e-06 1.31094157e-06 1.68594818e-06
 9.62537001e-07 4.27499657e-07 4.48762734e-07 5.58420822e-07
 4.14423312e-07 5.91160131e-07 6.66266089e-07 7.68188613e-07
 3.13782749e-07 4.57490415e-07 5.84144800e-07 5.67740585e-07
 3.91455984e-07 3.39847105e-07 1.78745836e-07 2.28701836e-07
 2.10108411e-07 2.44012682e-07 2.83701553e-07 3.12943030e-07
 1.18259443e-07 3.03851522e-07 2.34244979e-07 1.34906557e-07]
[5.8090723e-07 1.1602937e-06 8.8320468e-07 6.0399367e-07 6.1312056e-07
 2.8501833e-07 5.0602881e-07 5.0204886e-07 4.0836358e-07 4.8070928e-07
 5.4811329e-07 4.9991814e-07 1.0755598e-06 3.7222063e-07 5.2994216e-07
 7.2633890e-07 5.7771859e-07 5.9328721e-07 8.4012504e-07 4.2287471e-07
 4.0128973e-07 8.3288734e-07 1.4012336e-06 1.0514523e-06 1.2355413e-06
 6.1817934e-07 4.2569104e-07 8.0766659e-07 4.9168978e-07 7.1591086e-07
 7.9622987e-07 4.1036387e-07 7.8602716e-07 5.3666554e-07 6.0561604e-07
 9.9473391e-07 6.0894075e-07 5.8901412e-07 4.0723705e-07 8.4152430e-07
 4.0276214e-07 5.2241194e-07 9.2662412e-07 6.7738006e-07 3.5759891e-07
 6.9151747e-07 2.1629551e-06 2.8006643e-06 1.7957074e-06 1.8533415e-06
 1.9455140e-06 2.9958385e-06 1.5912584e-06 2.5923966e-06 4.0626314e-06
 4.1241651e-06 4.7229364e-06 2.1314436e-06 4.0022210e-06 1.9452953e-06
 2.4118392e-06 2.8294810e-06 1.8680562e-06 1.9263546e-06 2.4146798e-06
 2.0128746e-06 1.1162373e-06 1.5590145e-06 1.6685184e-06 6.7080788e-07
 9.1138327e-07 3.0653655e-06 1.5066720e-06 1.9028957e-06 1.5862544e-06
 9.3039415e-07 1.3263960e-06 1.1962707e-06 1.6775393e-06 1.4516021e-06
 2.9279538e-06 8.7596914e-07 2.1320536e-06 2.7605299e-06 1.2813704e-06
 1.6043663e-06 3.1952925e-06 3.8280491e-06 5.6018253e-06 2.8883587e-06
 7.5008807e-06 9.6010244e-06 2.6050704e-06 4.4981948e-06 2.4512763e-06
 9.7040011e-06 7.3845490e-06 2.2366557e-06 1.0132946e-06 2.8715997e-06
 1.6847089e-06 8.6744893e-07 2.6953182e-06 2.9863431e-06 2.1596159e-06
 2.8137683e-06 2.3848650e-06 4.6849946e-06 3.3185615e-06 7.2438311e-06
 2.1300148e-06 4.8122288e-06 1.0401517e-05 3.7271257e-06 3.5366504e-06
 3.6130753e-06 2.0417845e-06 1.7212502e-06 8.5927104e-06 2.4290532e-06
 2.3719560e-06 2.2814484e-06 3.6892518e-06 5.8763067e-06 2.6281805e-06
 4.4321037e-06 2.9228684e-06 2.6398936e-06 5.5745263e-06 3.9929655e-06
 5.2514529e-06 3.9200822e-06 2.2058300e-06 6.1812621e-06 1.2081327e-05
 8.6776554e-06 3.6185631e-06 8.0762675e-06 5.9832732e-06 7.4379309e-06
 7.0159635e-06 4.3075520e-06 1.0258402e-05 6.4094893e-06 6.8170134e-06
 7.9306965e-06 1.2404201e-05 6.2569379e-06 4.6626869e-06 1.8896813e-05
 9.7740494e-06 2.1158032e-05 6.4030769e-06 1.2659129e-05 7.0511123e-06
 2.6660893e-05 6.7711844e-06 6.1274109e-06 6.2932668e-06 7.7874729e-06
 3.9923241e-05 1.2594042e-05 8.1836451e-06 3.5232285e-06 4.0638160e-06
 3.1270517e-06 3.7555110e-06 3.5888190e-06 2.3863890e-06 1.5890546e-06
 3.6699851e-06 1.7490444e-06 1.9087040e-06 4.4008407e-06 4.0396530e-06
 6.2056738e-06 5.7762281e-06 4.1332023e-06 4.0546561e-06 2.9087653e-06
 2.7891513e-06 2.5805373e-06 3.3684107e-06 5.3556887e-06 2.9530390e-06
 4.3446234e-06 3.8970534e-06 5.9651006e-06 3.6818662e-06 3.2892669e-06
 9.3806675e-06 1.5270102e-06 1.5785628e-06 5.5629948e-06 4.1236908e-06
 3.3370122e-06 1.0934737e-06 4.6678429e-06 1.7767583e-06 2.3892328e-06
 1.3098143e-06 1.6560920e-06 6.6757042e-07 1.3655304e-06 7.7147342e-07
 2.5916088e-07 7.5984281e-07 5.8570504e-07 2.9048681e-07 3.6405945e-07
 5.8184406e-07 4.2157035e-07 2.0935583e-07 2.7393745e-07 1.8000674e-07
 1.8068410e-07 3.2629097e-07 2.3671787e-07 3.3076995e-07 4.2890011e-07
 2.2258280e-07 4.1916300e-07 1.7216136e-07 7.2606838e-08]
[4.7504588e-07 9.1998726e-07 1.0609356e-06 8.5827861e-07 7.9616990e-07
 2.4320065e-07 2.2875641e-07 2.9940557e-07 2.7471134e-07 4.2887470e-07
 4.7272258e-07 4.7987464e-07 2.9952037e-07 3.5842888e-07 6.3133899e-07
 4.2575527e-07 5.5604607e-07 5.6610492e-07 5.1328419e-07 5.6090698e-07
 3.5140997e-07 3.6111976e-07 5.1952992e-07 6.1000281e-07 4.2487792e-07
 2.7970452e-07 4.7888028e-07 5.9537734e-07 3.1036618e-07 3.8169102e-07
 5.7934460e-07 6.7728388e-07 5.0909455e-07 3.3958500e-07 5.4160063e-07
 4.2575616e-07 5.4410197e-07 3.7548500e-07 6.8337300e-07 3.7159688e-07
 5.2856132e-07 4.3183789e-07 5.1444874e-07 7.0012453e-07 6.6425554e-07
 3.9763850e-07 1.4444722e-06 8.6063363e-07 1.5723685e-06 2.4890730e-06
 1.1223509e-06 2.1537569e-06 2.4879064e-06 3.5273213e-06 2.0297514e-06
 3.9130659e-06 2.7087799e-06 1.2996292e-06 1.2243146e-06 2.6629357e-06
 7.2820876e-07 1.6735612e-06 3.0609881e-06 1.3337954e-06 1.1162351e-06
 1.4810953e-06 1.9249258e-06 1.8860316e-06 9.5351396e-07 1.1558176e-06
 1.1243645e-06 1.4377359e-06 1.3673740e-06 8.5938171e-07 8.7346115e-07
 1.3157833e-06 8.4772995e-07 7.2640699e-07 1.5438945e-06 2.0777481e-06
 2.4288322e-06 1.3676648e-06 1.2094275e-06 1.6133823e-06 1.6235182e-06
 2.9518062e-06 2.1563135e-06 1.7523444e-06 1.1189758e-06 1.5680668e-06
 3.6078684e-06 3.0345382e-06 2.5491872e-06 1.1205393e-06 3.1419977e-06
 6.8177301e-06 5.3103067e-06 1.8187417e-06 2.0253408e-06 3.1910222e-06
 2.6831440e-06 2.3053938e-06 2.0257839e-06 2.1827079e-06 3.3654931e-06
 1.0056109e-06 1.2567378e-06 2.6391190e-06 1.3973939e-06 2.3103264e-06
 3.3145891e-06 3.9972851e-06 4.1853796e-06 1.8486675e-06 1.9081660e-06
 3.6962310e-06 1.8173199e-06 3.0702424e-06 4.2864281e-06 7.6476726e-06
 2.4993167e-06 2.0057521e-06 2.9008843e-06 3.0442177e-06 2.4074523e-06
 2.8245379e-06 2.5752970e-06 1.8546824e-06 4.5264810e-06 4.0331320e-06
 4.0690102e-06 2.2125830e-06 2.7276310e-06 2.8987131e-06 2.1210074e-06
 5.1193069e-06 2.9695511e-06 2.2684164e-06 5.0253029e-06 2.9718967e-06
 1.8535402e-06 2.0650516e-06 3.5733674e-06 4.3767213e-06 7.5378171e-06
 6.6558182e-06 2.7305180e-06 7.1247200e-06 6.6774105e-06 2.1991031e-05
 1.3864180e-05 1.7110502e-05 2.4827983e-05 1.6810556e-05 1.6807737e-05
 9.6677259e-06 5.9189374e-06 6.7020287e-06 2.8000422e-05 4.3370663e-05
 1.3073642e-05 3.6811361e-05 1.8080427e-05 1.0730018e-05 2.0088064e-06
 2.5062416e-06 4.0280879e-06 5.1024031e-06 3.2395467e-06 1.2584178e-06
 2.6999840e-06 3.4940422e-06 2.5878692e-06 1.5839986e-06 1.7814245e-06
 2.1898629e-06 4.7776171e-06 1.8586920e-06 2.0539342e-06 2.0573605e-06
 2.9519563e-06 2.7199210e-06 6.2770455e-06 7.0421902e-06 2.0809509e-06
 2.9171097e-06 4.6665868e-06 3.6245722e-06 1.8555147e-06 5.3195467e-06
 9.0498079e-06 1.6304416e-06 2.7097155e-06 1.7652893e-06 3.1813852e-06
 1.7136807e-06 2.3498339e-06 4.0270565e-06 1.0566295e-06 1.0104498e-06
 1.2514020e-06 5.6531326e-07 4.5444258e-07 5.9479515e-07 4.3984028e-07
 3.0371103e-07 6.5561790e-07 7.7585946e-07 3.0502332e-07 3.4897462e-07
 3.2779212e-07 5.3435787e-07 3.3958807e-07 2.0974005e-07 4.8647490e-07
 2.1929519e-07 2.7110212e-07 1.4791701e-07 1.5690013e-07 3.1865616e-07
 4.0247747e-07 2.4458620e-07 7.8490224e-08 4.3779039e-08]
[3.48413749e-07 7.18553395e-07 7.79306902e-07 9.32970067e-07
 2.95286185e-07 2.86250867e-07 2.05741813e-07 2.51786645e-07
 2.20383740e-07 3.63200485e-07 2.86387518e-07 3.51262742e-07
 3.37288469e-07 3.45709736e-07 3.55393553e-07 3.80471874e-07
 3.93574368e-07 4.05163831e-07 6.84514816e-07 4.16264243e-07
 3.62471241e-07 2.31401728e-07 2.59830671e-07 3.67999291e-07
 3.34313540e-07 4.26877961e-07 4.11409928e-07 4.92923618e-07
 2.62219260e-07 4.34706550e-07 3.61757202e-07 3.54231730e-07
 5.03880472e-07 2.67166570e-07 3.68558744e-07 4.66843289e-07
 4.25517641e-07 6.59944362e-07 7.91601963e-07 4.40601497e-07
 4.00380173e-07 3.45815266e-07 5.36032701e-07 9.29886085e-07
 7.63005403e-07 4.35649099e-07 8.23955361e-07 9.10728716e-07
 1.84566659e-06 9.84779945e-07 1.31044646e-06 9.08133813e-07
 1.32385469e-06 1.81027735e-06 1.64909159e-06 3.92379479e-06
 1.03883860e-06 8.47551462e-07 1.46157402e-06 2.14612214e-06
 5.42092323e-07 7.27960639e-07 8.80870232e-07 1.89803814e-06
 1.43009527e-06 8.99453482e-07 2.33694777e-06 1.56044496e-06
 1.43980026e-06 8.51590755e-07 1.80812219e-06 1.12040379e-06
 1.62555637e-06 1.27717396e-06 1.15943362e-06 1.66271229e-06
 7.08178447e-07 6.89977185e-07 1.24152041e-06 2.44693297e-06
 2.76580317e-06 1.42252520e-06 1.49319987e-06 1.63621189e-06
 1.49783500e-06 1.11538759e-06 1.17556579e-06 2.43100999e-06
 1.17341995e-06 1.35352821e-06 1.33582125e-06 1.89662444e-06
 1.26396526e-06 1.48876745e-06 1.95212601e-06 1.81193536e-06
 2.45679644e-06 1.31338027e-06 2.41558428e-06 1.87717944e-06
 1.67790984e-06 3.17334957e-06 8.82805580e-07 2.20295760e-06
 1.91167442e-06 1.72634225e-06 1.20097900e-06 1.39153542e-06
 1.20279185e-06 1.57859665e-06 1.53563599e-06 3.50415962e-06
 3.44021350e-06 3.23238351e-06 4.39634414e-06 2.14657211e-06
 1.00611260e-06 5.27658267e-06 6.22965490e-06 4.69533597e-06
 4.47667071e-06 4.28861676e-06 1.64990308e-06 1.44671321e-06
 2.92600294e-06 2.12114173e-06 4.45027217e-06 3.10110408e-06
 1.91655477e-06 3.13217311e-06 6.30676550e-06 2.63680954e-06
 2.09841983e-06 2.54283418e-06 3.21164111e-06 2.91187712e-06
 4.51302139e-06 4.77775347e-06 4.27230816e-06 4.93060770e-06
 2.69500561e-06 4.54825204e-06 9.28906866e-06 5.99035047e-06
 1.01380047e-05 9.25211589e-06 1.06010075e-05 5.88192643e-06
 5.83533392e-06 8.12132748e-06 4.98520330e-06 5.99663827e-06
 4.15854129e-06 9.60594934e-06 7.05542652e-06 1.12419366e-05
 8.98892085e-06 9.89126329e-06 6.84100587e-06 1.29023028e-05
 1.47273031e-05 4.77795629e-06 2.85928108e-05 9.10375456e-06
 3.06139532e-06 3.29680802e-06 4.78923039e-06 3.99111605e-06
 3.76716048e-06 2.77137929e-06 3.86386137e-06 4.46885724e-06
 1.70934038e-06 2.05462811e-06 1.91744857e-06 1.66979578e-06
 1.68522229e-06 1.12528130e-06 2.93845437e-06 3.06583684e-06
 3.47964374e-06 2.38559369e-06 2.27792407e-06 3.08579911e-06
 2.20045490e-06 2.81384450e-06 1.45053389e-06 6.48647847e-06
 2.66961706e-06 1.88576632e-06 3.68041515e-06 3.04978016e-06
 1.88125148e-06 3.36078597e-06 7.79325910e-06 3.32614059e-06
 4.40635222e-06 4.24814834e-06 1.30030185e-06 8.90262527e-07
 7.74649322e-07 4.27106983e-07 1.05521440e-06 9.07464937e-07
 6.32572892e-07 3.59975814e-07 1.41112048e-06 7.24088579e-07
 3.11575008e-07 9.60624675e-07 3.84857941e-07 4.94710832e-07
 3.39528157e-07 2.17204160e-07 8.97222833e-07 2.41657773e-07
 3.93465228e-07 1.34275624e-07 4.93741140e-07 2.15083787e-07
 8.12000351e-08 1.87849466e-07 9.28886550e-08 4.00527078e-08]
[4.2030021e-07 5.7606997e-07 1.9445979e-06 4.4275134e-07 8.2312050e-07
 3.0758912e-07 3.4192689e-07 3.0474300e-07 3.3777636e-07 3.2783024e-07
 4.0623104e-07 2.6403322e-07 3.7676327e-07 2.5533924e-07 4.6747314e-07
 5.1936746e-07 3.2896585e-07 4.9327264e-07 4.3437066e-07 3.9083545e-07
 3.3678455e-07 1.9152793e-07 3.3627620e-07 5.1512461e-07 2.9559646e-07
 3.4899804e-07 6.2122837e-07 4.6122491e-07 7.2842892e-07 3.7563146e-07
 3.6834263e-07 5.5288166e-07 2.9697563e-07 8.0776817e-07 3.5784353e-07
 4.4458056e-07 3.5950779e-07 3.7451377e-07 5.5554091e-07 8.1046068e-07
 4.0379086e-07 6.1219833e-07 1.1474112e-06 6.1159403e-07 4.9050755e-07
 1.0056243e-06 1.0322007e-06 1.2195295e-06 1.2081103e-06 1.4170379e-06
 1.6042841e-06 9.9915098e-07 1.0877949e-06 1.6728007e-06 1.6396303e-06
 1.7361353e-06 1.8005221e-06 8.5284751e-07 2.3893301e-06 1.0709296e-06
 1.0199084e-06 1.0271083e-06 1.1174019e-06 1.1271915e-06 1.5162349e-06
 5.9824902e-07 1.6010537e-06 1.2339997e-06 7.4280933e-07 1.4430725e-06
 1.7391339e-06 1.3358654e-06 8.1025223e-07 1.9151648e-06 1.8151609e-06
 1.4805378e-06 1.1875509e-06 8.3481990e-07 2.0952405e-06 1.7572612e-06
 1.8305903e-06 1.2425652e-06 2.4353471e-06 5.4655616e-06 1.0048497e-06
 1.0568183e-06 2.9963985e-06 1.3701684e-06 4.8415427e-06 2.0213472e-06
 2.9138728e-06 1.7394242e-06 1.3935377e-06 1.5627224e-06 1.1507653e-06
 9.1621899e-07 3.7356194e-06 3.2920550e-06 2.5687211e-06 2.1020587e-06
 1.5935919e-06 2.1775115e-06 1.8399750e-06 2.0389764e-06 1.8564680e-06
 1.5893780e-06 2.7855683e-06 3.2376554e-06 1.3849170e-06 1.2242108e-06
 2.1977164e-06 3.0408494e-06 1.9605206e-06 2.3273847e-06 2.8417128e-06
 1.9468791e-06 2.9541059e-06 2.2936858e-06 2.9786979e-06 8.5765068e-06
 3.8127057e-06 1.5789609e-06 2.6705563e-06 1.6716895e-06 2.0727009e-06
 2.1335159e-06 3.1237917e-06 4.1180792e-06 5.0982885e-06 1.6302951e-06
 5.9349827e-06 4.0948048e-06 5.4145880e-06 3.6695792e-06 2.3487366e-06
 2.9432351e-06 2.9756113e-06 7.6350898e-06 6.0259499e-06 4.1178182e-06
 2.9774928e-06 4.6595337e-06 4.8098968e-06 4.6571972e-06 2.7956096e-06
 4.2314236e-06 3.2037180e-05 5.8373121e-06 7.7914110e-06 8.2987517e-06
 2.6258892e-06 6.0423863e-06 6.2151598e-06 1.2799838e-05 3.7764592e-06
 1.1034369e-05 1.2998164e-05 1.9080442e-05 1.3136400e-05 1.6641308e-05
 1.4763232e-05 1.8555198e-05 1.2600896e-05 3.3866245e-06 3.0957508e-06
 3.9908750e-06 5.9878366e-06 6.5217459e-06 1.3100571e-06 4.9394016e-06
 8.8254683e-06 6.3597672e-06 1.4049307e-06 1.9702404e-06 1.6420140e-06
 6.4534647e-06 2.2852535e-06 1.7958945e-06 4.0225127e-06 1.8520153e-06
 6.5086292e-06 3.3579220e-06 2.7719645e-06 3.1844645e-06 3.2604569e-06
 1.7980096e-06 1.4351330e-06 3.3091474e-06 3.2740234e-06 2.2257921e-06
 3.5243136e-06 3.7735233e-06 2.8886880e-06 5.2727378e-06 3.7364910e-06
 2.2372130e-06 2.4570336e-06 1.8190323e-06 9.7822272e-07 1.4543724e-06
 1.4995472e-06 7.5983871e-07 4.4584331e-07 7.7505621e-07 5.1427827e-07
 1.1168145e-06 1.5968996e-06 6.1385543e-07 4.4622689e-07 2.5881698e-07
 4.4532422e-07 2.8555436e-07 2.5091740e-07 2.0252679e-07 1.6437555e-07
 2.7558715e-07 1.1684701e-07 2.4042220e-07 1.8076378e-07 3.9037045e-07
 1.4214871e-07 2.1284278e-07 1.8250982e-07 6.0893832e-08]
[8.05516436e-07 8.19255490e-07 1.08088022e-06 1.60801449e-06
 4.26153889e-07 3.64141783e-07 3.97190178e-07 5.18916920e-07
 3.10845024e-07 2.52064495e-07 2.66139722e-07 3.02721674e-07
 3.03842938e-07 3.74513888e-07 3.89707878e-07 5.24263612e-07
 2.46459990e-07 2.21039173e-07 2.82865273e-07 3.88922359e-07
 2.18783157e-07 2.81959359e-07 4.46582447e-07 4.36064596e-07
 3.58388633e-07 2.77060622e-07 6.88381704e-07 4.49100554e-07
 4.15663067e-07 3.30575830e-07 3.62577339e-07 3.60663080e-07
 3.23744217e-07 3.49110337e-07 2.28410485e-07 2.76453534e-07
 2.73284741e-07 5.07596667e-07 1.27261728e-06 5.49908918e-07
 5.29200918e-07 6.51128630e-07 6.87292584e-07 6.88698037e-07
 7.03689182e-07 5.05726291e-07 1.09165649e-06 9.93889785e-07
 2.30507703e-06 1.39925271e-06 1.37601455e-06 1.53391022e-06
 1.36263895e-06 7.74279670e-07 3.57190652e-06 2.66422830e-06
 2.62989693e-06 7.72152760e-07 1.18277535e-06 1.03168566e-06
 9.14010513e-07 1.05174831e-06 1.11122188e-06 1.09883513e-06
 5.55806139e-07 9.39883250e-07 1.38357461e-06 1.00824218e-06
 1.32118646e-06 8.68239397e-07 1.46923674e-06 3.04890341e-06
 3.47160062e-06 1.58320518e-06 1.55688178e-06 2.19586582e-06
 2.08264169e-06 1.72037335e-06 1.08329095e-06 2.14995248e-06
 9.10064216e-07 1.48440722e-06 3.05700996e-06 2.04213120e-06
 1.06811842e-06 1.28645559e-06 2.39190445e-06 1.67050450e-06
 2.26796715e-06 1.45419608e-06 2.38617076e-06 1.46307593e-06
 2.06957066e-06 1.77262939e-06 3.88884291e-06 1.42589977e-06
 1.99039960e-06 2.73338242e-06 1.86657019e-06 1.86557133e-06
 1.68494716e-06 1.29395210e-06 6.11348332e-06 2.93907374e-06
 2.64538903e-06 1.59857791e-06 2.07224002e-06 2.32970228e-06
 2.21001233e-06 1.62973754e-06 3.64198536e-06 3.53172686e-06
 3.85773319e-06 2.42086776e-06 3.92818401e-06 3.99051987e-06
 1.84614385e-06 1.87063586e-06 3.03116281e-06 1.24127482e-05
 2.05289075e-06 1.70281749e-06 3.01283580e-06 1.34288257e-06
 1.41945293e-06 6.99207840e-06 2.57656461e-06 4.28979956e-06
 3.24714733e-06 2.21637561e-06 3.77627020e-06 4.37778090e-06
 3.17834565e-06 2.44260332e-06 2.64623918e-06 3.65185883e-06
 6.96926008e-06 3.05199751e-06 5.15867896e-06 7.42319162e-06
 1.73957903e-06 1.32201694e-06 1.52247048e-06 5.48873322e-06
 3.95950519e-06 7.20580692e-06 7.35546928e-06 6.03253966e-06
 5.94620678e-06 2.81975736e-05 1.09002758e-05 1.05475847e-05
 2.15667733e-05 1.54166191e-05 3.04263722e-05 9.81668200e-05
 7.25987638e-06 1.54245772e-05 2.20029415e-05 2.40946847e-05
 3.83760880e-06 1.18966736e-05 7.93438539e-06 7.38302833e-06
 4.84503698e-06 2.31594413e-06 7.32006947e-06 5.29970521e-06
 3.65494361e-06 1.91322852e-06 6.35157994e-06 2.15198133e-06
 3.20266122e-06 2.88134993e-06 1.17338720e-06 1.41504233e-06
 2.06626623e-06 3.79178005e-06 1.76500691e-06 2.04755361e-06
 1.62923209e-06 2.48759011e-06 1.61912419e-06 2.83994177e-06
 2.07085213e-06 2.32229399e-06 2.57103352e-06 2.30338333e-06
 2.93548692e-06 1.23067070e-06 1.90659409e-06 3.21126390e-06
 8.38766118e-06 1.35075961e-05 3.82522603e-06 1.45186652e-06
 1.72716818e-06 8.55087137e-07 1.04518097e-06 7.05676882e-07
 1.58590683e-06 1.08449888e-06 1.16036688e-06 6.43497060e-07
 1.04254184e-06 6.92721642e-07 7.43107648e-07 1.72731382e-06
 2.71162975e-07 5.45277771e-07 3.94354771e-07 3.44003183e-07
 3.32714080e-07 1.80032885e-07 2.22262273e-07 3.35437562e-07
 1.92122727e-07 2.87591831e-07 2.11988507e-07 2.22732638e-07
 2.20682637e-07 2.43211957e-07 1.12313494e-07 9.26189330e-08]
[7.88588238e-07 1.36725191e-06 9.56451117e-07 1.33035837e-06
 7.14171222e-07 3.64926819e-07 2.70234324e-07 3.97320349e-07
 3.74998621e-07 3.58389599e-07 3.08105768e-07 2.31242424e-07
 2.64970282e-07 2.05934967e-07 3.32662921e-07 2.79465326e-07
 1.46233234e-07 1.32779533e-07 2.78267663e-07 3.73131542e-07
 2.48093755e-07 2.30500632e-07 2.10969048e-07 2.78740686e-07
 1.96260331e-07 2.93848188e-07 3.48922981e-07 4.06685416e-07
 2.18978244e-07 2.21255377e-07 3.25385344e-07 2.18865509e-07
 2.31774450e-07 2.12404473e-07 2.44011943e-07 2.12874014e-07
 6.49816684e-07 6.43416968e-07 8.15929923e-07 7.06651406e-07
 3.68786829e-07 4.36091710e-07 3.62361902e-07 3.62960719e-07
 6.22077778e-07 4.33981171e-07 6.61830654e-07 5.66258620e-07
 1.18470405e-06 8.65703271e-07 1.08624658e-06 1.95120560e-06
 1.02052365e-06 1.27073349e-06 1.71748025e-06 1.81717553e-06
 1.88542072e-06 1.06567245e-06 1.07828203e-06 1.24385224e-06
 1.45116871e-06 9.72823841e-07 1.11206987e-06 6.15059605e-07
 5.40627582e-07 4.07208375e-07 7.39826874e-07 9.98646897e-07
 6.20465414e-07 5.65916366e-07 9.39640358e-07 2.00957834e-06
 1.41190867e-06 1.38161386e-06 3.20562754e-06 1.58036983e-06
 9.48766285e-07 1.25394899e-06 1.33404694e-06 9.17101318e-07
 1.11146255e-06 1.20423556e-06 1.53313511e-06 1.79451808e-06
 7.04424110e-07 1.03078389e-06 2.05410356e-06 2.00467798e-06
 1.79890094e-06 7.72449312e-07 6.36739799e-07 1.46529783e-06
 1.15088812e-06 1.32474941e-06 9.33258605e-07 1.23149493e-06
 6.64976199e-07 7.64749359e-07 6.63704952e-07 1.70192345e-06
 8.60206910e-07 8.25304824e-07 2.58068553e-06 1.55319742e-06
 1.94903100e-06 3.22797041e-06 7.71084444e-07 2.93035623e-06
 1.99771716e-06 1.36050494e-06 2.51956908e-06 2.11899783e-06
 2.08740653e-06 1.26518580e-06 2.65061794e-06 2.32285879e-06
 3.07828009e-06 3.02737772e-06 2.32900220e-06 5.93112964e-06
 1.61783737e-06 2.52350583e-06 1.27365104e-06 1.49192158e-06
 1.86503041e-06 1.49613209e-06 6.86060957e-06 4.93467587e-06
 2.76006745e-06 2.45161027e-06 4.75364550e-06 1.88542765e-06
 1.68985264e-06 3.37119945e-06 2.53154963e-06 2.31964464e-06
 6.43520389e-06 2.42030296e-06 3.38477525e-06 4.57739543e-06
 3.88803346e-06 2.74830131e-06 3.28759347e-06 3.91274125e-06
 6.71252883e-06 6.34169055e-06 5.85578346e-06 4.87522357e-06
 3.40172915e-06 1.47031506e-05 9.98744054e-06 4.72516285e-06
 1.41205210e-05 5.08906669e-06 1.71938609e-05 2.93983521e-05
 3.39078979e-05 5.12756560e-06 6.79728737e-06 1.44393925e-05
 1.66477330e-05 7.10178028e-06 1.28102574e-05 1.03457432e-05
 6.44374131e-06 2.43429031e-06 9.93913909e-06 1.50581684e-06
 5.08968651e-06 3.77272340e-06 2.96935491e-06 3.00217721e-06
 2.98584746e-06 1.21319101e-06 2.34292224e-06 1.46717593e-06
 1.65947642e-06 1.53956410e-06 1.53728649e-06 2.21831010e-06
 1.35214941e-06 1.25007375e-06 1.37103018e-06 2.57969100e-06
 1.07017365e-06 4.83045733e-06 2.69612678e-06 1.71451882e-06
 4.73201135e-06 8.01887666e-07 1.31484956e-06 2.37837480e-06
 1.46520813e-06 3.05778644e-06 1.69893212e-06 5.99304201e-07
 9.89786713e-07 9.68443032e-07 9.07909680e-07 3.89299800e-07
 7.81532606e-07 5.66523511e-07 7.90840431e-07 6.01483066e-07
 4.44354669e-07 2.92662975e-07 4.40774471e-07 5.62608136e-07
 2.85458583e-07 2.88069970e-07 1.81261996e-07 1.83918402e-07
 2.01867124e-07 9.18858518e-08 1.80177096e-07 2.47713189e-07
 1.36336425e-07 2.18517940e-07 2.88773748e-07 2.28898514e-07
 1.63139973e-07 1.17755214e-07 2.83221908e-07 5.39601785e-08]
[6.95428753e-07 8.72586043e-07 7.91981165e-07 6.73561374e-07
 7.82195286e-07 3.89904244e-07 4.16681132e-07 4.49436726e-07
 3.00005894e-07 2.91572832e-07 5.39359974e-07 3.12718242e-07
 2.63042892e-07 2.04751245e-07 2.62394991e-07 3.36697980e-07
 2.52702165e-07 1.31022105e-07 1.91028178e-07 1.91956346e-07
 1.56774888e-07 1.94797778e-07 3.15129739e-07 2.24056933e-07
 1.88698323e-07 2.35654113e-07 2.54692480e-07 2.05522682e-07
 2.09647681e-07 1.43096869e-07 2.16905491e-07 2.09397299e-07
 2.02858644e-07 4.08437586e-07 3.02778318e-07 6.60428668e-07
 2.35829020e-07 2.83709454e-07 3.90063860e-07 6.06617789e-07
 2.58781427e-07 3.69030801e-07 4.03306103e-07 5.45807097e-07
 4.01108906e-07 4.65390144e-07 6.40334576e-07 8.61031367e-07
 4.81554707e-07 1.15428600e-06 1.03280115e-06 1.60999934e-06
 1.91513732e-06 1.47317348e-06 1.65456606e-06 2.10245321e-06
 1.89847015e-06 5.66848087e-07 6.75360809e-07 7.45133548e-07
 1.26430803e-06 3.02754870e-06 1.92440802e-06 6.69923054e-07
 5.85597547e-07 2.69562804e-07 4.39267552e-07 9.33910712e-07
 6.24178483e-07 6.73144257e-07 8.89050341e-07 1.40803570e-06
 1.25871463e-06 3.05930030e-06 1.89997093e-06 1.13322392e-06
 1.10824192e-06 6.13769373e-07 5.65422511e-07 9.44584372e-07
 7.19939862e-07 6.31105934e-07 1.14376701e-06 1.05061292e-06
 7.42362317e-07 7.77074035e-07 1.36846450e-06 1.64522805e-06
 1.63358618e-06 1.79569236e-06 1.00919772e-06 9.30590261e-07
 5.83847338e-07 1.06244090e-06 1.57323086e-06 1.42294118e-06
 1.40135046e-06 2.98316286e-06 9.91482580e-07 1.46214131e-06
 1.12901932e-06 1.55689793e-06 2.72665488e-06 2.43865679e-06
 1.50871711e-06 1.50827748e-06 1.73286332e-06 4.21156756e-06
 1.59283991e-06 1.90359299e-06 1.56674025e-06 1.04944809e-06
 1.19608228e-06 1.98724433e-06 1.00316868e-06 8.92072194e-07
 1.82044994e-06 1.27409430e-06 1.64134133e-06 3.56054989e-06
 3.08858785e-06 3.68468682e-06 9.93877052e-07 3.08843414e-06
 1.61854257e-06 1.87381283e-06 1.90689025e-06 4.11618475e-06
 2.40984787e-06 2.63702555e-06 1.95507619e-06 3.55745510e-06
 7.21904689e-06 8.26572068e-06 3.25505175e-06 2.71811837e-06
 4.52963150e-06 5.96293330e-06 2.25345616e-06 1.99697479e-06
 2.20504785e-06 1.69928171e-06 4.14649776e-06 3.44339628e-06
 6.04852539e-06 8.40938901e-06 1.02496015e-05 4.70186797e-06
 2.57562556e-06 1.22409510e-05 3.06763650e-06 4.18592890e-06
 1.15163812e-05 3.16180308e-06 8.67616563e-06 1.62383931e-05
 9.72504495e-06 6.58014642e-06 4.31452463e-06 1.82588485e-06
 6.46736589e-06 7.56252712e-06 1.37272582e-05 4.20026345e-06
 3.74777028e-06 2.17601155e-06 3.33064054e-06 2.05527544e-06
 2.60826505e-06 1.55341411e-06 1.27877172e-06 2.06572531e-06
 6.86327121e-06 1.68867355e-05 3.53155338e-06 1.06776577e-06
 3.05879735e-06 2.20610514e-06 1.79808183e-06 1.63979712e-06
 2.80096697e-06 3.97067515e-06 2.08417555e-06 1.17553225e-06
 1.14218756e-06 1.29785406e-06 2.55427062e-06 2.71389240e-06
 2.26816951e-06 2.37063341e-06 1.16205899e-06 1.69037173e-06
 5.90863976e-07 5.10179859e-07 1.54747420e-06 1.99125975e-06
 5.17266301e-07 1.38969699e-06 1.53516748e-06 9.50562935e-07
 7.51582093e-07 6.99836619e-07 7.11236225e-07 3.56042193e-07
 7.93604670e-07 1.82136773e-06 5.51219102e-07 6.00684587e-07
 3.26144203e-07 5.21893014e-07 2.16223540e-07 3.26283583e-07
 1.74930435e-07 8.42586090e-08 1.31489500e-07 2.90426641e-07
 9.68783240e-08 2.07113928e-07 1.40009945e-07 2.31520730e-07
 1.42560452e-07 1.71180304e-07 1.32584731e-07 3.94429556e-08]
[1.0254972e-06 9.5312083e-07 9.3915986e-07 1.0313495e-06 9.1881429e-07
 5.5307061e-07 7.1430395e-07 5.1260196e-07 5.2412020e-07 3.7994013e-07
 5.0514245e-07 3.2763694e-07 3.4638478e-07 2.6457130e-07 1.8086172e-07
 4.0978412e-07 2.8031340e-07 1.2125793e-07 1.5596163e-07 2.1253128e-07
 2.1940360e-07 2.3812565e-07 2.3175998e-07 2.3193309e-07 2.0932224e-07
 2.0350144e-07 4.7402776e-07 4.4452551e-07 3.0864945e-07 3.8342273e-07
 3.9046586e-07 3.6502286e-07 2.6104991e-07 2.0533237e-07 3.2748667e-07
 2.5105658e-07 2.6065601e-07 2.3573971e-07 3.5891193e-07 7.7722376e-07
 4.7249819e-07 1.3301618e-06 7.8556872e-07 5.6555018e-07 2.9257379e-07
 4.5918554e-07 1.0431767e-06 1.0511443e-06 7.7238855e-07 9.3298678e-07
 1.0075179e-06 8.5065943e-07 1.4430310e-06 1.0416134e-06 1.6328416e-06
 1.1454393e-06 1.4029632e-06 8.8771071e-07 8.7197259e-07 8.3499935e-07
 4.3292971e-07 6.2167828e-07 1.1321672e-06 1.1583967e-06 1.0761735e-06
 6.9268958e-07 6.7408519e-07 1.2831964e-06 8.1620715e-07 2.9653384e-07
 1.0590591e-06 1.0828148e-06 1.3129112e-06 1.9853442e-06 1.9222332e-06
 1.7483089e-06 8.6371853e-07 2.5427200e-06 8.6254892e-07 1.0051507e-06
 1.3903250e-06 1.0580396e-06 8.7520374e-07 1.0212862e-06 6.0294855e-07
 9.2777321e-07 1.6661843e-06 1.2231441e-06 1.1805469e-06 1.2973754e-06
 1.6900034e-06 1.4604801e-06 5.4176832e-07 1.2869135e-06 1.3092599e-06
 1.0617219e-06 5.2468039e-07 1.2458222e-06 1.1938681e-06 7.7194198e-07
 9.6492545e-07 9.2119689e-07 1.7945891e-06 1.8393384e-06 1.9849458e-06
 2.5921729e-06 3.9873967e-06 3.2887108e-06 1.2552073e-06 1.0730968e-06
 9.8388853e-07 2.2448412e-06 1.7114850e-06 2.5231143e-06 1.0027707e-06
 1.4300017e-06 2.0781431e-06 2.8921261e-06 1.5546951e-06 2.3802147e-06
 2.2518450e-06 2.2558102e-06 3.0031315e-06 3.7200098e-06 8.4026414e-07
 1.7364746e-06 3.1160073e-06 1.9219242e-06 5.4010375e-06 3.0841736e-06
 4.6707514e-06 3.3806512e-06 4.0542009e-06 4.0769587e-06 2.2767515e-06
 2.8518073e-06 1.4964830e-06 7.2983057e-06 2.9081750e-06 5.0776516e-06
 3.2125042e-06 2.9913006e-06 2.5754525e-06 3.4734624e-06 8.6729169e-06
 8.1389744e-06 9.4698726e-06 1.2246298e-05 1.9325864e-05 2.0522946e-06
 7.9634528e-06 5.1994380e-06 1.0677166e-05 1.3521872e-05 1.0921784e-05
 7.6975948e-06 7.8013072e-06 1.9097467e-06 5.4127599e-05 9.7500206e-06
 9.6784424e-06 1.4614564e-05 3.2965898e-05 8.2327097e-06 6.0190628e-06
 3.0263957e-06 3.2842779e-06 2.8613033e-06 2.2177244e-06 1.4394537e-06
 1.9246584e-06 2.3128600e-06 2.0730201e-06 1.8044799e-06 1.9384499e-06
 2.8754155e-06 3.3072358e-06 3.2950518e-06 1.5345428e-06 2.2721119e-06
 2.7535186e-06 2.1004928e-06 1.5183331e-06 4.5398460e-06 2.7816338e-06
 2.3794539e-06 2.2825300e-06 1.3689070e-06 4.1110120e-06 1.8294751e-06
 3.4687371e-06 1.6768985e-06 1.3722535e-06 7.3886605e-07 1.7704091e-06
 3.7339494e-06 1.1202333e-06 6.5458624e-07 9.8426676e-07 9.8152634e-07
 9.9090346e-07 4.8280901e-07 4.9029177e-07 5.6178163e-07 5.5987135e-07
 7.7999857e-07 1.2124597e-06 4.1950148e-07 2.1791179e-07 5.6091903e-07
 3.0269359e-07 3.1086731e-07 3.1974855e-07 2.9096023e-07 1.4630237e-07
 2.7781178e-07 1.9438551e-07 1.3196454e-07 2.7193559e-07 2.4984232e-07
 1.7226500e-07 1.3000850e-07 1.0770217e-07 5.5477368e-08]
[9.73553142e-07 1.97629129e-06 1.56218641e-06 1.88609920e-06
 8.44476119e-07 5.84046347e-07 4.11736664e-07 4.16142029e-07
 5.10887958e-07 5.49760500e-07 6.30115949e-07 5.11564906e-07
 2.61946155e-07 2.69840427e-07 3.01821132e-07 2.53993534e-07
 1.90971775e-07 2.06452100e-07 1.30351808e-07 1.72495064e-07
 2.34986359e-07 1.37601290e-07 5.43347085e-07 3.17058635e-07
 2.57136691e-07 1.96747067e-07 3.73101670e-07 2.82450884e-07
 3.04807060e-07 2.77800723e-07 3.22387450e-07 5.31738294e-07
 4.79637436e-07 6.91687376e-07 3.72003910e-07 3.25057641e-07
 3.32502708e-07 3.11940113e-07 8.17825992e-07 4.44141591e-07
 7.39276118e-07 2.37676076e-07 1.16687158e-06 6.25658174e-07
 5.34445178e-07 7.71520092e-07 2.63677362e-06 1.84869680e-06
 1.17473246e-06 7.81251458e-07 1.47306366e-06 1.66083862e-06
 1.63367179e-06 1.72108867e-06 1.06401910e-06 2.24358268e-06
 1.03196714e-06 8.63283276e-07 9.13330325e-07 1.03819968e-06
 5.00749763e-07 7.33576883e-07 1.63069069e-06 1.08593190e-06
 7.10258007e-07 1.23031521e-06 1.21942082e-06 1.14656552e-06
 8.73885995e-07 8.47964372e-07 1.28044758e-06 2.33726360e-06
 1.68006397e-06 1.44588068e-06 1.14114755e-06 1.23548193e-06
 1.09265397e-06 1.03509365e-06 1.58638420e-06 1.07435972e-06
 3.29572663e-06 2.33457581e-06 9.15482758e-07 1.22965560e-06
 9.36257436e-07 4.86063584e-07 1.08264260e-06 1.61854405e-06
 1.12271618e-06 9.45715499e-07 1.07274695e-06 1.35554944e-06
 1.08483107e-06 1.25734152e-06 1.16818228e-06 1.38529515e-06
 6.53145378e-07 1.30894330e-06 1.14804402e-06 1.94295944e-06
 1.10356086e-06 1.41453256e-06 1.58113619e-06 2.72484954e-06
 2.31708964e-06 2.05443894e-06 2.34614299e-06 4.05185301e-06
 2.38264874e-06 1.18815262e-06 1.49457674e-06 4.66214169e-06
 3.49285074e-06 1.44075102e-06 2.36681240e-06 1.27061332e-06
 1.62053527e-06 3.08040239e-06 3.63287018e-06 2.88793331e-06
 1.89424816e-06 2.61067612e-06 5.86944770e-06 2.66405073e-06
 1.67530891e-06 2.70105988e-06 2.46346985e-06 3.21160223e-06
 2.15051455e-06 3.30095304e-06 6.16174702e-06 2.29975308e-06
 3.51984886e-06 7.95918459e-06 8.68894585e-06 2.71384602e-06
 1.63966115e-06 3.36917560e-06 4.49179379e-06 8.64797767e-06
 3.16451519e-06 2.41958469e-06 2.06535196e-06 3.75260674e-06
 5.75528247e-06 1.02185395e-05 1.01225251e-05 6.40541430e-06
 1.78751634e-05 7.97870871e-06 5.77254514e-06 7.16076329e-06
 5.66825111e-06 4.14415035e-06 1.23753089e-05 1.37811885e-05
 1.53916005e-06 3.50155574e-06 1.78017872e-05 9.88137890e-06
 2.75887360e-05 3.77111355e-05 1.13034475e-05 8.91858508e-06
 3.47984246e-06 3.03288675e-06 3.17168019e-06 1.23564278e-05
 4.67404288e-06 3.66697964e-06 2.89748436e-06 3.20577419e-06
 4.47043521e-06 2.22884705e-06 3.05562571e-06 3.00719762e-06
 2.53193434e-06 1.31588001e-06 1.34524134e-06 2.26521774e-06
 1.67381893e-06 1.81507676e-06 2.39579208e-06 1.90199069e-06
 1.53766302e-06 1.88937702e-06 1.99412875e-06 1.89336788e-06
 2.04494700e-06 2.65499148e-06 2.45734100e-06 7.94514051e-07
 3.34197830e-06 1.34491950e-06 1.64490996e-06 1.67116286e-06
 2.47795128e-06 1.42121155e-06 1.59706394e-06 1.12523617e-06
 6.06054471e-07 8.06102889e-07 4.50602812e-07 1.14093234e-06
 4.25389771e-07 9.76281740e-07 1.27706460e-06 6.34482376e-07
 5.69045767e-07 7.19860054e-07 3.83047194e-07 4.20312603e-07
 3.05516778e-07 2.55318724e-07 1.86585297e-07 3.21912012e-07
 2.18306113e-07 2.53620613e-07 2.68461520e-07 3.08073936e-07
 1.20399775e-07 1.11935520e-07 9.24906374e-08 7.12275323e-08]
[6.7308468e-07 2.2171894e-06 2.2048191e-06 7.2334245e-07 6.3549686e-07
 4.7827490e-07 5.2331762e-07 3.4414072e-07 3.8019041e-07 3.0827437e-07
 2.1295834e-07 2.4694245e-07 2.2504550e-07 2.2308200e-07 3.3881676e-07
 2.7786729e-07 1.7939550e-07 1.1499009e-07 2.4199369e-07 2.1411880e-07
 1.6739347e-07 1.9068993e-07 5.3484797e-07 3.8714188e-07 1.3949227e-07
 1.7652457e-07 1.7442058e-07 1.5889353e-07 1.7329235e-07 1.6430685e-07
 4.0137297e-07 2.9266769e-07 2.4901519e-07 1.9967722e-07 5.7003285e-07
 2.8829092e-07 3.0709069e-07 1.6616842e-07 3.5037351e-07 4.6883929e-07
 9.6993369e-07 8.5679068e-07 3.6647745e-07 6.2967968e-07 5.7462540e-07
 4.8528904e-07 7.7927274e-07 1.0236214e-06 1.7257353e-06 1.0887834e-06
 1.2922834e-06 1.2122630e-06 1.3229527e-06 1.6421742e-06 6.5165369e-07
 9.4722515e-07 8.0019544e-07 7.6681528e-07 9.3720297e-07 7.0411460e-07
 4.8780760e-07 1.1400999e-06 1.0182537e-06 1.0159694e-06 1.0346317e-06
 7.2350969e-07 9.5998064e-07 7.5925891e-07 9.5720736e-07 4.6398819e-07
 7.3397268e-07 1.0618655e-06 1.7683866e-06 2.2762522e-06 9.4704257e-07
 5.5091675e-07 9.5318137e-07 7.1584009e-07 1.9751126e-06 7.8335694e-07
 1.4161136e-06 1.0944135e-06 1.3585876e-06 1.0637153e-06 1.5719070e-06
 7.3581094e-07 1.5533128e-06 1.1815997e-06 1.4569600e-06 6.4614278e-07
 6.2512203e-07 1.2000933e-06 4.4965199e-07 4.3929688e-07 7.0982350e-07
 1.5813566e-06 8.1907228e-07 1.7619944e-06 7.1670547e-07 1.0342496e-06
 1.1859745e-06 1.2568393e-06 1.3165308e-06 2.1180883e-06 1.5834629e-06
 3.2739508e-06 2.0825330e-06 1.9392755e-06 1.2561876e-06 1.3289697e-06
 1.1161900e-06 1.9785477e-06 1.6009280e-06 1.1680314e-06 4.3321852e-06
 1.4342198e-06 9.2340883e-07 6.2202008e-07 2.2648396e-06 4.9028149e-06
 3.3954150e-06 2.3919158e-06 3.6386734e-06 1.8201011e-06 1.5566774e-06
 2.2769243e-06 4.0041709e-06 2.2472293e-06 1.3621201e-06 1.8942616e-06
 2.9635660e-06 6.1991991e-06 1.9597890e-06 2.9151961e-06 1.6839490e-06
 3.2721716e-06 1.0979664e-06 2.9875266e-06 3.7482307e-06 4.1128992e-06
 2.0084233e-06 2.8902584e-06 1.5753594e-06 3.3046515e-06 4.0628479e-06
 5.8789446e-06 7.8723388e-06 7.8346466e-06 2.1699952e-06 1.5330471e-06
 3.1075542e-06 3.5045389e-06 4.6866735e-06 2.7035046e-06 2.6367861e-06
 3.1330935e-06 3.3265430e-06 4.8385864e-06 3.6305048e-06 4.5910847e-06
 7.1435575e-06 3.4965569e-06 1.8134151e-05 8.5823940e-06 2.0088085e-06
 4.7195736e-06 1.8891420e-06 1.7130783e-06 2.0619500e-06 2.0436048e-06
 3.0345211e-06 1.4363226e-06 4.6795008e-06 4.0158179e-06 1.6456319e-06
 4.7634198e-06 3.4346431e-06 1.6421567e-06 1.4362107e-06 1.7161451e-06
 1.0533212e-06 1.2374741e-06 1.8178222e-06 1.3378909e-06 7.1040432e-07
 1.5164875e-06 1.3852829e-06 2.5629824e-06 1.1501016e-06 2.1900173e-06
 8.9942432e-07 1.9673269e-06 3.5415705e-06 1.1019753e-06 1.5881351e-06
 1.3590078e-06 1.0751304e-06 5.3290973e-06 1.5127235e-06 1.0354009e-06
 1.2175479e-06 6.7894081e-07 6.2137065e-07 8.5807005e-07 4.4053635e-07
 5.9844695e-07 8.3155800e-07 5.3992642e-07 5.8341124e-07 5.1184605e-07
 2.4417125e-07 1.5085207e-07 1.9413032e-07 2.5550241e-07 2.5275688e-07
 1.5940695e-07 2.1215241e-07 1.1182045e-07 1.4250294e-07 1.3391033e-07
 2.0907157e-07 1.1481976e-07 1.1270337e-07 6.0987396e-08]
[3.4112574e-07 1.4201781e-06 1.5112619e-06 1.6502568e-06 6.9809289e-07
 4.4902200e-07 5.2965123e-07 7.5486770e-07 3.1531229e-07 3.3787805e-07
 3.1953195e-07 3.7667095e-07 3.4963330e-07 1.8888154e-07 2.0383833e-07
 2.0911058e-07 1.0140216e-07 1.8278172e-07 1.6855059e-07 2.8883559e-07
 1.9983743e-07 2.9200146e-07 3.6138147e-07 1.5634640e-07 1.3641018e-07
 2.6608288e-07 1.8223125e-07 2.5080655e-07 3.1210621e-07 1.5066264e-07
 2.0977227e-07 3.9082963e-07 1.6398354e-07 2.1137105e-07 4.0546308e-07
 4.1452529e-07 3.2610549e-07 4.0406670e-07 2.6165387e-07 2.6649445e-07
 3.4993556e-07 5.2833445e-07 5.6861251e-07 7.8218892e-07 5.5837592e-07
 1.0063874e-06 9.2237912e-07 5.6365741e-07 1.8380155e-06 1.0505246e-06
 1.3973139e-06 1.3549152e-06 1.2672220e-06 1.0348846e-06 2.0518337e-06
 1.2090858e-06 1.0024372e-06 1.0286316e-06 5.7846182e-07 6.4564443e-07
 4.3018122e-07 6.7329387e-07 8.6732990e-07 7.4543959e-07 3.7423584e-07
 1.2859385e-06 5.8337702e-07 6.5666865e-07 9.7223381e-07 5.5758318e-07
 7.4635255e-07 1.1771832e-06 1.3903732e-06 1.6352542e-06 8.9201086e-07
 1.4253786e-06 2.6414675e-06 1.6675131e-06 1.2903139e-06 2.4041590e-06
 8.1314533e-07 1.1992959e-06 7.8031695e-07 1.4146076e-06 1.1995688e-06
 9.1518677e-07 8.2037030e-07 1.1563874e-06 7.5632471e-07 6.4007844e-07
 6.9015397e-07 1.1448855e-06 8.5952797e-07 1.3676766e-06 9.7199097e-07
 1.4435537e-06 9.9915269e-07 7.4828512e-07 5.6300900e-07 1.2241595e-06
 1.0615591e-06 6.4757108e-07 1.2131585e-06 1.7258486e-06 1.1232156e-06
 1.9773897e-06 2.7521946e-06 1.8731865e-06 1.0155416e-06 1.6949684e-06
 1.9134816e-06 1.1861711e-06 2.1672861e-06 1.5006791e-06 4.3796258e-06
 2.6968739e-06 2.3836576e-06 1.6764079e-06 5.9034032e-06 2.6088794e-06
 2.2469139e-06 1.5370078e-06 1.3951466e-06 1.2831034e-06 4.6436994e-06
 3.1858292e-06 6.7318192e-06 3.1305651e-06 2.5394042e-06 1.9780516e-06
 2.5815600e-06 2.5647450e-06 1.9333841e-06 1.8185810e-06 4.3786590e-06
 2.4641733e-06 1.3915383e-06 2.8288262e-06 2.6635782e-06 8.3224421e-07
 2.4286201e-06 1.9164011e-06 8.0715955e-07 1.9116076e-06 2.7092722e-06
 1.3781925e-06 3.9610391e-06 1.7168754e-06 2.9634323e-06 1.7344373e-06
 2.7767621e-06 3.1961802e-06 2.2889596e-06 5.8243891e-06 1.9156062e-06
 3.8904527e-06 2.4832264e-06 1.8517521e-06 1.9135784e-06 3.3149811e-06
 2.2067707e-06 4.0992177e-06 5.0123826e-06 5.6000445e-06 8.1392800e-06
 2.1860069e-06 3.9515699e-06 4.0762884e-06 1.9377687e-06 2.7591038e-06
 5.2771666e-06 1.6304888e-06 4.8672655e-06 2.3458467e-06 1.6779536e-06
 8.2427405e-06 3.4751326e-06 8.4348494e-07 8.2029834e-07 1.1188584e-06
 1.1004136e-06 7.1023555e-07 1.2852898e-06 1.3764934e-06 1.3818321e-06
 1.6104531e-06 1.9679910e-06 2.4093542e-06 2.1624742e-06 2.9099513e-06
 2.8317993e-06 3.1586678e-06 5.0237054e-06 8.2946917e-07 1.5948935e-06
 2.3383404e-06 6.7469483e-07 2.2264442e-06 5.2664979e-07 1.3513077e-06
 1.2396962e-06 6.2566380e-07 5.7750248e-07 7.4580112e-07 7.5334742e-07
 4.3529164e-07 5.0761145e-07 3.0408376e-07 3.7203768e-07 3.0429740e-07
 1.5066580e-07 1.3456638e-07 1.0167404e-07 2.0057770e-07 1.8996330e-07
 2.6327456e-07 4.6030468e-07 3.2813750e-07 1.6560053e-07 1.7183756e-07
 1.3120595e-07 9.9701964e-08 8.7376868e-08 5.6392704e-08]
[1.45001388e-06 7.08238758e-07 3.01053410e-06 9.45734371e-07
 5.84485178e-07 5.48994080e-07 7.38384472e-07 7.01687156e-07
 6.85188695e-07 2.45677853e-07 3.91526413e-07 4.57122297e-07
 3.00094371e-07 1.55587671e-07 2.55797147e-07 2.62290911e-07
 2.58126505e-07 1.37349929e-07 1.30499686e-07 2.24653334e-07
 1.51734909e-07 1.30210495e-07 1.77814854e-07 2.35692127e-07
 2.01659361e-07 2.56693056e-07 2.07820676e-07 2.45735265e-07
 3.11893729e-07 2.23765426e-07 2.71031155e-07 1.51306253e-07
 2.52216722e-07 1.60138725e-07 2.76663968e-07 2.54116117e-07
 2.39711767e-07 1.94725359e-07 4.76734414e-07 5.75903243e-07
 5.79057371e-07 7.71013219e-07 6.66940821e-07 6.24735037e-07
 6.66443896e-07 1.54035990e-06 1.50627909e-06 1.52347877e-06
 1.18344133e-06 9.25819222e-07 1.29295051e-06 6.14486112e-07
 7.35924402e-07 9.81039989e-07 1.40689735e-06 2.89763216e-06
 1.84985799e-06 1.50932317e-06 1.00633588e-06 1.87743933e-06
 1.81548319e-06 1.14587908e-06 7.66044366e-07 3.54977232e-07
 9.18924513e-07 8.38924052e-07 1.33596768e-06 1.18340085e-06
 5.42752559e-07 9.15231851e-07 1.03413390e-06 1.53761823e-06
 1.67432938e-06 2.14386500e-06 1.67247254e-06 2.18011451e-06
 2.73921728e-06 2.63473271e-06 1.04901956e-05 1.21636469e-06
 4.54383871e-06 3.48618619e-06 1.82003998e-06 2.43538034e-06
 4.69759698e-07 7.92360879e-07 1.43957993e-06 8.13584222e-07
 1.02652757e-06 1.07339599e-06 1.67861481e-06 9.06536798e-07
 5.71490659e-07 1.26262648e-06 1.43085470e-06 1.59769286e-06
 1.38656344e-06 1.15915702e-06 6.28292980e-07 7.42497662e-07
 7.76971149e-07 1.00470913e-06 2.36794540e-06 2.65621475e-06
 2.71135468e-06 5.21777508e-07 1.36648612e-06 9.67892788e-07
 9.27056533e-07 1.20067614e-06 1.92615630e-06 1.66394841e-06
 1.47308947e-06 1.00726618e-06 4.00085491e-06 1.18103901e-06
 9.25358393e-07 1.79548988e-06 2.70522469e-06 3.17628178e-06
 1.01426122e-06 2.51220445e-06 1.74277704e-06 2.73859973e-06
 3.16327191e-06 1.89059767e-06 1.53534586e-06 1.45835020e-06
 1.16898605e-06 2.37505174e-06 1.77682625e-06 3.09478492e-06
 4.01749139e-06 9.60059083e-07 2.01816692e-06 3.36351150e-06
 2.56660974e-06 2.75943034e-06 4.07338712e-06 8.40048597e-06
 5.44765999e-06 1.62194829e-06 4.35300944e-06 1.24840756e-06
 2.11771567e-06 2.22463336e-06 9.48722027e-06 2.20195602e-06
 3.96485530e-06 2.09168979e-06 3.02406511e-06 3.48785738e-06
 3.78361437e-06 3.85550948e-06 7.62063655e-06 5.50681898e-06
 5.03943147e-06 4.60359252e-06 4.27820896e-06 3.08071253e-06
 1.93808410e-06 3.95545703e-06 7.47890454e-06 3.74564775e-06
 5.36610378e-06 1.87479429e-06 4.34687308e-06 1.61302194e-06
 1.61997730e-06 2.10264784e-06 2.53156281e-06 2.14970487e-06
 1.55918599e-06 4.93409459e-07 1.91397294e-06 2.23785787e-06
 1.62640993e-06 1.63330731e-06 1.08678751e-06 1.17071897e-06
 7.16083548e-07 8.98321389e-07 2.14288866e-06 1.86883460e-06
 1.83956865e-06 1.33440562e-06 1.81148062e-06 1.67911946e-06
 1.55413272e-06 4.85108649e-06 2.53114627e-06 2.82302881e-06
 1.70018336e-06 4.08321421e-06 1.76854758e-06 3.35664595e-06
 3.05389307e-07 1.62501192e-06 2.18343098e-06 2.26384259e-06
 1.21262485e-06 7.02228590e-07 3.84274784e-07 1.24048552e-06
 4.57129403e-07 1.40819608e-07 2.80287992e-07 3.08148515e-07
 6.42406519e-07 4.17129598e-07 3.12432320e-07 2.78942508e-07
 1.90831898e-07 2.11744521e-07 4.73609276e-07 1.74807610e-07
 3.62486759e-07 3.05553925e-07 3.17042463e-07 1.30653660e-07
 2.03568902e-07 1.05602474e-07 1.42068899e-07 5.15129948e-08]
[6.68218547e-07 5.16910916e-07 3.94561539e-06 9.67419169e-07
 4.64159740e-07 1.05899187e-06 1.87613296e-06 7.32987928e-07
 5.57860631e-07 3.34030773e-07 2.26994075e-07 3.47447241e-07
 3.76086149e-07 2.16281705e-07 2.40728042e-07 3.44733309e-07
 1.69301302e-07 2.54062940e-07 2.47561246e-07 2.73762510e-07
 2.62100343e-07 2.14963180e-07 1.29712916e-07 2.96187153e-07
 2.42723416e-07 2.81261123e-07 1.52700309e-07 2.77556637e-07
 1.87315436e-07 1.46139101e-07 1.93527399e-07 2.87928316e-07
 2.05089961e-07 2.52956255e-07 2.08270194e-07 4.42218067e-07
 1.75926814e-07 2.83497684e-07 4.31520647e-07 3.55181641e-07
 7.28574378e-07 3.89797833e-07 5.84779912e-07 6.77331627e-07
 1.12670921e-06 1.43152386e-06 1.13565568e-06 1.83722477e-06
 1.47628919e-06 6.58808858e-07 1.15776743e-06 1.34191475e-06
 1.70072474e-06 1.65921756e-06 1.51897211e-06 2.01463536e-06
 1.28798831e-06 1.36301367e-06 1.81276346e-06 2.09904306e-06
 1.17887748e-06 1.28614045e-06 1.02841113e-06 4.37788486e-07
 5.78253662e-07 9.70564315e-07 1.01561182e-06 9.86244572e-07
 7.27398799e-07 8.38377389e-07 1.34558661e-06 2.51199754e-06
 2.29899592e-06 1.63115146e-06 1.67442010e-06 2.88786828e-06
 2.00439376e-06 1.91870959e-06 1.18361606e-06 1.44341266e-06
 2.69392854e-06 3.84610985e-06 2.22034282e-06 2.48675337e-06
 1.08275879e-06 1.13226827e-06 8.87834858e-07 1.60104219e-06
 8.46060630e-07 9.60605007e-07 1.30371791e-06 1.66281870e-06
 1.06036907e-06 6.48364846e-07 5.15758131e-07 9.24598055e-07
 2.13074441e-06 1.44141643e-06 7.96498341e-07 1.42263843e-06
 9.01099611e-07 1.29208331e-06 2.42518649e-06 4.06197751e-06
 1.73832439e-06 9.24280073e-07 1.09796713e-06 1.31358081e-06
 1.06439063e-06 9.06215519e-07 1.54946122e-06 6.07505581e-06
 2.54937027e-06 2.93245739e-06 1.43916168e-06 7.46516116e-06
 1.48275012e-06 1.32392768e-06 2.04442381e-06 3.37453844e-06
 1.54700672e-06 4.61714762e-06 3.09527604e-06 1.62938193e-06
 2.20190691e-06 6.25204120e-06 1.09912560e-06 7.43603368e-06
 1.48594302e-06 3.31981664e-06 4.00735235e-06 4.31262424e-06
 1.98976227e-06 1.32578145e-06 2.53227176e-06 1.87410114e-06
 2.93652124e-06 2.03862805e-06 2.38365124e-06 2.78650464e-06
 2.13710041e-06 2.39380233e-06 2.56463500e-06 2.61191872e-06
 2.93821154e-06 1.09921996e-06 1.93514234e-06 1.74419677e-06
 2.96396956e-06 4.25011103e-06 2.64826917e-06 4.87980788e-06
 5.19432115e-06 8.00487669e-06 4.31902345e-06 4.90698540e-06
 7.73784086e-06 6.91227797e-06 3.63175582e-06 1.85464905e-05
 1.68550832e-05 1.38308023e-05 1.34103293e-05 1.50588885e-05
 8.82614859e-06 5.63894491e-06 2.92068125e-06 5.70650218e-06
 2.78626499e-06 1.28960085e-06 4.37207564e-06 1.66978828e-06
 1.84276416e-06 8.16372165e-07 1.62650338e-06 1.57884642e-06
 8.11625966e-07 1.31062370e-06 1.31821560e-06 1.40487725e-06
 1.02020738e-06 1.10433257e-06 1.14456100e-06 2.23894881e-06
 2.33915603e-06 1.71301542e-06 1.02692775e-06 2.51277788e-06
 8.76098966e-07 2.75907337e-06 1.30411911e-06 3.44704426e-06
 1.17547449e-06 1.23589882e-06 5.61263789e-07 2.86458749e-06
 3.78810068e-06 5.03169588e-07 7.22370260e-07 1.43575789e-06
 1.70674082e-06 1.33982178e-06 1.66612301e-06 4.35806783e-07
 9.30139038e-07 2.04650746e-07 3.22347091e-07 1.12211762e-06
 6.28142573e-07 2.94235889e-07 3.68912055e-07 4.27505853e-07
 3.07957293e-07 2.20382276e-07 1.32727791e-07 2.73268171e-07
 2.37666043e-07 1.84319006e-07 1.48858135e-07 1.27248327e-07
 1.82860262e-07 9.42430844e-08 5.50245538e-08 3.96439752e-08]
[7.0209677e-07 1.0044047e-06 8.8737534e-07 1.8279515e-06 6.9479006e-07
 8.1007607e-07 1.3917265e-06 4.6797797e-07 3.9694942e-07 4.3059708e-07
 6.7129963e-07 2.2419624e-07 1.7113996e-07 2.3733473e-07 1.2661589e-07
 2.4308756e-07 1.9639715e-07 1.1019235e-07 2.1324577e-07 2.7987855e-07
 2.3183661e-07 1.6988690e-07 1.4353076e-07 9.2647760e-08 1.4243057e-07
 1.0788866e-07 1.8644111e-07 2.0927716e-07 1.8984468e-07 8.7978528e-08
 1.5405037e-07 2.3065684e-07 2.9182431e-07 2.3169173e-07 1.5753675e-07
 3.0813149e-07 2.8620821e-07 2.2477758e-07 3.7268887e-07 4.9058889e-07
 2.8978940e-07 7.4132873e-07 7.0396572e-07 4.0663758e-07 7.3729689e-07
 1.1238561e-06 1.0781591e-06 7.7418343e-07 1.1189710e-06 1.5681056e-06
 1.2550605e-06 1.4407806e-06 1.1318210e-06 1.2449103e-06 1.4178501e-06
 1.9104666e-06 1.0545342e-06 1.2637441e-06 8.6984352e-07 1.3038435e-06
 7.9506350e-07 6.5044247e-07 8.7042116e-07 4.3520507e-07 5.0207314e-07
 1.2419581e-06 6.8523286e-07 6.9691254e-07 8.3117374e-07 8.9832400e-07
 1.4890978e-06 8.0491367e-07 1.1970549e-06 2.0428729e-06 2.3514142e-06
 8.7842676e-07 5.4005744e-07 1.0135598e-06 2.3541936e-06 7.1577284e-07
 7.7222586e-07 6.3040352e-07 8.1655526e-07 8.9395218e-07 1.0575745e-06
 1.3683524e-06 8.3774540e-07 1.0480155e-06 5.9373178e-07 8.9587201e-07
 1.1118306e-06 6.5968976e-07 3.7679919e-07 5.7415542e-07 6.3543115e-07
 6.4928525e-07 7.3321581e-07 9.1707057e-07 4.1942494e-07 5.7517678e-07
 3.1854961e-07 6.8359344e-07 7.2663539e-07 7.2848871e-07 4.4547247e-07
 4.0648215e-06 7.5488873e-07 1.4769222e-06 7.2969277e-07 8.0531998e-07
 1.1096198e-06 2.0970369e-06 1.9983320e-06 3.1542183e-06 1.6740036e-06
 1.6592691e-06 8.5519304e-07 9.9553199e-07 1.3398644e-06 1.6619202e-06
 8.4071479e-07 6.4819966e-07 1.8583805e-06 2.8941313e-06 1.8946079e-06
 4.3975106e-06 9.8051532e-07 2.0911546e-06 1.8168602e-06 1.9904166e-06
 2.0059340e-06 1.4217503e-06 1.0514428e-06 6.5604809e-07 1.5309971e-06
 1.5832126e-06 1.3473131e-06 1.6028854e-06 1.6603290e-06 1.5696060e-06
 1.1659339e-06 1.0188052e-06 2.7881003e-06 1.5247851e-06 1.3127647e-06
 1.3152572e-06 1.7095316e-06 1.6466973e-06 1.2540110e-06 1.2229983e-06
 2.1636001e-06 2.4328854e-06 3.6283946e-06 3.6595802e-06 4.1845910e-06
 5.3305871e-06 3.5743726e-06 4.9303758e-06 7.8662542e-06 7.3886717e-06
 1.2081888e-05 1.0864683e-05 7.9952797e-06 6.4419869e-06 4.5259499e-06
 5.8484056e-06 2.7434751e-06 5.7472012e-06 1.9696611e-06 2.0251016e-06
 4.4574281e-06 3.0665913e-06 3.0235635e-06 1.2952968e-06 1.9327817e-06
 9.1116794e-07 1.0847297e-06 5.9418193e-07 1.3831685e-06 1.5189879e-06
 4.5454556e-07 7.6466887e-07 1.2656466e-06 1.1083670e-06 1.0699873e-06
 1.6589207e-06 1.0368890e-06 8.8234833e-07 1.3438121e-06 1.2861166e-06
 9.2609929e-07 1.2393335e-06 7.2608492e-07 7.3962406e-07 1.1269726e-06
 1.3296990e-06 1.1253696e-06 7.5607522e-07 9.0964886e-07 9.2819954e-07
 4.4738781e-07 2.9677526e-07 5.9338510e-07 6.3601124e-07 3.1518096e-07
 2.0313296e-07 2.9552865e-07 4.0151340e-07 4.0188638e-07 2.5731092e-07
 2.9714815e-07 3.3955644e-07 3.0235046e-07 1.7582352e-07 1.4181458e-07
 9.1651991e-08 1.4921575e-07 1.3640523e-07 1.3504832e-07 8.4908798e-08
 1.2125480e-07 5.2151378e-08 9.2975853e-08 6.6147045e-08]
[5.25059875e-07 3.57932294e-07 1.46465936e-06 1.07539574e-06
 5.08847222e-07 7.02800378e-07 2.49657404e-07 7.16186776e-07
 2.38136067e-07 2.36302398e-07 2.69650883e-07 7.86277667e-07
 2.74092912e-07 2.68377249e-07 1.44522247e-07 1.04475866e-07
 1.27321201e-07 1.15739006e-07 1.09104803e-07 1.23382549e-07
 1.24200326e-07 1.37770215e-07 1.89539904e-07 6.28498356e-08
 8.29884428e-08 1.10310147e-07 1.20597917e-07 1.61233473e-07
 9.85087141e-08 2.03832585e-07 1.33872177e-07 1.38910806e-07
 1.69698680e-07 1.19966074e-07 3.86034117e-07 5.56923339e-07
 3.40793264e-07 3.05211984e-07 2.92974477e-07 2.78611623e-07
 2.90449407e-07 3.51809035e-07 5.45459329e-07 8.16248303e-07
 8.09878600e-07 1.49909692e-06 1.63198877e-06 1.17664536e-06
 1.11027850e-06 7.32509307e-07 6.35023696e-07 4.67438809e-07
 1.28287547e-06 1.00568548e-06 1.06078278e-06 7.98206145e-07
 4.57606319e-07 7.94204880e-07 5.23899359e-07 9.94272455e-07
 1.08466850e-06 3.88987246e-07 4.93361028e-07 6.85189889e-07
 7.03628245e-07 3.15036544e-07 5.61127877e-07 7.11831944e-07
 3.65509891e-07 1.03508273e-06 6.76835725e-07 7.19553839e-07
 9.38959317e-07 6.97291171e-07 6.10576819e-07 2.51222059e-06
 5.34237131e-07 4.92007246e-07 9.56579242e-07 2.37795234e-06
 1.71641750e-06 8.66646133e-07 7.79032177e-07 7.45889565e-07
 5.11439964e-07 1.03985656e-06 6.05416290e-07 7.87512363e-07
 4.23418300e-07 3.82761868e-07 7.42786767e-07 5.77752587e-07
 4.90245156e-07 4.43180141e-07 6.66196058e-07 7.91055754e-07
 4.99829980e-07 3.81685169e-07 4.26954017e-07 3.34308510e-07
 5.20829701e-07 4.75061512e-07 3.51992441e-07 4.14926490e-07
 5.91939624e-07 4.95015399e-07 5.32434854e-07 8.68511677e-07
 5.30298507e-07 4.40912657e-07 6.16658326e-07 1.36160770e-06
 2.48592050e-06 8.37670484e-07 1.38173436e-06 9.49358309e-07
 2.71959010e-07 9.47627825e-07 3.46875282e-07 1.11654742e-06
 7.35612048e-07 1.03695231e-06 1.72517775e-06 1.52791415e-06
 1.21671076e-06 8.87684280e-07 9.77987497e-07 1.34745994e-06
 1.05122081e-06 1.30605997e-06 9.58331043e-07 1.38145117e-06
 2.12412124e-06 9.32846149e-07 1.02520232e-06 1.11207282e-06
 1.62890876e-06 2.28997533e-06 7.00982127e-07 1.17140360e-06
 8.70386145e-07 9.70506221e-07 1.29726152e-06 1.15669923e-06
 5.44696093e-07 1.01167041e-06 1.45875185e-06 1.65970175e-06
 1.46302511e-06 1.14095076e-06 2.67695918e-06 3.18897037e-06
 1.47912908e-06 1.47660160e-06 1.90800142e-06 2.96413123e-06
 2.63721927e-06 4.32761681e-06 8.70503573e-06 3.36204107e-06
 3.70561816e-06 5.56594671e-07 2.78620587e-06 4.46688045e-06
 5.95062431e-07 2.49749701e-06 2.17797356e-06 1.79851486e-06
 3.34514789e-06 2.46554055e-06 5.55684267e-07 5.73199429e-07
 1.72577165e-06 6.23363860e-07 1.35930361e-06 6.40316273e-07
 5.22558310e-07 3.55315251e-07 7.05924379e-07 9.81819653e-07
 1.37676977e-06 3.92835631e-07 7.22540165e-07 8.44703948e-07
 1.29000534e-06 1.77562299e-06 1.06574180e-06 1.53070653e-06
 1.01796263e-06 8.24752306e-07 3.16345762e-07 7.18623369e-07
 4.83373412e-07 1.54813654e-06 3.88998359e-07 1.24952999e-06
 9.69785901e-07 2.69127327e-06 3.80600369e-07 6.24297229e-07
 7.47638694e-07 2.79978707e-07 3.67583681e-07 3.70164571e-07
 1.94120446e-07 3.24267802e-07 5.14168903e-07 4.23040689e-07
 3.03405926e-07 4.07838201e-07 4.45211953e-07 3.89857092e-07
 3.03851351e-07 1.15116315e-07 1.45538010e-07 1.67272276e-07
 1.55084948e-07 1.51306054e-07 1.60097727e-07 1.33058450e-07
 9.23927033e-08 6.37986375e-08 7.37561194e-08 2.89549664e-08]
[6.01124782e-07 1.50225753e-06 1.14388979e-06 1.13444537e-06
 2.46231963e-07 4.51607633e-07 3.81154194e-07 2.80451701e-07
 3.29717523e-07 1.58596620e-07 2.00984161e-07 3.33846316e-07
 2.10222126e-07 1.84397834e-07 7.91722954e-08 1.10749717e-07
 2.04999139e-07 1.40086030e-07 1.92105972e-07 8.99629526e-08
 6.08261317e-08 7.93129118e-08 8.60235119e-08 9.53224841e-08
 9.14596612e-08 1.08195216e-07 9.18841749e-08 6.25147791e-08
 7.10981638e-08 9.03797854e-08 1.24444696e-07 1.68207166e-07
 3.39626553e-07 1.02277191e-07 1.70848253e-07 2.07439598e-07
 2.91490437e-07 1.81911176e-07 3.07781534e-07 2.50683826e-07
 1.92353752e-07 3.99057939e-07 6.38055553e-07 8.00145983e-07
 5.84032875e-07 5.76099353e-07 5.44420118e-07 3.49796210e-07
 3.58427570e-07 3.07935181e-07 5.98306940e-07 5.15221188e-07
 2.97641350e-07 1.28726185e-06 1.01375520e-06 1.33767253e-06
 3.32619464e-07 2.21298833e-07 5.50571997e-07 4.55198830e-07
 3.50256272e-07 2.01886692e-07 4.82563735e-07 2.57429122e-07
 1.19390492e-07 2.71932180e-07 2.34294262e-07 1.95291136e-07
 4.98158897e-07 2.38571175e-07 1.61203207e-06 9.81852622e-07
 4.34775728e-07 4.12263489e-07 3.32910446e-07 4.59015070e-07
 5.91286209e-07 4.13748609e-07 9.94775519e-07 1.78742323e-06
 7.62320667e-07 3.85040806e-07 3.78141607e-07 4.70831225e-07
 5.25390362e-07 7.30238298e-07 4.96202290e-07 3.37503621e-07
 2.91099269e-07 3.06159876e-07 3.92791890e-07 6.67017105e-07
 4.29031957e-07 2.70897488e-07 5.22797677e-07 3.94077802e-07
 2.84192936e-07 3.74223788e-07 2.69525572e-07 3.00566370e-07
 4.65237576e-07 2.89724284e-07 5.44850366e-07 3.33725552e-07
 3.28054938e-07 4.35430394e-07 2.98517165e-07 2.17906532e-07
 3.67132401e-07 5.28303872e-07 7.75734634e-07 6.13738109e-07
 5.64168033e-07 3.22309546e-07 7.64742765e-07 7.11526638e-07
 1.23593850e-06 1.11665815e-06 5.65545633e-07 3.40927301e-07
 3.54750000e-07 8.06604078e-07 9.93577601e-07 1.09254586e-06
 1.26839279e-06 1.07318499e-06 1.00516729e-06 7.66732626e-07
 8.62252875e-07 2.97995598e-07 1.36928850e-06 1.38428243e-06
 1.37191000e-06 9.40617440e-07 1.57426405e-06 2.64219216e-06
 1.91971662e-06 8.86316911e-07 1.25334816e-06 9.34688330e-07
 6.08291828e-07 7.08773314e-07 9.95332812e-07 7.10118172e-07
 9.57310817e-07 4.56057251e-07 1.93759615e-06 2.54754536e-06
 1.51776965e-06 1.07285052e-06 9.95630216e-07 1.63016603e-06
 6.09864003e-07 2.96005896e-06 1.69762450e-06 1.11208544e-06
 1.90917058e-06 2.04038247e-06 4.45201795e-06 1.33234255e-06
 1.76814137e-06 1.36328720e-06 6.98425254e-07 2.53873623e-06
 1.78049584e-06 2.86023146e-06 2.11743736e-06 9.69446319e-07
 1.27846852e-06 3.45820951e-07 6.07663196e-07 7.27363101e-07
 5.71432167e-07 5.19130310e-07 5.42642738e-07 5.02920386e-07
 5.38820473e-07 5.47186289e-07 3.19189922e-07 1.44827266e-06
 2.15868511e-07 2.57625771e-07 3.53444392e-07 4.58423898e-07
 4.42058678e-07 3.43337746e-07 5.56418001e-07 4.20267241e-07
 3.55227854e-07 6.96710515e-07 1.01554690e-06 3.36578040e-07
 4.51538568e-07 9.09339690e-07 6.57808869e-07 2.90595835e-07
 4.93969026e-07 1.20931270e-06 7.91746004e-07 5.15873580e-07
 3.87337565e-07 2.08674805e-07 2.13382194e-07 2.06666797e-07
 1.54285999e-07 1.56957753e-07 3.56505666e-07 9.90244686e-08
 9.61495843e-08 7.30886143e-08 1.19091681e-07 2.49009730e-07
 1.10129378e-07 8.35867695e-08 9.31078503e-08 1.35154266e-07
 1.13927399e-07 1.13586459e-07 7.93635095e-08 4.22984634e-08
 1.15119889e-07 7.44962279e-08 5.55438646e-08 3.09501864e-08]
[4.60281257e-07 2.86161139e-06 1.15890759e-06 8.09362973e-07
 5.70427744e-07 2.24377459e-07 2.38634811e-07 2.50661401e-07
 2.14759453e-07 1.58965690e-07 2.25675493e-07 8.12132157e-08
 1.02059268e-07 7.22428553e-08 9.03365276e-08 1.21694754e-07
 7.40771995e-08 6.66691022e-08 9.26323693e-08 5.40228200e-08
 5.73432999e-08 9.43206828e-08 5.01982811e-08 1.09980817e-07
 8.25197830e-08 5.12426830e-08 1.11975673e-07 9.04868145e-08
 6.09143171e-08 7.62415979e-08 8.06090839e-08 4.90921757e-08
 1.07538796e-07 1.72604629e-07 2.30317212e-07 3.20540494e-07
 1.27234529e-07 1.28200966e-07 2.10152166e-07 1.20199672e-07
 1.48545041e-07 4.13754833e-07 1.15467572e-06 3.73560169e-07
 3.64263116e-07 3.86602068e-07 3.39402249e-07 4.92066420e-07
 4.38522193e-07 3.26612138e-07 3.65687612e-07 3.91410509e-07
 3.99586042e-07 1.01255739e-06 9.35944172e-07 5.94338189e-07
 4.05697250e-07 5.22595656e-07 7.53035636e-07 2.52042440e-07
 1.43004769e-07 1.86046762e-07 2.00173233e-07 2.07226648e-07
 1.70539366e-07 2.29046066e-07 1.57434513e-07 2.17915741e-07
 2.15152951e-07 3.61239216e-07 9.62526542e-07 5.54309338e-07
 4.01946295e-07 1.92322844e-07 7.50513379e-07 4.60895450e-07
 3.94231876e-07 2.89349600e-07 3.81141916e-07 4.05466722e-07
 2.59855710e-07 2.92027858e-06 4.64316344e-07 2.69380024e-07
 4.30463956e-07 6.64540494e-07 3.84192532e-07 4.12575417e-07
 3.03184493e-07 2.33666313e-07 4.09806120e-07 2.97303643e-07
 6.33402465e-07 1.50498892e-07 3.98802371e-07 8.27920701e-07
 2.66506447e-07 1.45533690e-07 1.70772111e-07 2.43045321e-07
 2.40332128e-07 4.05908708e-07 3.03989282e-07 3.31484074e-07
 4.44057292e-07 1.40324019e-07 2.01277501e-07 2.10449173e-07
 1.99339141e-07 3.20989813e-07 7.08732784e-07 4.96747361e-07
 2.75243991e-07 6.47744400e-07 6.52569724e-07 8.18322860e-07
 3.38748805e-07 9.21958417e-07 3.20187496e-07 2.97024599e-07
 2.70217413e-07 6.90412890e-07 7.50118659e-07 1.17813534e-06
 1.00305328e-06 1.51227687e-06 6.79004472e-07 2.19910839e-06
 5.43417457e-07 8.06868229e-07 5.91492665e-07 5.07547554e-07
 5.42285022e-07 1.09424695e-06 9.81112294e-07 1.21102050e-06
 1.10634949e-06 7.58433544e-07 1.59194269e-06 5.87001125e-07
 3.29808728e-07 8.16184013e-07 8.45678414e-07 6.42178748e-07
 5.00459066e-07 5.53684060e-07 7.63478795e-07 1.47293088e-06
 9.87391445e-07 9.28554925e-07 1.25389067e-06 1.58801129e-06
 4.76944990e-07 2.87790431e-06 4.33749619e-06 9.64962624e-07
 1.50019559e-06 2.47917296e-06 2.70977102e-06 4.38215511e-06
 1.18098626e-06 7.05346747e-06 1.05402512e-06 8.09217227e-07
 1.60841410e-06 2.75350817e-06 1.42010265e-06 2.84558223e-06
 2.05521951e-06 7.53792222e-07 6.15686815e-07 5.01072861e-07
 3.62743776e-07 3.51446147e-07 4.57905031e-07 6.59569025e-07
 5.75361753e-07 4.00369345e-07 7.36306731e-07 3.42659263e-07
 1.63610778e-07 2.08857614e-07 9.12525365e-07 5.47530249e-07
 2.63186308e-07 1.85349052e-07 4.58217755e-07 2.93835342e-07
 9.05227353e-07 3.68710204e-07 2.10489247e-07 4.31546283e-07
 1.01353965e-06 1.15058867e-06 7.22795050e-07 4.56585781e-07
 3.42781505e-07 2.88052235e-07 5.12632425e-07 1.66101628e-07
 1.37997972e-07 1.37391766e-07 1.44694752e-07 1.85940280e-07
 1.62434887e-07 1.64290341e-07 1.25052026e-07 5.93455205e-08
 7.97113771e-08 6.21856060e-08 1.18342825e-07 2.29453576e-07
 1.56696984e-07 9.77142989e-08 1.28034173e-07 7.18748012e-08
 7.61110215e-08 6.34323598e-08 6.05463910e-08 1.22042081e-07
 7.26435374e-08 5.40055218e-08 3.17201589e-08 1.76665278e-08]